rev_Mean,mou_Mean,totmrc_Mean,da_Mean,ovrmou_Mean,ovrrev_Mean,vceovr_Mean,datovr_Mean,roam_Mean,change_mou,change_rev,drop_vce_Mean,drop_dat_Mean,blck_vce_Mean,blck_dat_Mean,unan_vce_Mean,unan_dat_Mean,plcd_vce_Mean,plcd_dat_Mean,recv_vce_Mean,recv_sms_Mean,comp_vce_Mean,comp_dat_Mean,custcare_Mean,ccrndmou_Mean,cc_mou_Mean,inonemin_Mean,threeway_Mean,mou_cvce_Mean,mou_cdat_Mean,mou_rvce_Mean,owylis_vce_Mean,mouowylisv_Mean,iwylis_vce_Mean,mouiwylisv_Mean,peak_vce_Mean,peak_dat_Mean,mou_peav_Mean,mou_pead_Mean,opk_vce_Mean,opk_dat_Mean,mou_opkv_Mean,mou_opkd_Mean,drop_blk_Mean,attempt_Mean,complete_Mean,callfwdv_Mean,callwait_Mean,months,Customer_ID,uniqsubs,actvsubs,new_cell,crclscod,asl_flag,totcalls,totmou,totrev,adjrev,adjmou,adjqty,avgrev,avgmou,avgqty,avg3mou,avg3qty,avg3rev,avg6mou,avg6qty,avg6rev,prizm_social_one,area,dualband,refurb_new,hnd_price,phones,models,hnd_webcap,truck,rv,ownrent,lor,dwlltype,marital,adults,infobase,income,numbcars,HHstatin,dwllsize,forgntvl,ethnic,kid0_2,kid3_5,kid6_10,kid11_15,kid16_17,creditcd,eqpdays,device_age_band,multi_line_flag,rev_per_mou,overage_intensity,roam_ratio,custcare_intensity,usage_efficiency,clv_proxy,satisfaction_proxy,prizm_social_one_missing_flag,hnd_webcap_missing_flag,ownrent_missing_flag,lor_missing_flag,dwlltype_missing_flag,adults_missing_flag,infobase_missing_flag,income_missing_flag,numbcars_missing_flag,HHstatin_missing_flag,dwllsize_missing_flag,actual_churn,p_churn,Conservative_expected_preserved_value,Conservative_expected_campaign_cost,Conservative_expected_net_value,Base_expected_preserved_value,Base_expected_campaign_cost,Base_expected_net_value,Aggressive_expected_preserved_value,Aggressive_expected_campaign_cost,Aggressive_expected_net_value
632.875,2733.75,46.4425,0.0,957.0,287.1,287.1,0.0,0.0,-2733.75,-579.635,81.0,0.0,12.66666667,0.0,115.6666667,0.0,443.0,0.0,141.0,0.0,249.6666667,0.0,8.333333333,29.33333333,23.67333333,98.33333333,2.333333333,996.5633333,0.0,314.5766667,77.66666667,244.2666667,19.33333333,273.9866667,134.6666667,0.0,525.2566667,0.0,148.0,0.0,785.8866667,0.0,93.66666667,443.0,249.6666667,0.0,0.0,14,1045848,2,2,U,AA,N,4493,23814.0,4572.59,4489.36,23792.0,4484,345.34,1830.15,344.92,3645,638,826,3114.0,519.0,631.0,,CALIFORNIA NORTH AREA,N,N,79.98999023,5.0,3.0,WC,0.0,0.0,,,M,U,1.0,M,6.0,,A,,0.0,N,U,U,U,U,U,Y,173.0,<180,1,0.23141969101380383,6.051536069979449,0.0,116.66666666200001,57.622384992359166,8860.25,0.06499892679013179,1,0,1,1,0,0,0,0,1,0,1,1,0.7057458,857.565856218338,45,812.565856218338,2411.904196947813,65,2346.904196947813,4716.612209200859,85,4631.612209200859
575.75,3328.5,36.61,3.465,1149.25,530.45,530.45,0.0,0.0,1134.5,410.25,49.0,0.0,7.0,0.0,726.3333333,0.0,1221.0,0.0,54.66666667,0.0,444.6666667,0.0,57.0,561.0,533.7266667,21.66666667,0.666666667,3004.166667,0.0,271.0633333,21.66666667,11.69666667,0.0,0.0,163.6666667,0.0,731.6666667,0.0,324.0,0.0,2543.56,0.0,56.0,1221.0,444.6666667,0.0,0.0,15,1049040,3,1,N,BA,N,4021,19086.0,2105.16,2047.11,18977.0,4009,146.22,1355.5,286.36,2950,441,439,2145.0,396.0,276.0,U,NEW YORK CITY AREA,Y,N,59.98999023,3.0,3.0,WCMB,0.0,0.0,,3.0,M,U,1.0,M,5.0,1.0,A,A,0.0,I,U,U,U,U,U,N,373.0,365-730,1,0.17292386244180807,14.103961712310557,0.0,855.0,88.50039883009838,8636.25,0.013868863461205163,0,0,1,0,0,0,0,0,0,0,0,1,0.6496677,718.1686404705048,45,673.1686404705048,2019.8494042754173,65,1954.8494042754173,3949.9275225877764,85,3864.9275225877764
545.8225,3561.75,116.905,23.76,1033.25,395.8,395.8,0.0,0.61,-239.75,-344.3925,148.0,0.0,14.33333333,0.0,342.6666667,0.0,1447.333333,0.0,689.6666667,0.0,1000.333333,0.0,19.33333333,63.66666667,55.19666667,390.3333333,38.66666667,1227.116667,0.0,975.4466667,137.0,189.0766667,55.66666667,99.92333333,901.0,0.0,1302.61,0.0,642.3333333,0.0,879.9466667,0.0,162.3333333,1447.333333,1000.333333,0.0,17.0,7,1095608,5,4,U,A,N,8506,17885.0,3173.08,3001.24,17136.0,8170,600.25,3427.2,1634.0,3642,1698,661,,,,U,GREAT LAKES AREA,Y,N,199.9899902,1.0,1.0,WCMB,1.0,0.0,O,1.0,S,B,1.0,M,2.0,2.0,,A,0.0,P,U,U,U,U,U,N,182.0,180-365,0,0.15320258227492808,3.356939909248972,0.00017121605501368325,135.33333331,30.20864255120648,3820.7574999999997,0.04221141689253484,0,0,0,0,0,0,0,0,0,1,0,1,0.66756946,699.5989382793904,45,654.5989382793904,1967.6220627111197,65,1902.6220627111197,3847.794160536647,85,3762.794160536647
587.035,4253.75,182.0875,16.0875,1473.75,313.4375,313.4375,0.0,75.2725,52.25,-114.095,28.0,0.0,6.333333333,0.0,129.6666667,0.0,734.6666667,0.0,536.0,0.0,579.6666667,0.0,0.666666667,16.33333333,15.79333333,403.0,0.0,2133.766667,0.0,939.75,104.3333333,259.4766667,0.666666667,1.28,828.0,0.0,2503.693333,0.0,212.6666667,0.0,569.8266667,0.0,34.33333333,734.6666667,579.6666667,0.0,5.666666667,14,1062477,1,1,Y,AA,N,11683,57613.0,9738.89,9577.9,57507.0,11654,736.76,4423.62,896.46,4236,852,625,4535.0,907.0,739.0,S,DALLAS AREA,Y,N,149.9899902,1.0,1.0,WCMB,0.0,0.0,,,,U,,,,,,,0.0,S,U,U,U,U,U,N,414.0,365-730,0,0.13797167871202773,1.7119546664846044,0.01769140372524825,9.333333338,23.23342664026763,8218.49,0.29597871477613363,0,0,1,1,1,1,1,1,1,1,1,0,0.58964765,664.5961573753357,45,619.5961573753357,1869.1766926181315,65,1804.1766926181315,3655.2788655643467,85,3570.2788655643467
465.64,1055.75,71.2875,0.0,279.0,279.0,279.0,0.0,0.4875,164.25,65.88,4.666666667,0.0,0.333333333,0.0,37.33333333,0.0,165.0,0.0,31.0,0.0,124.0,0.0,0.0,0.0,0.0,18.66666667,0.0,513.57,0.0,43.42,5.333333333,4.753333333,0.0,0.0,58.0,0.0,219.0733333,0.0,90.0,0.0,337.92,0.0,5.0,165.0,124.0,0.0,0.0,14,1044943,2,1,N,A,N,4373,13322.0,3548.97,3364.43,13105.0,4288,258.8,1008.08,329.85,1001,230,444,996.0,278.0,343.0,,GREAT LAKES AREA,Y,N,129.9899902,1.0,1.0,WCMB,0.0,0.0,,,,U,,,,,,,0.0,H,U,U,U,U,U,N,439.0,365-730,0,0.440634019399101,3.8595884489019543,0.00046132008516678496,0.0,14.604876361749957,6518.96,0.20577874248300893,1,0,1,1,1,1,1,1,1,1,1,0,0.735658,657.6994477539063,45,612.6994477539063,1849.7796968078612,65,1784.7796968078612,3617.3469626464844,85,3532.3469626464844
861.105,951.0,10.0,0.0,0.0,0.0,0.0,0.0,850.8625,-924.0,-851.105,0.0,0.0,0.333333333,0.0,5.666666667,0.0,14.33333333,0.0,8.666666667,0.0,8.333333333,0.0,3.333333333,6.666666667,4.506666667,6.666666667,0.0,11.63,0.0,2.856666667,0.0,0.0,0.0,0.0,5.333333333,0.0,6.35,0.0,7.0,0.0,8.136666667,0.0,0.333333333,14.33333333,8.333333333,0.0,0.0,7,1076359,1,1,U,AA,N,1071,4992.0,3801.0,3741.02,4969.0,1066,623.5,828.17,177.67,1259,249,1145,828.0,178.0,624.0,U,NEW YORK CITY AREA,Y,N,149.9899902,1.0,1.0,WCMB,0.0,0.0,,6.0,S,U,1.0,M,1.0,1.0,B,A,0.0,H,U,U,U,U,U,N,224.0,180-365,0,0.9045220588235294,0.0,0.8937631302521007,23.333333331000002,86.45454545454545,6027.735000000001,0.23076923078698222,0,0,1,0,0,0,0,0,0,0,0,1,0.39059624,645.781201725483,45,600.781201725483,1816.2597068417072,65,1751.2597068417072,3551.7966094901567,85,3466.7966094901567
471.67,1468.0,20.1875,0.0,168.5,67.3925,67.1,0.2925,0.0,1062.0,390.75,1.666666667,0.0,0.0,0.0,9.0,0.0,38.0,0.0,2.333333333,0.0,27.33333333,0.0,4.666666667,5.0,1.123333333,2.333333333,0.0,247.3566667,0.0,0.876666667,1.666666667,0.716666667,0.0,0.0,7.666666667,0.0,47.0,0.0,21.33333333,0.0,201.2333333,0.0,1.666666667,38.0,27.33333333,0.0,0.0,7,1096491,1,1,U,BA,N,1156,7471.0,1513.2,1443.22,7438.0,1144,240.54,1239.67,190.67,1114,142,341,1240.0,191.0,241.0,U,NEW YORK CITY AREA,Y,N,129.9899902,2.0,2.0,WCMB,0.0,0.0,,,,U,,,,,,,0.0,S,U,U,U,U,U,N,156.0,<180,1,0.32108236895847514,3.1807669616519174,0.0,32.666666669,69.28613569321534,3301.69,0.11302712650610412,0,0,1,1,1,1,1,1,1,1,1,0,0.69477826,629.195642068863,45,584.195642068863,1769.612883887291,65,1704.612883887291,3460.576031378747,85,3375.576031378747
563.785,4913.75,104.345,0.99,1835.0,453.33,453.0375,0.2925,0.0,1799.25,365.405,125.6666667,0.0,12.0,0.0,245.0,0.0,1339.666667,0.333333333,1298.666667,0.0,1017.333333,0.333333333,1.333333333,8.0,6.86,785.0,3.0,1912.683333,0.06,1719.58,216.3333333,281.15,92.0,179.49,1229.333333,0.0,2156.926667,0.0,811.6666667,0.333333333,1475.34,0.06,137.6666667,1340.0,1017.666667,0.0,48.66666667,14,1051688,2,2,U,EA,N,16370,37627.0,3166.66,3093.43,37610.0,16363,237.96,2893.08,1258.69,4314,1732,442,3457.0,1465.0,300.0,U,DC/MARYLAND/VIRGINIA AREA,N,N,129.9899902,2.0,2.0,WCMB,0.0,0.0,,,,U,,,,,,,0.0,Z,U,U,U,U,U,N,122.0,<180,1,0.11471285416348745,4.303289192652713,0.0,18.666666661999997,46.64435901086905,7892.99,0.1506790534092716,0,0,1,1,1,1,1,1,1,1,1,0,0.5192571,562.0788204379081,45,517.0788204379081,1580.8466320753096,65,1515.8466320753096,3091.433512408495,85,3006.433512408495
592.495,2264.75,109.99,0.2475,0.0,0.0,0.0,0.0,488.78,-750.75,-453.065,21.66666667,0.0,30.0,0.0,56.66666667,0.333333333,263.3333333,0.333333333,104.3333333,0.0,163.3333333,0.0,3.666666667,12.0,9.596666667,45.33333333,0.0,586.2533333,0.0,311.6333333,54.33333333,67.69333333,43.33333333,75.28,128.3333333,0.0,345.39,0.0,131.0,0.0,552.4966667,0.0,51.66666667,263.6666667,163.3333333,0.0,3.333333333,19,1043553,2,2,U,ZA,N,5857,21610.0,3706.24,3595.48,21609.0,5856,199.75,1200.5,325.33,2515,469,744,1984.0,440.0,428.0,C,ATLANTIC SOUTH AREA,Y,R,129.9899902,2.0,2.0,WCMB,1.0,1.0,O,2.0,M,S,6.0,M,1.0,1.0,,K,0.0,H,U,U,U,U,U,Y,245.0,180-365,1,0.26150060686306964,0.0,0.2157254772150502,69.666666673,20.404991440670333,11257.405,0.21428571427040818,0,0,0,0,0,0,0,0,0,1,0,0,0.47036326,535.080773513794,45,490.08077351379404,1504.9146755075456,65,1439.9146755075456,2942.944254325867,85,2857.944254325867
423.5,4487.0,159.99,17.82,1602.25,240.3375,240.3375,0.0,15.3525,565.0,73.92,106.0,0.0,4.0,0.0,137.6666667,0.0,1104.333333,0.0,753.0,0.0,917.3333333,0.0,0.0,0.0,0.0,307.3333333,1.333333333,1031.69,0.0,1297.74,154.3333333,112.9866667,66.0,96.10666667,1311.666667,0.0,2000.403333,0.0,260.6666667,0.0,329.03,0.0,110.0,1104.333333,917.3333333,0.0,105.0,11,1090971,2,2,Y,AA,N,12820,31423.0,3125.95,2938.27,31390.0,12800,293.83,3139.0,1280.0,4299,1881,399,3327.0,1428.0,314.0,S,SOUTHWEST AREA,Y,N,199.9899902,2.0,2.0,WCMB,0.0,0.0,,,,U,,M,,,,,0.0,F,Y,U,U,U,U,N,55.0,<180,1,0.09436274509803921,1.492872228088701,0.0034207887700534755,0.0,27.871296353810795,4658.5,0.4011437043312507,0,0,1,1,1,1,0,1,1,1,1,0,0.65391,531.7072516441345,45,486.70725164413454,1495.4267209768295,65,1430.4267209768295,2924.38988404274,85,2839.38988404274
457.21,3100.75,72.49,0.2475,1012.75,386.485,385.9,0.585,0.4875,897.25,213.48,0.0,0.0,0.0,0.0,0.0,0.0,0.0,0.0,0.0,0.0,0.0,0.0,0.0,0.0,0.0,0.0,0.0,0.0,0.0,0.0,0.0,0.0,0.0,0.0,0.0,0.0,0.0,0.0,0.0,0.0,0.0,0.0,0.0,0.0,0.0,0.0,0.0,7,1096451,2,2,U,C2,N,3346,12061.0,1531.16,1487.14,11793.0,3245,247.86,1965.5,540.83,2802,666,386,1966.0,541.0,248.0,C,DC/MARYLAND/VIRGINIA AREA,Y,N,129.9899902,2.0,2.0,WCMB,0.0,0.0,,,,U,,,,,,,0.0,U,U,U,U,U,U,N,172.0,<180,1,0.1474038849036834,5.2590148319499255,0.00015716933988877245,0.0,42.19281534902708,3200.47,0.15976955269308113,0,0,1,1,1,1,1,1,1,1,1,0,0.5922715,519.9214973449707,45,474.9214973449707,1462.2793202900887,65,1397.2793202900887,2859.5682353973393,85,2774.5682353973393
492.2,2201.0,59.99,11.88,526.0,210.4,210.4,0.0,0.78,0.0,0.0,7.666666667,0.0,1.333333333,0.0,28.33333333,0.0,145.3333333,0.0,61.0,0.0,112.3333333,0.0,0.333333333,3.333333333,3.026666667,30.0,0.0,256.4666667,0.0,150.2566667,18.0,21.85666667,0.333333333,0.16,114.3333333,0.0,303.2933333,0.0,40.33333333,0.0,103.43,0.0,9.0,145.3333333,112.3333333,0.0,0.0,33,1099879,1,1,N,AA,N,855,2124.0,427.38,286.37,1618.0,654,40.91,231.14,93.43,143,47,30,185.0,73.0,36.0,U,LOS ANGELES AREA,Y,N,79.98999023,4.0,2.0,WCMB,0.0,0.0,,,,U,1.0,M,,,C,,0.0,G,U,U,U,U,U,N,35.0,<180,1,0.22352406902815622,3.449745859977045,0.00035422343324250684,10.999999989,36.08788325955074,16242.6,0.20907034143785275,0,0,1,1,1,0,0,1,1,0,1,1,0.54585993,515.8507372283935,45,470.85073722839354,1450.8302571296692,65,1385.8302571296692,2837.1790547561645,85,2752.1790547561645
553.1025,3410.25,199.99,4.95,1368.75,342.1875,342.1875,0.0,5.975,309.75,75.7175,33.33333333,0.0,4.333333333,0.0,2.0,0.0,876.0,0.0,535.0,0.0,849.0,0.0,0.0,0.0,0.0,305.6666667,1.0,1283.78,0.0,987.68,113.0,115.5933333,32.66666667,36.74666667,366.6666667,0.0,595.18,0.0,1003.333333,0.0,1676.296667,0.0,37.66666667,876.0,849.0,0.0,84.66666667,21,1027083,1,1,N,AA,N,19741,44391.0,6278.79,6214.69,44309.0,19691,310.73,2215.45,984.55,3307,1418,528,2925.0,1255.0,438.0,C,NEW YORK CITY AREA,Y,N,149.9899902,2.0,2.0,WCMB,0.0,0.0,,,,U,,,,,,,0.0,N,U,U,U,U,U,N,200.0,180-365,1,0.16214071088310736,1.7025100751281157,0.001751557347013558,0.0,16.96726205283845,11615.1525,0.3700263725945939,0,0,1,1,1,1,1,1,1,1,1,1,0.4857306,515.8248802585603,45,470.82488025856026,1450.7576075971126,65,1385.7576075971126,2837.036841422081,85,2752.036841422081
452.035,3297.75,85.0,6.1875,469.5,117.445,117.25,0.195,232.3775,-600.75,-71.345,27.0,0.0,43.33333333,0.0,199.0,0.0,920.6666667,0.666666667,306.3333333,0.0,660.3333333,0.666666667,0.0,0.0,0.0,121.0,0.0,1383.303333,0.446666667,747.9633333,191.0,229.83,32.66666667,50.29,576.3333333,0.0,1162.42,0.0,381.0,0.666666667,968.8466667,0.446666667,70.33333333,921.3333333,661.0,0.0,53.0,19,1037382,3,2,U,AA,N,10246,28148.0,3717.38,3549.31,28027.0,10202,197.18,1557.06,566.78,3498,1220,476,2864.0,1042.0,360.0,R,SOUTHWEST AREA,Y,N,149.9899902,2.0,1.0,WCMB,0.0,0.0,O,3.0,S,M,4.0,M,7.0,1.0,I,A,0.0,H,U,Y,Y,U,U,Y,263.0,180-365,1,0.13703220917014022,1.365639534883721,0.07044410761652141,0.0,38.34593023255814,8588.665,0.42271867089385334,0,0,0,0,0,0,0,0,0,0,0,1,0.57741827,501.14550645923623,45,456.14550645923623,1409.4717638599873,65,1344.4717638599873,2756.300285525799,85,2671.300285525799
476.615,2541.75,96.4425,1.98,769.25,278.575,278.575,0.0,30.6425,991.25,281.045,3.666666667,0.0,8.333333333,0.0,71.33333333,0.0,414.6666667,0.0,116.0,0.0,333.3333333,0.0,13.0,59.66666667,52.24333333,27.0,0.0,1226.96,0.0,662.4866667,73.0,92.34,2.666666667,5.896666667,377.0,0.0,1396.29,0.0,70.33333333,0.0,493.16,0.0,12.0,414.6666667,333.3333333,0.0,8.333333333,23,1028549,1,1,U,DA,N,4699,17993.0,3211.67,3179.67,17978.0,4691,144.53,817.18,213.23,2211,419,383,1675.0,356.0,296.0,C,NORTH FLORIDA AREA,Y,N,29.98999023,1.0,1.0,WC,0.0,0.0,,,,U,,,,,,,0.0,N,U,U,U,U,U,N,687.0,365-730,0,0.18744076295349524,2.8588654847730712,0.012050929112181693,299.0,26.084614003130053,10962.145,0.05931597241244971,0,0,1,1,1,1,1,1,1,1,1,0,0.53653383,490.98254848432543,45,445.98254848432543,1380.888460224867,65,1315.888460224867,2700.40401666379,85,2615.40401666379
410.985,1537.5,59.99,0.2475,773.75,309.5,309.5,0.0,0.0,-1321.5,-360.995,7.666666667,0.0,11.0,0.0,78.0,0.0,377.6666667,0.0,289.0,0.0,285.3333333,0.0,0.333333333,0.333333333,0.026666667,122.0,0.666666667,317.62,0.0,539.5733333,63.0,46.74,55.33333333,84.64666667,423.0,0.0,611.5866667,0.0,146.6666667,0.0,245.6066667,0.0,18.66666667,377.6666667,285.3333333,0.0,5.666666667,17,1048356,2,2,U,BA,N,7872,18026.0,3241.81,3161.83,18020.0,7868,197.61,1126.25,491.75,1978,883,531,1676.0,744.0,372.0,C,OHIO AREA,N,N,129.9899902,5.0,4.0,WCMB,0.0,0.0,,,,U,,,,,,,0.0,H,U,U,U,U,U,N,144.0,<180,1,0.2671335716607085,5.074602393835055,0.0,5.666666661,25.209050664043286,6986.745,0.15605649660501672,0,0,1,1,1,1,1,1,1,1,1,1,0.61970574,489.0043276920319,45,444.0043276920319,1375.3248186135293,65,1310.3248186135293,2689.5238023061756,85,2604.5238023061756
387.7775,2189.75,59.99,0.2475,1083.25,324.975,324.975,0.0,1.645,-2154.75,-337.7875,20.66666667,0.0,0.666666667,0.0,84.66666667,0.0,631.3333333,0.0,250.3333333,0.0,529.3333333,0.0,0.0,0.0,0.0,159.6666667,0.333333333,1369.86,0.0,679.91,94.0,151.31,8.333333333,11.91,380.6666667,0.0,1135.38,0.0,353.0,0.0,914.39,0.0,21.33333333,631.3333333,529.3333333,0.0,0.0,18,1034760,2,1,N,A,N,9265,27807.0,4047.66,3996.05,27793.0,9259,235.06,1634.88,544.65,2908,830,500,2379.0,660.0,315.0,U,NEW YORK CITY AREA,Y,N,199.9899902,5.0,4.0,WCMB,0.0,0.0,O,1.0,M,S,2.0,M,5.0,,C,O,0.0,O,U,U,U,U,U,Y,105.0,<180,1,0.17700673285404542,5.328332513526808,0.0007508844003195253,0.0,35.903426791277255,6979.995,0.15801950954102054,0,0,0,0,0,0,0,0,1,0,0,1,0.6525881,485.8732891523838,45,440.8732891523838,1366.5186372977494,65,1301.5186372977494,2672.303090338111,85,2587.303090338111
412.4625,2309.25,63.575,0.7425,910.5,318.675,318.675,0.0,1.56,-552.25,-60.6125,34.66666667,0.0,9.0,0.0,46.33333333,0.0,656.0,0.0,368.0,0.0,579.0,0.0,11.66666667,20.0,11.50666667,219.0,0.666666667,882.7566667,0.0,559.3533333,232.6666667,324.7833333,97.0,190.34,383.6666667,0.0,623.0066667,0.0,517.0,0.0,819.11,0.0,43.66666667,656.0,579.0,0.0,0.0,13,1047969,2,2,Y,AA,N,7769,17492.0,2335.53,2291.9,17472.0,7758,190.99,1456.0,646.5,2493,1039,433,2014.0,841.0,300.0,U,NEW YORK CITY AREA,Y,R,129.9899902,4.0,2.0,WCMB,0.0,0.0,,,,U,,,,,,,0.0,S,U,U,U,U,U,N,7.0,<180,1,0.17853587274104532,4.934959349593496,0.000675251596147603,151.66666671,35.76074332171893,5362.0125,0.05681293301464513,0,0,1,1,1,1,1,1,1,1,1,0,0.6121634,484.7893721652031,45,439.7893721652031,1363.4701337993145,65,1298.4701337993145,2666.341546908617,85,2581.341546908617
376.3925,1544.0,52.67,1.485,364.0,318.9,318.9,0.0,0.0,447.0,895.5675,8.0,0.0,73.33333333,0.0,56.0,0.0,390.3333333,0.333333333,188.3333333,0.0,256.3333333,0.333333333,7.666666667,14.0,9.136666667,111.6666667,4.0,635.4333333,0.306666667,351.1466667,78.0,50.96,78.33333333,101.41,165.3333333,0.0,280.3233333,0.0,270.6666667,0.333333333,706.2566667,0.306666667,81.33333333,390.6666667,256.6666667,0.0,10.33333333,11,1059444,2,2,U,BA,N,4414,11956.0,738.77,658.79,11923.0,4392,65.88,1192.3,439.2,1395,489,78,1328.0,477.0,70.0,U,DC/MARYLAND/VIRGINIA AREA,Y,N,199.9899902,2.0,1.0,WCMB,0.0,0.0,,,,S,1.0,M,4.0,1.0,C,,0.0,N,U,U,U,U,U,Y,234.0,180-365,1,0.2436197411003236,5.941866964784795,0.0,84.333333337,28.768399478293272,4140.3175,0.06845314014434897,0,0,1,1,1,0,0,0,0,0,1,1,0.65365744,472.3809942462444,45,427.3809942462444,1328.571557534933,65,1263.571557534933,2598.0954683543446,85,2513.0954683543446
558.9325,3450.75,78.3225,0.0,1723.25,482.51,482.51,0.0,0.0,628.25,180.4275,57.33333333,0.0,31.33333333,0.0,155.0,0.0,1320.333333,0.0,688.3333333,0.0,1091.333333,0.0,1.333333333,4.333333333,3.776666667,450.0,0.666666667,861.4466667,0.0,1044.876667,242.6666667,92.60666667,119.0,92.13,689.0,0.0,634.45,0.0,1076.0,0.0,1271.88,0.0,88.66666667,1320.333333,1091.333333,0.0,51.33333333,15,1042739,1,1,Y,ZA,N,19617,27207.0,2627.79,2542.97,27058.0,19495,181.64,1932.71,1392.5,3241,2133,499,2364.0,1568.0,304.0,S,CENTRAL/SOUTH TEXAS AREA,N,N,129.9899902,2.0,2.0,WCMB,0.0,0.0,O,15.0,S,M,6.0,M,6.0,3.0,,A,0.0,Z,U,U,U,U,Y,Y,331.0,180-365,1,0.16192728326211342,6.0828894702007625,0.0,19.999999995,43.50278924643071,8383.9875,0.11881814721203571,0,0,0,0,0,0,0,0,0,1,0,0,0.42876154,460.1256201338768,45,415.1256201338768,1294.1033399415016,65,1229.1033399415016,2530.6909107363226,85,2445.6909107363226
443.7125,1748.5,39.99,2.475,1067.5,373.635,373.5375,0.0975,0.0,1522.5,451.5275,32.66666667,0.0,3.666666667,0.0,70.66666667,0.0,310.3333333,0.333333333,137.3333333,0.0,214.6666667,0.333333333,0.333333333,0.333333333,0.306666667,63.66666667,0.0,644.62,0.023333333,348.8433333,79.0,156.4566667,56.0,206.8033333,208.0,0.333333333,549.0666667,0.023333333,99.66666667,0.0,444.4033333,0.0,36.33333333,310.6666667,215.0,0.0,4.666666667,17,1050726,3,2,U,AA,N,1733,5858.0,1515.58,1456.15,5843.0,1725,97.08,389.53,115.0,1241,317,293,710.0,197.0,167.0,S,DC/MARYLAND/VIRGINIA AREA,Y,N,79.98999023,2.0,2.0,WCMB,0.0,0.0,O,15.0,S,M,3.0,M,3.0,2.0,I,A,0.0,N,U,U,U,U,U,Y,65.0,<180,1,0.2536224635610174,9.115272017565259,0.0,5.666666661,42.656745547694555,7543.112499999999,0.09570655283156053,0,0,0,0,0,0,0,0,0,0,0,1,0.53924865,459.401053750515,45,414.401053750515,1292.0654901206492,65,1227.0654901206492,2526.7057956278327,85,2441.7057956278327
411.8975,1272.5,75.0,6.6825,0.0,0.0,0.0,0.0,330.215,518.5,202.4825,4.666666667,0.0,2.333333333,0.0,17.66666667,0.0,185.6666667,0.0,71.33333333,0.0,162.3333333,0.0,0.333333333,9.0,8.683333333,34.66666667,0.0,287.0733333,0.0,127.81,35.66666667,45.67,3.666666667,4.053333333,204.3333333,0.0,377.74,0.0,23.33333333,0.0,37.14333333,0.0,7.0,185.6666667,162.3333333,0.0,2.666666667,19,1041747,1,1,N,B,N,5553,13609.0,2797.62,2619.0,13046.0,5363,145.5,724.78,297.94,1100,451,344,915.0,378.0,215.0,,HOUSTON AREA,Y,N,199.9899902,1.0,1.0,WCMB,0.0,0.0,,,,U,1.0,M,,,C,,0.0,S,U,U,U,U,U,N,577.0,365-730,0,0.32343737730663524,0.0,0.259297212406753,6.333333327,16.74342105263158,7826.0525,0.7500000001874999,1,0,1,1,1,0,0,1,1,0,1,0,0.5807768,459.30340712976454,45,414.30340712976454,1291.790857103467,65,1226.790857103467,2526.168739213705,85,2441.168739213705
529.6275,5863.25,202.005,55.1925,1565.25,215.235,215.1375,0.0975,0.0975,105.75,-63.5975,7.666666667,0.0,64.0,0.0,157.0,0.0,1413.333333,0.333333333,588.6666667,0.0,1186.333333,0.333333333,5.333333333,25.0,21.69,216.3333333,0.666666667,2248.93,0.043333333,1666.583333,343.0,549.39,141.6666667,434.37,1355.666667,0.333333333,3089.563333,0.043333333,417.6666667,0.0,825.9366667,0.0,71.66666667,1413.666667,1186.666667,0.0,126.6666667,52,1000318,1,1,N,A,N,77444,174467.38,12719.22,12625.72,174383.38,77419,247.56,3419.28,1518.02,5828,2041,551,5589.0,2176.0,485.0,U,CENTRAL/SOUTH TEXAS AREA,Y,N,149.9899902,8.0,4.0,WCMB,1.0,1.0,O,0.0,M,B,1.0,M,2.0,2.0,B,C,0.0,G,U,U,U,U,U,Y,187.0,180-365,1,0.0903146182376263,1.0602448215561193,1.6626167029031847e-05,277.333333316,28.882293539567993,27540.630000000005,0.13525250955571133,0,0,0,0,0,0,0,0,0,0,0,0,0.4422718,449.73944951462755,45,404.73944951462755,1264.8924069535733,65,1199.8924069535733,2473.566972330452,85,2388.566972330452
340.0475,2831.0,111.8675,4.7025,586.25,205.1875,162.6625,42.525,26.1,-120.0,-13.5275,3.666666667,1.666666667,3.333333333,0.0,12.66666667,0.0,127.0,22.33333333,23.66666667,0.0,107.6666667,20.66666667,7.333333333,78.33333333,75.59666667,8.666666667,1.0,1543.61,382.1533333,689.17,18.66666667,95.72,8.0,107.05,77.66666667,10.33333333,548.9666667,248.92,47.0,10.33333333,1683.83,133.2333333,8.666666667,149.3333333,128.3333333,0.0,1.0,10,1065411,2,1,U,CA,Y,922,10022.0,1367.94,1271.3,9724.0,829,158.91,1215.5,103.63,2871,162,345,1572.0,120.0,198.0,,CALIFORNIA NORTH AREA,Y,N,149.9899902,1.0,1.0,WCMB,0.0,0.0,,,,U,,M,,,,,0.0,Z,U,U,U,U,U,N,290.0,180-365,0,0.12007326977401131,1.8179502514009789,0.009216101694915255,73.33333333,25.082508250825082,3400.4750000000004,0.09850970980031087,1,0,1,1,1,1,0,1,1,1,1,1,0.6690983,436.8484229686261,45,391.8484229686261,1228.6361794650554,65,1163.6361794650554,2402.6663263274436,85,2317.6663263274436
321.9,1282.75,10.0,0.0,787.25,307.9,307.9,0.0,0.0,2031.25,749.7,7.0,0.0,1.0,0.0,35.33333333,0.0,224.3333333,0.0,63.0,0.0,182.6666667,0.0,0.0,0.0,0.0,37.0,0.0,645.9266667,0.0,176.6933333,56.66666667,84.20666667,2.333333333,4.423333333,152.6666667,0.0,686.03,0.0,76.66666667,0.0,136.59,0.0,8.0,224.3333333,182.6666667,0.0,1.333333333,10,1085732,2,2,U,A,N,1801,4469.0,579.95,539.78,4469.0,1801,59.98,496.56,200.11,606,215,72,524.0,202.0,54.0,U,CALIFORNIA NORTH AREA,Y,R,99.98999023,2.0,2.0,WCMB,0.0,0.0,,,M,U,2.0,M,6.0,,C,,0.0,H,U,U,U,U,U,Y,233.0,180-365,1,0.25074975657254134,27.99090909090909,0.0,0.0,116.61363636363636,3219.0,0.03449357165255566,0,0,1,1,0,0,0,0,1,0,1,1,0.69774586,431.24044532775883,45,386.24044532775883,1212.8637524843216,65,1147.8637524843216,2371.8224493026737,85,2286.8224493026737
376.8825,2080.0,62.8925,0.0,910.75,318.7625,318.7625,0.0,0.5775,2214.0,514.1175,9.666666667,0.0,19.0,0.0,60.33333333,0.0,209.6666667,0.0,87.0,0.0,123.0,0.0,25.66666667,59.66666667,39.17333333,33.66666667,0.333333333,995.2633333,0.0,349.53,33.66666667,40.32666667,27.66666667,80.47,78.33333333,0.0,544.0933333,0.0,119.0,0.0,800.6933333,0.0,28.66666667,209.6666667,123.0,0.0,6.666666667,20,1035247,2,2,N,GA,N,6698,22188.0,2297.96,2239.56,22140.0,6687,117.87,1165.26,351.95,1342,191,206,1230.0,253.0,147.0,S,ATLANTIC SOUTH AREA,Y,N,129.9899902,3.0,3.0,WCMB,0.0,0.0,,,,U,,,,,,,0.0,H,U,U,U,U,U,N,220.0,180-365,1,0.18110643921191735,4.9890440975075325,0.0002775108121095627,513.3333334,32.55468169190437,7537.65,0.03158987670011292,0,0,1,1,1,1,1,1,1,1,1,0,0.5945024,430.1904898266792,45,385.1904898266792,1209.9107301735878,65,1144.9107301735878,2366.0476940467356,85,2281.0476940467356
395.4475,2765.75,135.795,2.2275,738.0,232.2,232.2,0.0,37.435,-565.75,-136.8475,42.33333333,0.0,6.0,0.0,186.6666667,0.0,1021.666667,0.0,425.3333333,0.0,800.0,0.0,0.666666667,3.333333333,2.96,210.3333333,1.333333333,1144.913333,0.0,713.9,143.6666667,110.26,3.333333333,6.076666667,911.0,0.0,1489.103333,0.0,219.0,0.0,369.71,0.0,48.33333333,1021.666667,800.0,0.0,39.0,22,1021237,1,1,Y,AA,N,9245,19722.0,3180.9,3090.9,19546.0,9142,154.55,977.3,457.1,2954,1246,441,2609.0,1085.0,388.0,,NEW ENGLAND AREA,Y,R,29.98999023,3.0,3.0,WCMB,0.0,0.0,,,,U,,M,,,,,0.0,G,U,U,U,U,U,N,68.0,<180,1,0.14292852624920935,1.6974304616396798,0.013530315351947231,14.666666674,20.21820972988779,8699.845,0.2972565778457069,1,0,1,1,1,1,0,1,1,1,1,0,0.55715394,423.0242398285866,45,378.0242398285866,1189.7557923704385,65,1124.7557923704385,2326.6333190572263,85,2241.6333190572263
441.6325,3250.75,50.235,2.7225,1254.75,376.425,362.475,13.95,16.88,132.25,41.1875,28.0,0.666666667,19.66666667,0.333333333,119.3333333,1.0,500.6666667,28.0,240.3333333,0.0,345.6666667,26.0,5.333333333,14.33333333,9.93,100.6666667,0.0,1385.656667,31.49666667,1076.903333,35.66666667,22.60666667,19.0,16.64666667,284.0,22.33333333,674.01,25.57666667,290.0,3.666666667,1788.56,5.92,48.66666667,528.6666667,371.6666667,0.0,27.66666667,11,1082197,1,1,U,BA,N,5171,17704.0,1998.17,1917.29,17680.0,5156,191.73,1768.0,515.6,3207,643,428,2389.0,604.0,280.0,C,SOUTHWEST AREA,Y,N,79.98999023,1.0,1.0,WCMB,0.0,0.0,,,M,U,1.0,M,9.0,,,,0.0,H,U,U,U,U,U,N,311.0,180-365,0,0.13581379257322979,7.3470283985556755,0.00519105097255324,58.666666662999994,63.44783839172441,4857.9574999999995,0.07309748233435667,0,0,1,1,0,0,0,0,1,1,1,1,0.49875796,422.91403021144873,45,377.91403021144873,1189.445762616396,65,1124.445762616396,2326.027166162968,85,2241.027166162968
371.1425,2510.75,56.4425,0.0,788.0,315.2,315.2,0.0,0.0,1667.25,228.6575,78.33333333,0.0,21.33333333,0.0,336.3333333,0.0,1341.666667,0.0,262.0,0.0,916.6666667,0.0,0.333333333,1.333333333,1.256666667,182.0,2.0,651.67,0.0,257.5533333,182.3333333,159.8866667,55.33333333,41.84333333,620.6666667,0.0,487.33,0.0,512.3333333,0.0,421.8966667,0.0,99.66666667,1341.666667,916.6666667,0.0,13.0,25,1028347,3,2,Y,E4,N,14286,20268.0,2864.21,2808.18,20222.0,14253,117.01,842.58,593.88,1955,1151,295,1429.0,928.0,203.0,C,SOUTHWEST AREA,N,N,129.9899902,3.0,3.0,WCMB,0.0,0.0,,,,U,,,,,,,0.0,H,U,U,U,U,U,N,58.0,<180,1,0.14776251617398228,5.487226356791574,0.0,8.333333325,43.708926317621966,9278.5625,0.14661553383906512,0,0,1,1,1,1,1,1,1,1,1,0,0.57365525,408.78307226705556,45,363.78307226705556,1149.7024128729104,65,1084.7024128729104,2248.3068974688053,85,2163.3068974688053
410.5775,5709.0,273.7,19.5525,755.5,113.325,113.325,0.0,0.0,-672.0,-71.8375,6.0,0.0,12.66666667,0.0,176.6666667,0.0,1069.666667,0.0,897.0,0.0,875.3333333,0.0,8.0,26.66666667,21.25666667,307.3333333,0.333333333,1962.583333,0.0,2692.41,37.0,38.40666667,55.33333333,100.3166667,1240.0,0.0,2959.223333,0.0,531.3333333,0.0,1695.773333,0.0,18.66666667,1069.666667,875.3333333,0.0,112.0,16,1063586,1,1,N,ZF,Y,14807,44051.0,3474.66,3415.68,44030.0,14797,227.71,2935.33,986.47,5933,1770,434,4922.0,1551.0,366.0,S,SOUTH FLORIDA AREA,Y,N,149.9899902,2.0,2.0,WCMB,0.0,0.0,,,,U,,,,,,,0.0,U,U,U,U,U,U,N,432.0,365-730,1,0.07190499124343257,0.4125409537677467,0.0,128.0,20.782672005824537,6569.24,0.10624123761179598,0,0,1,1,1,1,1,1,1,1,1,0,0.5100829,402.10287053728104,45,357.10287053728104,1130.914347858429,65,1065.914347858429,2211.565787955046,85,2126.565787955046
269.9625,1777.25,64.99,2.7225,487.5,195.0,195.0,0.0,0.0,98.75,28.7875,34.66666667,0.0,5.666666667,0.0,134.3333333,0.0,734.6666667,0.0,160.3333333,0.0,567.0,0.0,3.0,6.0,3.593333333,59.66666667,2.0,618.6833333,0.0,390.4233333,86.0,98.52666667,8.666666667,16.12,490.0,0.0,640.2233333,0.0,216.3333333,0.0,368.8833333,0.0,40.33333333,734.6666667,567.0,0.0,11.0,13,1084146,3,3,U,BA,N,4915,12753.0,2015.7,1950.09,12729.0,4900,177.28,1157.18,445.45,1744,741,260,1478.0,599.0,217.0,T,NORTHWEST/ROCKY MOUNTAIN AREA,U,N,,2.0,2.0,UNKW,1.0,1.0,O,2.0,S,U,5.0,M,7.0,1.0,,B,0.0,N,U,U,U,U,U,Y,60.0,<180,1,0.1518135807676086,2.954993180784968,0.0,39.0,26.932110925897867,3509.5125,0.14378159316716055,0,0,0,0,0,0,0,0,0,1,0,1,0.76868784,398.4324483954906,45,353.4324483954906,1120.5913013398647,65,1055.5913013398647,2191.3784661751984,85,2106.3784661751984
325.0225,1710.0,59.02,0.99,887.0,266.1,266.1,0.0,5.715,-1555.0,-271.3925,5.0,0.0,6.666666667,0.0,56.0,0.0,593.0,0.0,230.6666667,0.0,527.0,0.0,1.333333333,2.0,0.91,93.33333333,0.0,904.3433333,0.0,577.55,76.33333333,161.3966667,23.66666667,95.05,605.0,0.0,1091.516667,0.0,151.0,0.0,390.3766667,0.0,11.66666667,593.0,527.0,0.0,3.666666667,22,1024592,3,2,Y,BA,N,8067,20067.0,3156.21,3047.44,19627.0,7879,145.12,934.62,375.19,2228,834,415,1604.0,573.0,281.0,C,CENTRAL/SOUTH TEXAS AREA,Y,R,99.98999023,3.0,2.0,WCMB,0.0,0.0,O,2.0,S,U,3.0,M,4.0,1.0,,A,0.0,H,U,U,U,U,U,Y,157.0,<180,1,0.18996054938632378,4.43352215928024,0.0033401519579193454,29.333333325999998,28.49050316561146,7150.495,0.14777912741609742,0,0,0,0,0,0,0,0,0,1,0,0,0.6327662,394.8734363064766,45,349.8734363064766,1110.5815977305174,65,1045.5815977305174,2171.803899685621,85,2086.803899685621
276.24,840.5,39.99,3.465,692.0,242.2,242.2,0.0,1.56,-840.5,-246.25,0.0,0.0,0.0,0.0,0.0,0.0,0.0,0.0,0.0,0.0,0.0,0.0,0.0,0.0,0.0,0.0,0.0,0.0,0.0,0.0,0.0,0.0,0.0,0.0,0.0,0.0,0.0,0.0,0.0,0.0,0.0,0.0,0.0,0.0,0.0,0.0,0.0,12,1061839,1,1,U,BA,N,3629,9310.0,2445.65,2385.67,9292.0,3617,216.88,844.73,328.82,1121,392,358,1206.0,415.0,347.0,C,HOUSTON AREA,Y,N,59.98999023,1.0,1.0,WCMB,0.0,0.0,O,8.0,S,A,4.0,M,4.0,2.0,I,A,0.0,N,U,U,U,U,U,Y,372.0,365-730,0,0.328270944741533,5.90875823371554,0.0018538324420677363,0.0,20.50500121980971,3314.88,0.1447438115752675,0,0,0,0,0,0,0,0,0,0,0,1,0.74071497,392.86099690246584,45,347.86099690246584,1104.9216031837464,65,1039.9216031837464,2160.7354829635624,85,2075.7354829635624
449.755,2939.0,73.9425,3.7125,964.0,385.6,385.6,0.0,0.0,-368.0,-82.965,27.66666667,0.0,35.0,0.0,181.3333333,0.0,773.6666667,0.0,484.0,0.0,543.3333333,0.0,1.333333333,1.666666667,1.136666667,231.3333333,1.666666667,933.2533333,0.0,1107.67,238.0,303.3266667,170.0,380.5733333,397.3333333,0.0,663.7733333,0.0,615.6666667,0.0,1377.146667,0.0,62.66666667,773.6666667,543.3333333,0.0,64.0,9,1088917,2,1,U,EA,N,6724,18998.0,2588.89,2503.01,18972.0,6710,312.88,2371.5,838.75,3062,1049,477,2659.0,962.0,362.0,C,ATLANTIC SOUTH AREA,Y,R,99.98999023,2.0,2.0,WCMB,0.0,0.0,O,5.0,S,S,1.0,M,5.0,2.0,C,A,0.0,N,U,U,U,U,U,Y,178.0,<180,1,0.15297789115646257,5.145278046502319,0.0,11.999999997,39.216732828501854,4047.795,0.133714662957463,0,0,0,0,0,0,0,0,0,0,0,0,0.44983006,388.4416019802094,45,343.4416019802094,1092.4919519543648,65,1027.4919519543648,2136.4288108911514,85,2051.4288108911514
352.08,2302.0,109.99,13.1175,688.0,172.0,172.0,0.0,0.0,1599.0,398.01,9.333333333,0.0,10.33333333,0.0,70.0,0.0,375.3333333,0.0,91.33333333,0.0,286.6666667,0.0,0.0,0.0,0.0,35.0,0.666666667,1093.623333,0.0,611.7566667,81.33333333,176.4966667,16.66666667,59.36333333,211.6666667,0.0,946.09,0.0,154.3333333,0.0,759.2933333,0.0,19.66666667,375.3333333,286.6666667,0.0,11.0,14,1051697,1,1,N,AA,N,3722,18396.0,2502.46,2372.48,18325.0,3710,182.5,1409.62,285.38,1769,292,219,1631.0,287.0,219.0,U,SOUTHWEST AREA,N,N,129.9899902,2.0,2.0,WCMB,0.0,0.0,,,,U,,,,,,,0.0,N,U,U,U,U,U,N,199.0,180-365,1,0.1528788536691272,1.5496891611856924,0.0,0.0,20.74060726191549,4929.12,0.3922046715431641,0,0,1,1,1,1,1,1,1,1,1,0,0.5693609,384.8843593597412,45,339.8843593597412,1082.4872816848754,65,1017.4872816848754,2116.8639764785767,85,2031.8639764785767
438.05,2732.5,349.5725,11.385,189.5,47.375,47.375,0.0,32.16,-158.5,3.31,42.66666667,0.0,46.0,0.0,112.3333333,0.0,729.0,0.0,477.3333333,0.0,551.0,0.0,7.666666667,46.33333333,41.78,220.6666667,1.0,1027.293333,0.0,844.4066667,29.0,67.60666667,8.0,14.60666667,772.3333333,0.0,1454.466667,0.0,206.6666667,0.0,417.23,0.0,88.66666667,729.0,551.0,0.0,10.33333333,11,1057850,1,1,U,EA,Y,5504,14450.0,2334.56,2151.33,14430.0,5501,215.13,1443.0,550.1,2785,1078,437,2019.0,782.0,303.0,C,ATLANTIC SOUTH AREA,Y,N,59.98999023,1.0,1.0,WCMB,0.0,0.0,O,7.0,S,U,2.0,M,5.0,2.0,C,A,0.0,N,U,U,U,U,U,Y,331.0,180-365,0,0.16025242363270534,0.13513609880980396,0.011765136272178525,84.333333337,7.794393456417717,4818.55,0.11361308888725087,0,0,0,0,0,0,0,0,0,0,0,0,0.45563966,383.21847018241886,45,338.21847018241886,1077.8019734978677,65,1012.8019734978677,2107.701586003304,85,2022.7015860033039
278.3566667,2132.333333,63.32666667,5.28,618.3333333,216.4166667,216.4166667,0.0,0.0,,,17.33333333,0.0,6.333333333,0.0,32.66666667,0.0,378.0,0.0,216.6666667,0.0,330.0,0.0,1.333333333,2.0,1.276666667,59.33333333,0.0,1076.136667,0.0,873.84,138.0,347.2466667,70.0,293.1833333,349.6666667,0.0,1142.103333,0.0,188.6666667,0.0,807.8733333,0.0,23.66666667,378.0,330.0,0.0,27.0,11,1090196,4,2,U,A,N,4538,19240.0,2276.97,2102.93,18921.0,4421,233.66,2102.33,491.22,2132,506,278,2103.0,492.0,225.0,R,CENTRAL/SOUTH TEXAS AREA,Y,N,199.9899902,2.0,1.0,WCMB,0.0,0.0,,2.0,S,U,2.0,M,5.0,,I,A,0.0,U,U,U,U,U,U,N,260.0,180-365,1,0.13047968753601244,3.3643382737400587,0.0,14.666666662999999,33.148512792354204,3061.9233337,0.17551029069787916,0,0,1,0,0,0,0,0,1,0,0,1,0.71343774,381.29306695608585,45,336.29306695608585,1072.3868337707427,65,1007.3868337707427,2097.1118682584724,85,2012.1118682584724
320.84,1732.75,49.99,0.495,465.5,139.65,139.65,0.0,96.3025,309.25,146.59,40.0,0.0,3.0,0.0,95.66666667,0.0,534.6666667,0.0,309.6666667,0.0,415.6666667,0.0,0.666666667,1.333333333,0.95,181.6666667,1.0,545.6933333,0.0,390.3933333,95.66666667,76.37,40.66666667,72.69666667,380.6666667,0.0,552.35,0.0,264.0,0.0,383.74,0.0,43.0,534.6666667,415.6666667,0.0,0.0,13,1050579,1,1,U,BA,N,6926,15734.0,2411.62,2328.39,15686.0,6898,194.03,1307.17,574.83,1630,738,272,1351.0,640.0,206.0,U,NEW YORK CITY AREA,Y,N,149.9899902,2.0,1.0,WCMB,0.0,0.0,O,4.0,,B,1.0,M,7.0,1.0,C,,0.0,H,Y,U,U,U,U,Y,132.0,<180,1,0.18505551550108146,2.7387723082957445,0.05554578226387887,8.666666671,33.982153363404585,4170.92,0.2269921353144764,0,0,0,0,1,0,0,0,0,0,1,0,0.6179916,380.69075819015507,45,335.69075819015507,1070.692766971588,65,1005.6927669715881,2093.799170045853,85,2008.7991700458529
441.8075,5855.0,162.24,0.0,982.75,147.4125,86.775,60.6375,20.745,-572.0,-118.3775,9.333333333,2.666666667,0.333333333,1.666666667,15.33333333,13.33333333,136.3333333,95.0,9.666666667,0.0,112.3333333,77.33333333,13.66666667,70.0,62.5,6.333333333,0.666666667,2714.196667,2060.69,91.54,5.0,5.293333333,0.0,0.0,82.0,41.66666667,1472.97,1036.053333,38.33333333,35.66666667,1332.763333,1024.63,14.0,231.3333333,189.6666667,0.0,0.333333333,8,1096084,1,1,U,CA,Y,1219,28013.0,2626.76,2439.08,28013.0,1219,348.44,4001.86,174.14,6046,258,481,4311.0,187.0,369.0,C,LOS ANGELES AREA,Y,N,149.9899902,1.0,1.0,WCMB,0.0,0.0,O,15.0,S,M,4.0,M,1.0,1.0,C,A,0.0,N,U,U,Y,U,U,Y,226.0,180-365,0,0.07544526980874317,0.9030415339377603,0.003542520491803279,109.33333336,35.86743445234011,3534.46,0.06422727946481928,0,0,0,0,0,0,0,0,0,0,0,1,0.4456104,377.99809880399704,45,332.99809880399704,1063.119731887579,65,998.1197318875791,2078.989543421984,85,1993.9895434219839
367.675,5079.75,167.0875,4.95,898.5,182.2125,166.975,15.2375,2.925,-790.75,-184.355,55.33333333,3.333333333,39.33333333,10.33333333,194.3333333,20.66666667,959.3333333,222.6666667,445.3333333,0.0,711.0,188.3333333,28.0,121.3333333,103.8633333,153.6666667,1.666666667,1088.923333,625.0166667,2138.51,344.0,241.48,133.6666667,454.2266667,636.6666667,45.33333333,1847.27,88.73333333,479.0,143.0,1380.156667,536.28,108.3333333,1182.0,899.3333333,0.333333333,44.66666667,6,1093326,1,1,U,E4,Y,5601,21468.0,2297.13,2205.26,21439.0,5585,441.05,4287.8,1117.0,5343,1334,429,,,,S,CENTRAL/SOUTH TEXAS AREA,Y,R,99.98999023,2.0,2.0,WCMB,,,,,,,,,,,,,,,,,,,,,149.0,<180,1,0.07236628450524037,1.084033613445378,0.0005757024061408256,168.0,30.220867107905107,2206.05,0.03324022346368715,0,0,1,1,1,1,1,1,1,1,1,0,0.53226775,375.74699392795566,45,330.74699392795566,1056.788442337513,65,991.7884423375131,2066.6084666037564,85,1981.6084666037564
349.7725,990.75,24.99,2.475,790.75,308.3925,308.3925,0.0,13.195,171.25,65.6375,15.66666667,0.0,0.333333333,0.0,14.66666667,0.0,149.6666667,0.0,223.6666667,0.0,127.6666667,0.0,0.0,0.0,0.0,121.6666667,1.0,213.87,0.0,424.6333333,26.66666667,22.72666667,11.0,41.92333333,297.6666667,0.0,579.48,0.0,39.0,0.0,59.02333333,0.0,16.0,149.6666667,127.6666667,0.0,3.0,12,1053417,1,1,U,A2,N,2733,9241.0,2396.94,2372.71,9119.0,2698,237.27,911.9,269.8,934,355,328,777.0,279.0,272.0,S,NEW YORK CITY AREA,Y,N,149.9899902,1.0,1.0,,0.0,0.0,O,0.0,S,M,1.0,M,9.0,3.0,C,A,0.0,S,U,U,U,U,U,Y,362.0,180-365,0,0.3526821275523065,11.865813774528664,0.013304764305520545,0.0,38.12043093497499,4197.2699999999995,0.07772535943119033,0,1,0,0,0,0,0,0,0,0,0,1,0.5594439,375.70195637845995,45,330.70195637845995,1056.661773162484,65,991.661773162484,2066.36076008153,85,1981.3607600815299
321.0075,1617.25,103.08,7.6725,423.5,169.3925,169.1,0.2925,5.8625,-1324.25,-168.2875,13.0,0.0,64.0,0.0,234.6666667,0.0,1262.333333,0.666666667,561.6666667,0.0,955.0,0.666666667,0.666666667,2.666666667,2.486666667,281.3333333,0.666666667,796.4533333,0.343333333,678.4333333,187.3333333,113.1933333,57.0,71.41666667,651.0,0.0,620.3466667,0.0,861.3333333,0.666666667,854.54,0.343333333,77.0,1263.0,955.6666667,0.0,68.66666667,21,1042702,1,1,Y,AA,N,5739,9948.0,2037.45,1955.0,9903.0,5708,97.75,495.15,285.4,2059,1207,377,1029.0,604.0,199.0,R,ATLANTIC SOUTH AREA,Y,R,99.98999023,2.0,2.0,WCMB,0.0,0.0,,,,U,,,,,,,0.0,G,U,U,U,U,U,N,296.0,180-365,1,0.19836706318553993,1.6275220983858572,0.0036227406148617333,14.000000007,15.538528055342045,6741.1575,0.3035648747599524,0,0,1,1,1,1,1,1,1,1,1,1,0.60621345,373.63020936656,45,328.63020936656,1050.834954276681,65,985.834954276681,2054.96615151608,85,1969.9661515160801
320.1775,1998.25,75.0,7.6725,947.0,236.75,236.75,0.0,0.0,429.75,100.4525,21.0,0.0,2.0,0.0,105.3333333,0.0,640.6666667,0.0,272.0,0.0,517.3333333,0.0,0.0,0.0,0.0,157.3333333,0.666666667,1017.746667,0.0,418.6866667,20.66666667,31.27666667,9.666666667,38.56333333,598.3333333,0.0,1261.303333,0.0,104.3333333,0.0,175.13,0.0,23.0,640.6666667,517.3333333,0.0,1.333333333,13,1047955,4,3,U,A,N,7936,21059.0,3156.76,2975.1,19910.0,7483,247.93,1659.17,623.58,1855,659,287,1599.0,592.0,236.0,U,LOS ANGELES AREA,N,R,39.98999023,1.0,1.0,WC,0.0,0.0,O,7.0,S,U,4.0,M,6.0,,C,A,0.0,N,U,U,U,Y,Y,Y,409.0,365-730,0,0.16014880580217583,3.1151315789473686,0.0,0.0,26.292763157894736,4162.3075,0.24300559552358114,0,0,0,0,0,0,0,0,1,0,0,1,0.6030762,370.73555767250065,45,325.73555767250065,1042.693755953908,65,977.6937559539081,2039.0455671987536,85,1954.0455671987536
380.1325,3401.5,75.0,19.305,1091.5,272.875,272.875,0.0,7.3375,482.5,145.1675,0.0,0.0,0.0,0.0,0.0,0.0,0.0,0.0,0.0,0.0,0.0,0.0,0.0,0.0,0.0,0.0,0.0,0.0,0.0,0.0,0.0,0.0,0.0,0.0,0.0,0.0,0.0,0.0,0.0,0.0,0.0,0.0,0.0,0.0,0.0,0.0,0.0,19,1041994,1,1,U,CA,N,15196,50900.0,4193.77,4105.13,50587.0,15066,228.06,2810.39,837.0,3241,926,332,2912.0,891.0,237.0,S,LOS ANGELES AREA,Y,R,79.98999023,3.0,3.0,WCMB,0.0,0.0,O,4.0,S,U,3.0,M,3.0,,C,A,0.0,N,U,U,U,U,U,N,108.0,<180,1,0.11172152828802351,3.5904605263157894,0.002156502571638501,0.0,44.75657894736842,7222.5175,0.2178430670010749,0,0,0,0,0,0,0,0,1,0,0,1,0.50736356,370.30153957223894,45,325.30153957223894,1041.4730573892593,65,976.4730573892593,2036.6584676473142,85,1951.6584676473142
333.9325,5299.5,138.99,9.405,1111.75,185.0125,183.775,1.2375,3.865,1054.5,12.3675,88.0,0.0,1.666666667,0.0,222.3333333,0.0,1232.333333,5.333333333,1475.0,0.0,971.6666667,5.333333333,20.33333333,79.0,67.12,779.3333333,12.0,1433.933333,11.17666667,1956.226667,195.6666667,326.9866667,176.0,250.7333333,956.3333333,4.0,1303.833333,10.1,1318.0,1.333333333,2046.34,1.076666667,89.66666667,1237.666667,977.0,0.0,168.6666667,14,1070494,1,1,U,EC,Y,19591,41259.0,2698.01,2593.03,41181.0,19549,199.46,3167.77,1503.77,4948,2306,330,4201.0,1993.0,300.0,R,CALIFORNIA NORTH AREA,Y,N,199.9899902,7.0,4.0,WCMB,0.0,0.0,O,8.0,S,S,3.0,M,5.0,,,A,0.0,U,U,U,U,U,U,Y,56.0,<180,1,0.06300018866144703,1.3216122580184297,0.0007291764927836997,284.66666662,37.8562754482463,4675.055,0.0441404723800737,0,0,0,0,0,0,0,0,1,1,0,0,0.57526004,368.8281940274239,45,323.8281940274239,1037.3293554139138,65,972.3293554139138,2028.5550671508313,85,1943.5550671508313
297.78,2162.5,90.2325,0.0,497.5,174.125,174.125,0.0,0.0,856.5,122.84,2.666666667,0.0,26.33333333,0.0,151.3333333,0.0,590.0,0.0,434.0,0.0,410.6666667,0.0,0.0,0.0,0.0,219.3333333,0.0,570.9766667,0.0,820.6333333,17.0,7.256666667,37.33333333,40.55,460.3333333,0.0,647.1466667,0.0,383.3333333,0.0,744.46,0.0,29.0,590.0,410.6666667,0.333333333,15.33333333,12,1065004,1,1,N,BA,N,3835,8552.0,1252.48,1144.5,8430.0,3780,163.5,1204.29,540.0,1877,815,257,1392.0,622.0,191.0,C,CENTRAL/SOUTH TEXAS AREA,T,N,199.9899902,4.0,3.0,WCMB,1.0,0.0,R,3.0,S,M,6.0,M,1.0,,,A,0.0,H,U,U,Y,U,U,Y,47.0,<180,1,0.13763808643401892,1.9085852081221055,0.0,0.0,23.703175951552353,3573.3599999999997,0.3438097660703014,0,0,0,0,0,0,0,0,1,1,0,1,0.6434339,367.8753700332641,45,322.8753700332641,1034.649584712982,65,969.649584712982,2023.3145351829528,85,1938.3145351829528
244.905,1414.25,39.99,3.2175,592.5,207.435,206.85,0.585,0.0,1137.75,332.685,30.0,0.0,3.333333333,0.0,155.3333333,0.0,597.3333333,1.0,249.6666667,0.0,420.0,1.0,0.0,0.0,0.0,152.3333333,0.333333333,433.3033333,1.29,305.3966667,59.33333333,49.00333333,2.666666667,2.826666667,207.3333333,0.333333333,278.2066667,0.023333333,404.3333333,0.666666667,460.49,1.266666667,33.33333333,598.3333333,421.0,0.0,11.33333333,12,1063853,1,1,U,AA,N,3158,6767.0,817.16,753.18,6766.0,3157,68.47,615.09,287.0,1035,517,134,760.0,362.0,85.0,T,NEW ENGLAND AREA,Y,N,149.9899902,1.0,1.0,WCMB,0.0,0.0,O,7.0,S,A,3.0,M,9.0,1.0,C,A,0.0,N,U,U,U,Y,Y,Y,360.0,180-365,0,0.17304716481187069,5.060624542571358,0.0,0.0,34.5023176384484,2938.86,0.1649994968300292,0,0,0,0,0,0,0,0,0,0,0,1,0.78202784,367.72325434684757,45,322.72325434684757,1034.2216820454598,65,969.2216820454598,2022.4778989076617,85,1937.4778989076617
245.6075,1797.25,84.99,1.7325,420.5,168.2,168.2,0.0,0.685,-414.25,-127.9775,17.66666667,0.0,2.666666667,0.0,136.3333333,0.0,576.3333333,0.0,308.3333333,0.0,427.3333333,0.0,2.333333333,3.0,1.89,144.0,0.0,856.6733333,0.0,502.4866667,24.33333333,21.59333333,2.0,5.046666667,623.0,0.0,1032.733333,0.0,68.0,0.0,326.4266667,0.0,20.33333333,576.3333333,427.3333333,0.0,18.66666667,11,1088884,2,1,U,AA,N,5950,15449.0,2038.1,1979.0,15202.0,5922,197.9,1520.2,592.2,1935,695,288,1691.0,649.0,200.0,S,NORTHWEST/ROCKY MOUNTAIN AREA,T,N,99.98999023,1.0,1.0,WCMB,0.0,0.0,O,3.0,M,M,2.0,M,6.0,,B,K,0.0,N,Y,U,Y,U,U,Y,333.0,180-365,0,0.13658139858195467,1.9560414001628097,0.0003809259001807313,25.666666663,20.900686126293756,2701.6825,0.18905826311195098,0,0,0,0,0,0,0,0,1,0,0,1,0.7793686,367.5240352549553,45,322.5240352549553,1033.661393072605,65,968.661393072605,2021.3821939022544,85,1936.3821939022544
471.04,2798.0,44.99,0.2475,1219.25,426.7375,426.7375,0.0,0.0,785.0,152.99,54.0,0.0,3.333333333,0.0,337.0,0.0,948.0,0.0,538.3333333,0.0,567.6666667,0.0,0.333333333,1.333333333,1.273333333,378.3333333,1.666666667,1613.006667,0.0,809.49,63.33333333,77.07,28.0,63.38666667,393.0,0.0,1052.213333,0.0,636.0,0.0,1370.28,0.0,57.33333333,948.0,567.6666667,0.0,17.0,7,1077817,1,1,Y,AA,N,3208,10775.0,1502.19,1436.58,10775.0,3208,239.43,1795.83,534.67,2536,714,420,1796.0,535.0,240.0,U,CALIFORNIA NORTH AREA,N,N,129.9899902,2.0,2.0,WCMB,0.0,0.0,O,1.0,,S,3.0,M,8.0,1.0,G,,0.0,J,U,U,U,U,U,Y,36.0,<180,1,0.16828867452661667,9.278919330289193,0.0,2.333333331,60.839312894107415,3297.28,0.09423070027905432,0,0,0,0,1,0,0,0,0,0,1,0,0.40389666,365.28285546875003,45,320.28285546875003,1027.3580029296875,65,962.3580029296875,2009.0557050781251,85,1924.0557050781251
300.8175,2545.25,79.99,14.355,646.25,258.5,257.9,0.6,0.0,16.75,94.8425,26.66666667,0.0,15.66666667,0.0,136.3333333,0.0,674.3333333,4.666666667,165.6666667,0.0,505.3333333,4.666666667,3.0,22.66666667,20.92666667,70.33333333,3.0,1252.556667,8.186666667,455.6833333,68.33333333,78.79333333,18.33333333,23.81333333,255.0,2.0,555.2433333,0.746666667,406.3333333,2.666666667,1152.993333,7.44,42.33333333,679.0,510.0,0.0,18.33333333,7,1083280,1,1,U,BA,N,4158,13965.0,1472.51,1406.9,13880.0,4112,234.48,2313.33,685.33,2540,740,269,2313.0,685.0,235.0,C,DALLAS AREA,Y,N,199.9899902,1.0,1.0,WCMB,0.0,0.0,O,,M,U,1.0,M,2.0,,,,0.0,N,U,U,U,U,U,Y,200.0,180-365,0,0.11814138438880707,3.1917520681565628,0.0,21.0,31.426719348067664,2105.7225,0.13904817498197303,0,0,0,1,0,0,0,0,1,1,1,0,0.625794,361.4396094431877,45,316.4396094431877,1016.5488836288451,65,951.5488836288451,1987.9178519375325,85,1902.9178519375325
286.695,2104.75,104.99,8.6625,715.5,178.875,178.875,0.0,0.0625,74.25,9.985,13.66666667,0.0,7.666666667,0.0,71.66666667,0.0,630.0,0.0,296.3333333,0.0,542.3333333,0.0,2.0,4.333333333,2.836666667,121.3333333,0.0,821.06,0.0,647.1433333,122.3333333,88.73,15.0,19.39666667,680.6666667,0.0,1202.336667,0.0,152.6666667,0.0,265.8633333,0.0,21.33333333,630.0,542.3333333,0.0,26.0,12,1054303,3,2,U,BA,N,5584,14204.0,1755.16,1626.32,13654.0,5356,162.63,1365.4,535.6,2080,827,283,1457.0,584.0,193.0,T,CENTRAL/SOUTH TEXAS AREA,Y,N,199.9899902,1.0,1.0,WCMB,0.0,0.0,,,,U,,,,,,,0.0,N,U,U,U,U,U,N,355.0,180-365,0,0.13614864062685503,1.6876592131333146,2.9680636352843406e-05,24.0,19.858005472214362,3440.34,0.213326087612837,0,0,1,1,1,1,1,1,1,1,1,0,0.64584017,355.50556217193605,45,310.50556217193605,999.8594619619846,65,934.8594619619846,1955.2805919456482,85,1870.2805919456482
268.26,1687.0,30.0,1.485,676.5,236.775,236.775,0.0,0.0,58.0,14.84,16.66666667,0.0,9.666666667,0.0,125.3333333,0.0,715.6666667,0.0,352.3333333,0.0,572.0,0.0,1.0,3.666666667,3.36,224.0,1.333333333,525.1166667,0.0,425.5033333,61.0,40.90666667,34.0,40.65333333,325.0,0.0,290.6033333,0.0,591.3333333,0.0,660.01,0.0,26.33333333,715.6666667,572.0,0.0,21.0,23,1024309,2,2,U,AA,N,7123,12770.0,1760.25,1706.07,12732.0,7094,81.24,606.29,337.81,1668,932,263,1376.0,750.0,181.0,U,OHIO AREA,N,N,129.9899902,2.0,2.0,WCMB,0.0,0.0,O,5.0,M,M,2.0,M,3.0,,C,,0.0,N,U,U,U,U,U,Y,286.0,180-365,1,0.1589218009478673,7.637903225806451,0.0,23.0,54.41935483870968,6169.98,0.1037570077817756,0,0,0,0,0,0,0,0,1,0,1,1,0.6866193,353.6495779724121,45,308.6495779724121,994.639502005577,65,929.639502005577,1945.0726788482666,85,1860.0726788482666
294.2325,1862.75,85.0,3.96,839.75,209.9375,209.9375,0.0,2.085,130.25,31.9175,19.0,0.0,2.666666667,0.0,26.33333333,0.0,274.3333333,0.0,210.3333333,0.0,236.6666667,0.0,0.0,0.0,0.0,134.0,1.0,759.3,0.0,486.7833333,79.33333333,97.41333333,2.0,7.866666667,221.3333333,0.0,811.49,0.0,113.3333333,0.0,434.5866667,0.0,21.66666667,274.3333333,236.6666667,0.0,0.666666667,18,1051677,2,1,N,A,N,4066,17670.0,2407.59,2319.62,17596.0,4045,136.45,1035.06,237.94,1819,392,283,1410.0,301.0,199.0,S,NORTHWEST/ROCKY MOUNTAIN AREA,Y,N,129.9899902,2.0,2.0,WCMB,0.0,0.0,R,,,U,3.0,M,6.0,,C,,0.0,N,U,U,U,U,U,Y,503.0,365-730,1,0.15787122736418513,2.4411337209302326,0.0011187122736418512,0.0,21.65988372093023,5296.185,0.29060190073917636,0,0,0,1,1,0,0,0,1,0,1,1,0.62113607,350.89616915059094,45,305.89616915059094,986.8954669672252,65,921.8954669672252,1929.92893032825,85,1844.92893032825
263.065,2644.25,94.99,5.6925,613.0,153.25,151.5625,1.6875,9.8825,487.75,110.655,25.33333333,0.0,12.33333333,3.333333333,86.33333333,0.666666667,605.6666667,12.66666667,173.0,0.0,489.0,8.666666667,21.66666667,39.66666667,24.34666667,44.0,0.0,1096.353333,13.39666667,921.19,101.0,108.9,14.0,55.24,428.3333333,4.666666667,1283.383333,6.153333333,223.3333333,4.0,734.1633333,7.243333333,41.0,618.3333333,497.6666667,0.0,19.33333333,9,1076298,1,1,U,BA,N,5678,20088.0,1796.69,1737.71,19986.0,5650,217.21,2498.25,706.25,2482,654,226,2551.0,697.0,222.0,T,SOUTHWEST AREA,T,R,59.98999023,7.0,3.0,WCMB,0.0,0.0,,,,U,,,,,,,0.0,I,U,U,U,U,U,N,33.0,<180,1,0.09944806729042624,1.5965204708823837,0.0037359417824402233,195.00000003000002,27.54714032711741,2367.585,0.0412147008632285,0,0,1,1,1,1,1,1,1,1,1,0,0.69276685,349.90598339748385,45,304.90598339748385,984.1106567049027,65,919.1106567049027,1924.4829086861612,85,1839.4829086861612
234.5825,1872.0,84.99,0.0,377.5,150.9925,150.7,0.2925,8.18,-166.0,-61.8325,0.0,0.0,0.0,0.0,0.0,0.0,0.0,0.0,0.0,0.0,0.0,0.0,0.0,0.0,0.0,0.0,0.0,0.0,0.0,0.0,0.0,0.0,0.0,0.0,0.0,0.0,0.0,0.0,0.0,0.0,0.0,0.0,0.0,0.0,0.0,0.0,0.0,11,1069129,1,1,U,AA,N,7228,16761.0,2012.4,1907.42,16727.0,7203,190.74,1672.7,720.3,1927,835,255,1486.0,647.0,179.0,,NORTHWEST/ROCKY MOUNTAIN AREA,Y,N,149.9899902,4.0,2.0,WCMB,0.0,0.0,O,2.0,S,U,2.0,M,4.0,,B,A,0.0,D,U,U,U,U,U,Y,313.0,180-365,1,0.1252442605445809,1.755930922200256,0.004367325146823278,0.0,21.769973252703803,2580.4075000000003,0.3628537972213138,1,0,0,0,0,0,0,0,1,0,0,0,0.77265257,348.0014617800713,45,303.0014617800713,978.754125238657,65,913.754125238657,1914.008039790392,85,1829.008039790392
322.4075,3331.25,68.1225,11.6325,978.75,244.6875,244.5,0.1875,0.0975,-3331.25,-322.4075,11.66666667,0.0,324.6666667,2.666666667,174.0,2.333333333,1467.333333,20.66666667,593.3333333,0.0,962.6666667,15.66666667,2.0,7.0,5.803333333,242.6666667,22.33333333,1185.106667,46.84666667,1121.17,69.33333333,67.14666667,14.0,18.45666667,610.6666667,6.333333333,847.1766667,17.93333333,939.6666667,9.333333333,1459.1,28.91333333,339.0,1488.0,978.3333333,0.0,58.33333333,11,1077854,1,1,Y,E2,N,10432,26019.0,1953.71,1843.38,25949.0,10396,184.34,2594.9,1039.6,4442,1954,430,3157.0,1266.0,250.0,S,CALIFORNIA NORTH AREA,Y,N,149.9899902,2.0,1.0,WCMB,0.0,0.0,O,9.0,M,M,1.0,M,5.0,,,B,0.0,H,U,U,U,U,U,Y,170.0,<180,1,0.09675369495085903,3.5399110275235994,2.9259509340535676e-05,22.0,48.193424716987955,3546.4825,0.15290727898153986,0,0,0,0,0,0,0,0,1,1,0,0,0.562168,347.99459203028687,45,302.99459203028687,978.7347804766894,65,913.7347804766894,1913.9702561665777,85,1828.9702561665777
289.1575,813.75,39.99,1.2375,640.0,255.9725,254.9,1.0725,1.9575,-698.75,-259.1675,24.33333333,0.333333333,2.0,0.0,39.0,0.0,342.3333333,2.666666667,68.33333333,0.0,280.3333333,2.333333333,0.333333333,1.666666667,1.376666667,24.33333333,0.0,544.96,2.756666667,195.4433333,26.0,41.08333333,0.333333333,0.8,281.0,1.666666667,619.4433333,0.223333333,56.0,0.666666667,120.9633333,2.533333333,26.66666667,345.0,282.6666667,0.0,6.0,11,1089801,1,1,U,AA,N,1829,4827.0,1660.52,1595.0,4810.0,1823,159.5,481.0,182.3,1047,370,376,716.0,269.0,244.0,U,NEW ENGLAND AREA,T,R,59.98999023,2.0,2.0,WCMB,0.0,0.0,,0.0,M,U,1.0,M,8.0,,B,D,0.0,U,U,U,U,U,U,N,91.0,<180,1,0.35490334458422834,6.244754818248353,0.0024025774777539123,3.666666663,19.85240302512808,3180.7325,0.1319594045412718,0,0,1,0,0,0,0,0,1,0,0,0,0.62514734,347.07081860947613,45,302.07081860947613,976.1366859567166,65,911.1366859567166,1908.8895023521186,85,1823.8895023521186
318.9875,6114.75,195.3925,0.0,849.25,127.3875,127.3875,0.0,7.4575,940.25,39.0525,75.0,0.0,44.0,0.0,232.6666667,0.333333333,1292.666667,0.666666667,620.6666667,0.0,964.6666667,0.333333333,35.33333333,169.3333333,149.86,336.3333333,6.666666667,2846.67,0.023333333,1617.883333,211.3333333,351.4033333,77.66666667,212.9766667,712.6666667,0.333333333,1777.25,0.023333333,738.3333333,0.0,2687.313333,0.0,119.0,1293.333333,965.0,0.0,45.33333333,13,1057745,1,1,U,E4,Y,12651,49071.0,3363.23,3330.0,49004.0,12630,277.5,4083.67,1052.5,5801,1503,306,5321.0,1381.0,310.0,C,ATLANTIC SOUTH AREA,T,N,199.9899902,20.0,8.0,WCMB,0.0,0.0,O,7.0,S,U,4.0,M,1.0,,,A,0.0,S,U,U,U,U,U,Y,44.0,<180,1,0.05215836160732535,0.6486372952123935,0.0012193925520173322,459.33333329000004,31.135353946815687,4146.837500000001,0.027040203188043517,0,0,0,0,0,0,0,0,1,1,0,0,0.56081873,343.47678502559666,45,298.47678502559666,966.0285719633102,65,901.0285719633102,1889.1223176407816,85,1804.1223176407816
337.0125,2704.5,75.0,5.1975,759.5,75.95,75.95,0.0,0.0,-684.5,-46.2225,5.333333333,0.0,28.0,0.0,231.3333333,0.0,910.0,0.0,212.3333333,0.0,647.3333333,0.0,0.0,0.0,0.0,93.0,0.0,1179.143333,0.0,526.1066667,89.0,37.88333333,73.33333333,205.8433333,701.3333333,0.0,1441.646667,0.0,156.3333333,0.0,263.6033333,0.0,33.33333333,910.0,647.3333333,0.0,29.0,35,1003432,2,2,Y,A,N,22405,55834.0,6720.05,6631.81,55556.0,22256,195.05,1634.0,654.59,2933,1120,352,2756.0,1016.0,345.0,T,CENTRAL/SOUTH TEXAS AREA,Y,N,79.98999023,10.0,4.0,WCMB,0.0,0.0,O,3.0,,B,1.0,M,1.0,,C,,0.0,H,U,U,U,U,U,Y,101.0,<180,1,0.12456569950101644,0.9993421052631579,0.0,0.0,35.58552631578947,11795.4375,0.500164527805199,0,0,0,0,1,0,0,0,1,0,1,0,0.53076065,343.4361322689056,45,298.4361322689056,965.9141220062971,65,900.9141220062971,1888.898727478981,85,1803.898727478981
249.1775,3202.25,39.8225,1.2375,518.0,207.2,207.2,0.0,0.4175,-1171.25,-216.1575,0.666666667,0.0,5.0,0.0,17.66666667,0.0,193.0,0.0,61.0,0.0,169.6666667,0.0,0.0,0.0,0.0,8.666666667,0.0,2268.61,0.0,886.4233333,38.33333333,23.12,0.0,0.0,86.33333333,0.0,572.7533333,0.0,143.0,0.0,2542.286667,0.0,5.666666667,193.0,169.6666667,0.0,3.333333333,13,1077290,2,2,U,A,N,2457,17658.0,1589.72,1500.24,17251.0,2308,136.39,1568.27,209.82,3593,249,321,2450.0,254.0,210.0,T,MIDWEST AREA,Y,R,9.989997864,2.0,2.0,WC,0.0,0.0,O,3.0,S,S,1.0,M,8.0,2.0,C,,0.0,N,U,U,Y,U,U,Y,158.0,<180,1,0.0777889643330992,5.0756323106130194,0.00013033637711699054,0.0,78.44326045685591,3239.3075,0.16459192210384138,0,0,0,0,0,0,0,0,0,0,1,0,0.71739787,343.21804321908957,45,298.21804321908957,965.3008208143711,65,900.3008208143711,1887.6992377049926,85,1802.6992377049926
300.46,2723.333333,89.99333333,19.8,546.6666667,191.3333333,191.3333333,0.0,0.0,,,7.0,0.0,20.33333333,0.0,91.0,0.0,682.3333333,0.0,207.3333333,0.0,567.6666667,0.0,5.333333333,11.0,7.646666667,53.0,0.0,1625.53,0.0,836.6933333,57.66666667,53.89,3.0,6.153333333,542.3333333,0.0,1744.673333,0.0,229.0,0.0,717.5566667,0.0,27.33333333,682.3333333,567.6666667,0.0,27.66666667,39,1005064,1,1,U,A,N,12006,44892.0,5182.58,5106.52,44765.0,11959,138.01,1209.86,323.22,2723,699,300,2818.0,700.0,334.0,S,SOUTH FLORIDA AREA,Y,N,129.9899902,7.0,5.0,WCMB,0.0,0.0,O,3.0,S,M,3.0,M,6.0,1.0,,A,0.0,H,U,U,U,U,U,Y,222.0,180-365,1,0.11028753213144346,2.1027181475603602,0.0,207.999999987,29.92893251996223,11717.939999999999,0.11853886884217728,0,0,0,0,0,0,0,0,0,1,0,1,0.59255147,341.83299379539494,45,296.83299379539494,961.4053219127654,65,896.4053219127654,1880.0814658746722,85,1795.0814658746722
225.53,411.5,209.99,0.0,0.0,0.0,0.0,0.0,15.54,-408.5,-15.54,2.333333333,0.0,0.0,0.0,15.0,0.0,80.0,0.0,36.0,0.0,63.33333333,0.0,0.333333333,0.333333333,0.3,16.66666667,0.0,198.58,0.0,108.9666667,20.33333333,17.05666667,4.333333333,18.14666667,65.33333333,0.0,229.25,0.0,23.33333333,0.0,78.29666667,0.0,2.333333333,80.0,63.33333333,0.0,1.0,31,1012390,2,2,N,A,N,6574,28015.0,5719.22,5612.56,27950.0,6543,200.45,998.21,233.68,548,116,231,702.0,162.0,221.0,S,CALIFORNIA NORTH AREA,Y,N,199.9899902,2.0,2.0,WCMB,0.0,0.0,,,,U,,,,,,,0.0,J,U,U,U,U,U,N,516.0,365-730,1,0.546739393939394,0.0,0.03767272727272727,10.333333323,1.9503293994976065,6991.43,0.7500000001874999,0,0,1,1,1,1,1,1,1,1,1,1,0.78938395,341.8171425762177,45,296.8171425762177,961.3607269382477,65,896.3607269382477,1879.9942841691973,85,1794.9942841691973
344.9275,2665.5,84.99,1.2375,671.75,268.7,268.7,0.0,0.0,-551.5,-224.3375,28.66666667,0.0,2.0,0.0,162.6666667,0.0,827.3333333,0.0,436.0,0.0,640.0,0.0,1.333333333,16.0,15.26,284.3333333,0.666666667,1167.806667,0.0,653.61,167.0,261.4533333,64.66666667,75.64,332.6666667,0.0,589.2,0.0,658.6666667,0.0,1232.216667,0.0,30.66666667,827.3333333,640.0,0.0,25.0,27,1018585,1,1,N,AA,N,11382,30480.0,4641.98,4579.83,30420.0,11353,176.15,1170.0,436.65,2849,1104,420,1998.0,826.0,299.0,U,NEW ENGLAND AREA,Y,R,99.98999023,7.0,3.0,WCMB,0.0,0.0,,,,U,,,,,,,0.0,O,U,U,U,U,U,N,128.0,<180,1,0.12935589724357774,3.1247819513896964,0.0,35.999999990999996,30.997790440748926,9313.0425,0.18321342586149056,0,0,1,1,1,1,1,1,1,1,1,1,0.5113214,338.62813626766206,45,293.62813626766206,952.3915921342373,65,887.3915921342373,1862.4547494721414,85,1777.4547494721414
243.2125,2026.0,59.99,5.6925,451.25,180.5,180.5,0.0,0.78,1417.0,370.3375,14.33333333,0.0,17.66666667,0.0,86.66666667,0.666666667,544.3333333,0.666666667,89.66666667,0.0,427.0,0.0,5.0,33.33333333,31.57666667,30.33333333,0.0,1083.026667,0.0,249.4066667,142.6666667,153.6033333,22.0,78.59,213.0,0.0,532.76,0.0,302.3333333,0.0,799.67,0.0,32.0,545.0,427.0,0.0,1.0,13,1056532,1,1,U,EA,N,3150,11638.0,1058.61,994.77,11593.0,3131,82.9,966.08,260.92,1554,462,120,1301.0,369.0,107.0,T,DALLAS AREA,Y,N,149.9899902,1.0,1.0,WCMB,0.0,0.0,,,,U,,,,,,,0.0,U,U,U,U,U,U,N,401.0,365-730,0,0.11998643315244203,2.959501557632399,0.00038480513073507646,65.0,33.21856041974094,3161.7625000000003,0.11161335187760779,0,0,1,1,1,1,1,1,1,1,1,1,0.7092727,331.20766463518146,45,286.20766463518146,931.5215422898531,65,866.5215422898531,1821.642155493498,85,1736.642155493498
476.635,2208.0,44.99,5.445,1099.25,439.7,439.7,0.0,0.0,141.0,16.125,20.66666667,0.0,8.666666667,0.0,86.0,0.0,489.0,0.0,369.3333333,0.0,384.6666667,0.0,2.333333333,7.0,5.21,169.0,0.333333333,783.25,0.0,1066.426667,122.6666667,156.47,62.0,160.5166667,341.3333333,0.0,795.1866667,0.0,399.0,0.0,1054.486667,0.0,29.33333333,489.0,384.6666667,0.0,25.33333333,8,1092244,1,1,U,BA,N,3262,8746.0,1689.81,1619.2,8742.0,3260,231.31,1248.86,465.71,2161,696,471,1336.0,491.0,261.0,S,HOUSTON AREA,Y,N,199.9899902,2.0,2.0,WCMB,1.0,0.0,,3.0,M,A,6.0,M,7.0,3.0,,O,0.0,N,U,U,U,U,U,N,82.0,<180,1,0.21576957899502036,9.560774081322025,0.0,18.666666664,48.01043705153294,3813.08,0.07755480607283123,0,0,1,0,0,0,0,0,0,1,0,0,0.3617738,331.07335759925843,45,286.07335759925843,931.143875067234,65,866.143875067234,1820.9034667959213,85,1735.9034667959213
277.12,1827.75,59.99,2.7225,682.25,204.675,204.675,0.0,19.7325,637.25,201.21,19.33333333,0.0,3.333333333,0.0,102.6666667,0.0,450.3333333,0.0,64.33333333,0.0,326.6666667,0.0,2.333333333,9.333333333,8.296666667,25.33333333,0.0,1038.02,0.0,168.73,125.6666667,198.35,19.0,50.56,301.6666667,0.0,784.7533333,0.0,80.66666667,0.0,422.0033333,0.0,22.66666667,450.3333333,326.6666667,0.0,7.333333333,11,1078243,2,2,U,BA,N,2807,9282.0,1488.21,1436.33,9192.0,2767,143.63,919.2,276.7,1615,407,210,1135.0,322.0,146.0,,ATLANTIC SOUTH AREA,Y,N,199.9899902,2.0,2.0,WCMB,0.0,0.0,,,,U,,,,,,,0.0,N,U,U,U,U,U,N,153.0,<180,1,0.1515352016404648,3.355878012788982,0.010790157211209843,25.666666663,29.96802754549926,3048.32,0.14949445432450328,1,0,1,1,1,1,1,1,1,1,1,1,0.62204105,330.9696179199219,45,285.9696179199219,930.8521495056152,65,865.8521495056152,1820.3328985595706,85,1735.3328985595706
267.6775,1830.25,64.5725,0.7425,415.25,166.1,162.1,4.0,3.0125,691.75,100.1125,20.66666667,1.0,2.0,0.0,79.66666667,0.0,427.3333333,24.0,102.0,0.0,328.6666667,23.0,12.33333333,27.66666667,19.96333333,51.66666667,0.0,627.9266667,48.04666667,214.6733333,151.3333333,214.83,39.66666667,86.58666667,267.3333333,7.0,459.0066667,11.31,151.3333333,16.0,383.5933333,36.74,23.66666667,451.3333333,351.6666667,0.0,6.666666667,13,1078890,2,2,U,BA,N,3849,13245.0,1970.06,1889.18,13223.0,3840,157.43,1101.92,320.0,1600,459,234,1379.0,413.0,258.0,U,NEW YORK CITY AREA,T,N,199.9899902,2.0,2.0,WCMB,0.0,0.0,O,2.0,M,U,2.0,M,3.0,1.0,G,F,0.0,U,Y,U,U,U,U,Y,171.0,<180,1,0.14617201365187713,2.5330740783102668,0.0016450511945392493,160.33333329,27.911853292157534,3479.8075,0.06302623992096883,0,0,0,0,0,0,0,0,0,0,0,1,0.6422949,330.10154637908937,45,285.10154637908937,928.4106630104781,65,863.4106630104781,1815.5585050849916,85,1730.5585050849916
257.4175,1168.5,29.99,0.7425,626.0,219.1,219.1,0.0,0.0975,600.5,194.0125,11.66666667,0.0,2.0,0.0,48.33333333,0.0,239.0,0.0,134.3333333,0.0,182.3333333,0.0,0.0,0.0,0.0,49.33333333,0.333333333,353.04,0.0,306.09,67.66666667,87.57333333,41.0,78.53333333,86.33333333,0.0,169.4033333,0.0,214.6666667,0.0,489.7266667,0.0,13.66666667,239.0,182.3333333,0.0,6.0,27,1023685,2,1,U,BA,N,3987,12620.0,1959.49,1904.46,12619.0,3986,73.25,485.35,153.31,968,315,193,710.0,222.0,127.0,U,GREAT LAKES AREA,Y,N,149.9899902,5.0,3.0,WCMB,0.0,0.0,O,1.0,S,U,2.0,M,1.0,2.0,I,A,0.0,U,Y,U,U,U,U,Y,509.0,365-730,1,0.22010902094912357,7.070022587931591,8.336896109448483e-05,0.0,37.70571151984511,6950.272500000001,0.1239153904594346,0,0,0,0,0,0,0,0,0,0,0,1,0.6677024,330.0063057839871,45,285.0063057839871,928.1427273458243,65,863.1427273458243,1815.0346818119292,85,1730.0346818119292
258.7625,1342.75,76.4425,6.435,481.0,185.85,185.85,0.0,1.175,363.25,119.1275,48.66666667,0.0,9.0,0.0,199.3333333,0.0,732.3333333,0.0,152.0,0.0,487.3333333,0.0,8.0,18.66666667,11.91333333,68.66666667,0.333333333,540.14,0.0,181.6933333,59.33333333,52.83,0.0,0.0,469.3333333,0.0,541.03,0.0,132.3333333,0.0,180.8033333,0.0,57.66666667,732.3333333,487.3333333,0.0,8.666666667,14,1055215,1,1,U,DA,Y,3907,8962.0,1531.77,1451.79,8938.0,3897,120.98,744.83,324.75,1222,564,219,612.0,283.0,135.0,R,NORTHWEST/ROCKY MOUNTAIN AREA,N,N,129.9899902,2.0,2.0,WCMB,0.0,0.0,,,,U,,,,,,,0.0,S,U,U,U,U,U,N,129.0,<180,1,0.19256744186046512,2.3998450463246925,0.0008744186046511629,112.0,17.338670626593924,3622.6749999999997,0.08772049058003642,0,0,1,1,1,1,1,1,1,1,1,1,0.6600112,327.90939066410067,45,282.90939066410067,922.2452537834644,65,857.2452537834644,1803.5016486525537,85,1718.5016486525537
325.2175,1368.25,30.0,0.495,935.75,336.1325,252.0875,84.045,5.85,534.75,235.2625,11.33333333,6.666666667,15.0,0.666666667,117.3333333,0.666666667,376.3333333,56.66666667,142.3333333,0.0,239.6666667,48.66666667,1.0,4.666666667,4.366666667,74.0,0.333333333,467.1766667,206.0666667,381.6066667,68.66666667,79.80333333,11.33333333,42.69,158.3333333,22.0,332.9866667,92.44333333,216.6666667,26.66666667,515.8066667,113.6266667,33.66666667,433.0,288.3333333,0.0,6.0,28,1010798,1,1,U,A,N,2805,8187.0,1541.75,1489.51,8104.0,2768,57.29,311.69,106.46,1190,454,247,760.0,273.0,149.0,T,DALLAS AREA,Y,N,199.9899902,3.0,3.0,WCMB,1.0,0.0,O,5.0,S,M,2.0,M,7.0,1.0,C,A,0.0,S,U,U,Y,U,U,Y,116.0,<180,1,0.2375150629906883,10.84298387096774,0.004272411904327186,28.0,44.13709677419355,9106.09,0.07786352533390266,0,0,0,0,0,0,0,0,0,0,0,1,0.5249411,327.7824535417557,45,282.7824535417557,921.8881893551348,65,856.8881893551348,1802.8034944796561,85,1717.8034944796561
269.5025,1779.0,75.0,4.95,740.5,185.125,185.125,0.0,0.2925,-15.0,-0.2525,7.0,0.0,37.66666667,0.0,22.66666667,0.0,244.3333333,0.333333333,150.0,0.0,179.3333333,0.333333333,2.333333333,17.66666667,16.42333333,48.33333333,0.333333333,492.1666667,0.116666667,1004.266667,12.66666667,11.08333333,2.333333333,19.71,213.3333333,0.0,926.6733333,0.0,113.6666667,0.333333333,569.76,0.116666667,44.66666667,244.6666667,179.6666667,0.0,8.666666667,13,1050634,1,1,U,CA,N,3387,13545.0,1791.74,1682.51,13454.0,3359,140.21,1121.17,279.92,1784,346,270,1403.0,301.0,184.0,U,OHIO AREA,Y,R,99.98999023,2.0,2.0,WCMB,1.0,0.0,O,0.0,S,U,2.0,M,2.0,1.0,C,A,0.0,U,U,U,U,U,U,Y,69.0,<180,1,0.1514058988764045,2.4358552631578947,0.00016432584269662922,30.333333329000002,23.407894736842106,3503.5325,0.1733346004091407,0,0,0,0,0,0,0,0,0,0,0,0,0.63327515,327.6849134235382,45,282.6849134235382,921.6138832581044,65,856.6138832581044,1802.2670238294602,85,1717.2670238294602
267.015,643.25,52.4475,1.2375,215.5,75.425,75.425,0.0,0.0,-493.25,-193.515,2.0,0.0,10.0,0.0,59.0,0.0,133.3333333,0.0,17.33333333,0.0,62.33333333,0.0,4.666666667,18.0,15.4,4.0,1.333333333,305.4633333,0.0,164.2933333,9.666666667,7.436666667,3.0,15.59,33.33333333,0.0,248.4633333,0.0,46.33333333,0.0,221.2933333,0.0,12.0,133.3333333,62.33333333,0.0,0.0,7,1080103,2,2,Y,BA,N,655,3322.0,1348.86,1252.84,3183.0,605,250.57,636.6,121.0,808,135,332,,,,C,HOUSTON AREA,T,N,179.9899902,2.0,2.0,WCMB,0.0,0.0,,,,U,,,,,,,0.0,N,U,U,U,U,U,N,7.0,<180,1,0.41445867287543653,1.4111979044857104,0.0,32.666666669,12.03517470414893,1869.105,0.14128555158128586,0,0,1,1,1,1,1,1,1,1,1,1,0.6388795,327.5335549478531,45,282.5335549478531,921.1882028675079,65,856.1882028675079,1801.4345522131919,85,1716.4345522131919
364.265,1585.5,70.0325,2.2275,797.75,309.125,309.125,0.0,0.0,-154.5,-10.855,13.33333333,0.0,1.666666667,0.0,80.0,0.0,374.6666667,0.0,142.0,0.0,283.3333333,0.0,1.333333333,6.0,5.236666667,53.0,1.0,874.25,0.0,463.9433333,76.66666667,58.07666667,1.0,0.856666667,331.0,0.0,1130.98,0.0,75.33333333,0.0,207.2133333,0.0,15.0,374.6666667,283.3333333,0.0,11.0,20,1026510,1,1,U,DA,N,9379,28010.0,4499.74,4313.75,27491.0,9139,239.65,1527.28,507.72,1637,445,368,1653.0,457.0,289.0,U,NEW YORK CITY AREA,N,N,29.98999023,4.0,1.0,WCMB,0.0,0.0,O,,,S,1.0,M,3.0,,,,0.0,H,U,U,U,U,U,Y,586.0,365-730,1,0.22960289946422943,4.351881181149474,0.0,26.666666659999997,22.320768662232076,7285.299999999999,0.14958383128671002,0,0,0,1,1,0,0,0,1,1,1,0,0.46557483,325.6178083071709,45,280.6178083071709,915.8002269911766,65,850.8002269911766,1790.89794568944,85,1705.89794568944
218.8675,661.75,75.8775,2.7225,0.0,0.0,0.0,0.0,138.405,-179.75,-162.4275,29.0,0.0,5.666666667,0.0,44.33333333,0.0,236.6666667,0.0,42.66666667,0.0,161.0,0.0,1.333333333,3.333333333,2.56,32.0,0.333333333,141.66,0.0,22.02,12.33333333,18.20333333,0.333333333,0.333333333,91.33333333,0.0,88.52333333,0.0,92.66666667,0.0,75.15666667,0.0,34.66666667,236.6666667,161.0,0.0,0.0,11,1065959,1,1,U,CA,Y,5944,13618.0,1911.41,1802.43,13430.0,5873,180.24,1343.0,587.3,722,419,273,1205.0,566.0,214.0,R,CALIFORNIA NORTH AREA,Y,R,99.98999023,2.0,2.0,WCMB,0.0,0.0,,,M,U,1.0,M,6.0,2.0,C,,0.0,N,U,U,U,U,U,Y,149.0,<180,1,0.33024141833270465,0.0,0.20883440211241042,14.666666662999999,8.607850151214596,2407.5425,0.42857142863265313,0,0,1,1,0,0,0,0,0,0,1,1,0.7743942,325.42025658082963,45,280.42025658082963,915.2445368611812,65,850.2445368611812,1789.811411194563,85,1704.811411194563
304.545,2589.25,84.99,0.0,891.5,223.085,222.5,0.585,0.0,-364.25,-141.555,11.0,0.0,41.33333333,0.0,148.0,0.0,884.6666667,0.666666667,597.0,0.0,689.0,0.666666667,0.0,0.0,0.0,253.6666667,0.0,811.9733333,1.333333333,902.7933333,196.0,157.6033333,158.3333333,214.5233333,938.3333333,0.666666667,1244.103333,1.333333333,343.0,0.0,470.6633333,0.0,52.33333333,885.3333333,689.6666667,0.0,44.0,23,1023387,6,2,U,AA,N,14865,27253.0,2961.84,2819.13,26687.0,14491,134.24,1270.81,690.05,2711,1307,352,2088.0,1028.0,238.0,C,HOUSTON AREA,Y,R,79.98999023,5.0,4.0,WCMB,0.0,0.0,,,,U,,,,,,,0.0,H,U,U,U,U,U,N,67.0,<180,1,0.11757359328250169,2.5943132922432843,0.0,0.0,30.111059425514597,7004.535000000001,0.27821726118256085,0,0,1,1,1,1,1,1,1,1,1,1,0.5552304,324.65786074447635,45,279.65786074447635,913.1002333438397,65,848.1002333438397,1785.61823409462,85,1700.61823409462
523.2025,2720.25,67.5725,0.495,1418.5,465.325,465.325,0.0,0.0,-212.25,-107.4225,7.333333333,0.0,15.66666667,0.0,83.66666667,0.0,499.3333333,0.0,263.0,0.0,394.6666667,0.0,0.0,0.0,0.0,116.3333333,1.333333333,1227.823333,0.0,1394.023333,78.33333333,67.83666667,8.0,6.753333333,317.0,0.0,814.15,0.0,335.6666667,0.0,1807.696667,0.0,23.0,499.3333333,394.6666667,0.0,14.0,25,1014242,1,1,U,A,N,10169,27495.0,5689.62,5644.37,27433.0,10142,235.18,1143.04,422.58,2791,676,559,1955.0,552.0,397.0,S,ATLANTIC SOUTH AREA,Y,N,149.9899902,2.0,2.0,WCMB,0.0,0.0,O,15.0,S,M,5.0,M,5.0,2.0,,A,0.0,Z,U,U,U,U,U,Y,90.0,<180,1,0.19226550298576023,6.785883553902803,0.0,0.0,39.66969266105217,13080.0625,0.12843757462808875,0,0,0,0,0,0,0,0,0,1,0,0,0.32256904,324.0363644630909,45,279.0363644630909,911.3522594597936,65,846.3522594597936,1782.200004547,85,1697.200004547
296.065,1915.75,75.7175,7.6725,665.75,166.4375,166.4375,0.0,14.88,-874.75,-133.185,21.33333333,0.0,2.0,0.0,167.0,0.0,849.3333333,0.0,243.0,0.0,665.0,0.0,1.333333333,9.333333333,8.41,122.6666667,0.0,1161.246667,0.0,449.52,80.0,63.36666667,1.0,1.796666667,794.3333333,0.0,1460.363333,0.0,60.33333333,0.0,150.4033333,0.0,23.33333333,849.3333333,665.0,0.0,12.33333333,22,1021082,1,1,U,AA,N,5909,15818.0,2434.37,2374.69,15778.0,5880,113.08,751.33,280.0,2207,848,341,1314.0,493.0,215.0,S,NEW ENGLAND AREA,Y,N,149.9899902,2.0,2.0,WCMB,0.0,0.0,O,7.0,S,A,6.0,M,7.0,2.0,C,A,0.0,U,U,U,U,U,U,Y,157.0,<180,1,0.15446197991391677,2.1694854498647635,0.007763140733011609,29.333333325999998,24.971486297129076,6513.43,0.222083110207643,0,0,0,0,0,0,0,0,0,0,0,0,0.5636526,320.4053978624344,45,275.4053978624344,901.1401638412475,65,836.1401638412475,1762.2296882433893,85,1677.2296882433893
268.42,1102.5,49.99,0.7425,689.25,206.775,206.775,0.0,10.32,-1069.5,-218.43,14.66666667,0.0,2.333333333,0.0,44.66666667,0.0,262.0,0.333333333,179.0,0.0,208.3333333,0.333333333,0.0,0.0,0.0,81.33333333,2.0,453.0066667,0.05,399.4833333,56.33333333,127.8066667,35.66666667,96.84333333,285.0,0.0,711.21,0.0,54.66666667,0.333333333,141.28,0.05,17.0,262.3333333,208.6666667,0.0,0.333333333,13,1049909,1,1,U,AA,N,4025,12841.0,2815.42,2735.44,12834.0,4022,227.95,1069.5,335.17,1459,458,341,1325.0,429.0,301.0,U,LOS ANGELES AREA,Y,N,79.98999023,2.0,2.0,WCMB,0.0,0.0,O,3.0,S,U,3.0,M,4.0,2.0,G,A,0.0,H,Y,Y,U,U,U,Y,341.0,180-365,1,0.2432442229270503,4.055206903314375,0.009352061622111463,0.0,21.621886644440085,3489.46,0.1978158400093108,0,0,0,0,0,0,0,0,0,0,0,1,0.6119606,315.38392615127566,45,270.38392615127566,887.0172763013841,65,822.0172763013841,1734.611593832016,85,1649.611593832016
298.31,1893.25,75.0,6.435,854.5,213.625,213.625,0.0,0.0,26.75,10.1,12.0,0.0,15.0,0.0,101.0,0.0,391.6666667,0.0,77.66666667,0.0,267.3333333,0.0,0.666666667,2.333333333,1.883333333,24.66666667,0.666666667,983.2,0.0,476.19,65.0,260.8266667,20.33333333,230.4866667,211.0,0.0,872.6366667,0.0,129.6666667,0.0,586.75,0.0,27.0,391.6666667,267.3333333,0.0,5.666666667,17,1042932,2,1,U,BA,N,6352,24567.0,3176.96,3127.16,24502.0,6339,195.45,1531.38,396.19,1884,408,295,1492.0,355.0,198.0,,DALLAS AREA,Y,R,99.98999023,4.0,2.0,WCMB,0.0,0.0,,1.0,,U,1.0,M,6.0,,C,,0.0,G,U,U,U,U,U,Y,27.0,<180,1,0.15748185297611192,2.8108552631578947,0.0,11.333333339,24.911184210526315,5071.27,0.2233378229293756,1,0,1,0,1,0,0,0,1,0,1,0,0.55043906,315.26683374595643,45,270.26683374595643,886.6879521298408,65,821.6879521298408,1733.9675856027604,85,1648.9675856027604
333.37,2450.5,114.99,6.1875,537.5,188.125,188.125,0.0,32.8175,-423.5,-67.58,14.33333333,0.0,8.333333333,0.0,53.66666667,0.0,415.0,0.0,170.0,0.0,345.0,0.0,0.666666667,4.333333333,3.956666667,47.0,0.666666667,1017.966667,0.0,1053.05,82.66666667,144.5766667,2.0,8.553333333,315.0,0.0,1194.28,0.0,188.6666667,0.0,876.7333333,0.0,22.66666667,415.0,345.0,0.0,12.0,17,1043936,1,1,U,AA,N,5603,21084.0,3552.53,3492.54,20897.0,5561,218.28,1306.06,347.56,2592,565,356,1964.0,474.0,254.0,C,SOUTH FLORIDA AREA,Y,N,59.98999023,3.0,2.0,WCMB,0.0,0.0,O,0.0,M,M,2.0,M,9.0,1.0,I,B,0.0,U,U,U,Y,Y,U,Y,187.0,180-365,1,0.13598613094024067,1.6219070609535307,0.013386702019171937,11.333333339,21.126821277696354,5667.29,0.30408319311797727,0,0,0,0,0,0,0,0,0,0,0,1,0.48914465,313.0870264730454,45,268.0870264730454,880.5572718906403,65,815.5572718906403,1721.9786456017496,85,1636.9786456017496
303.0775,1579.25,10.0,1.98,1044.75,261.1875,261.1875,0.0,27.87,-424.25,-135.6975,17.33333333,0.0,10.66666667,0.0,96.33333333,0.0,553.6666667,0.333333333,172.3333333,0.0,432.6666667,0.333333333,0.0,0.0,0.0,97.66666667,0.333333333,869.58,1.173333333,374.4633333,166.0,287.3766667,39.33333333,139.6233333,310.0,0.333333333,663.73,1.173333333,245.0,0.0,580.3066667,0.0,28.0,554.0,433.0,0.0,1.333333333,13,1049544,5,5,Y,AA,N,3189,8398.0,1354.63,1336.84,8241.0,3130,111.4,686.75,260.83,1721,600,348,1162.0,440.0,207.0,T,HOUSTON AREA,Y,N,129.9899902,1.0,1.0,WCMB,1.0,1.0,O,8.0,S,M,4.0,M,9.0,2.0,C,A,0.0,F,U,U,U,Y,Y,Y,395.0,365-730,0,0.1917908558772346,23.744318181818183,0.017636449928808733,0.0,143.5681818181818,3940.0074999999997,0.04041331802525832,0,0,0,0,0,0,0,0,0,0,0,0,0.53722084,312.6135318288803,45,267.6135318288803,879.2255221390724,65,814.2255221390724,1719.3744250588418,85,1634.3744250588418
201.7375,782.0,70.0,0.2475,78.5,19.625,19.625,0.0,110.91,483.0,45.1625,3.666666667,0.0,0.0,0.0,13.0,0.0,89.0,0.0,46.33333333,0.0,74.0,0.0,0.0,0.0,0.0,19.66666667,0.0,239.85,0.0,99.6,0.0,0.0,0.0,0.0,107.0,0.0,337.15,0.0,1.666666667,0.0,2.3,0.0,3.666666667,89.0,74.0,0.0,2.666666667,24,1016076,1,1,Y,A,N,4301,14900.0,3028.36,2879.01,14511.0,4180,130.86,659.59,190.0,621,192,187,586.0,177.0,142.0,T,NORTHWEST/ROCKY MOUNTAIN AREA,Y,N,29.98999023,1.0,1.0,WC,1.0,1.0,O,6.0,S,M,2.0,M,6.0,1.0,C,A,0.0,N,U,U,Y,U,U,Y,728.0,365-730,0,0.25764687100894,0.2764084507042254,0.14164750957854405,0.0,11.014084507042254,4841.700000000001,0.7834482758620689,0,0,0,0,0,0,0,0,0,0,0,1,0.8050023,311.8063716208935,45,266.8063716208935,876.955438220501,65,811.955438220501,1714.9350439149146,85,1629.9350439149146
278.49,826.0,33.37,3.7125,238.75,201.7575,180.6,21.1575,0.0,75.0,406.93,13.33333333,0.0,1.0,0.0,112.6666667,0.0,460.0,3.666666667,85.66666667,0.0,334.0,3.666666667,11.33333333,14.66666667,7.563333333,63.0,3.0,340.9733333,24.50333333,77.66,62.33333333,59.28,15.0,22.29,137.0,1.0,179.83,2.256666667,237.3333333,2.666666667,238.8,22.24666667,14.33333333,463.6666667,337.6666667,0.0,2.0,21,1037522,1,1,U,EA,Y,2850,5431.0,1056.18,1019.73,5318.0,2767,84.98,443.17,230.58,801,406,143,577.0,291.0,94.0,,CALIFORNIA NORTH AREA,N,N,129.9899902,2.0,2.0,WCMB,0.0,0.0,,,,U,,,,,,,0.0,F,U,U,U,U,U,N,145.0,<180,1,0.3367472793228537,5.870162932790224,0.0,237.99999993,24.03258655804481,5848.29,0.0549345018980832,1,0,1,1,1,1,1,1,1,1,1,1,0.57773525,308.91550312328343,45,263.91550312328343,868.8248276352882,65,803.8248276352882,1699.0352671780588,85,1614.0352671780588
234.92,2364.75,63.9425,6.93,547.5,166.6,166.6,0.0,0.7375,655.25,194.18,55.66666667,0.0,5.333333333,0.0,185.3333333,0.0,807.3333333,0.0,377.3333333,0.0,577.3333333,0.0,11.66666667,15.66666667,8.846666667,225.6666667,1.333333333,1105.266667,0.0,692.2766667,233.3333333,315.2933333,43.33333333,115.6033333,430.0,0.0,805.0766667,0.0,405.6666667,0.0,992.4633333,0.0,61.0,807.3333333,577.3333333,0.0,20.66666667,11,1083662,2,2,N,AA,N,5879,17610.0,1268.67,1187.79,17487.0,5839,131.98,1943.0,648.78,2146,702,170,2028.0,661.0,151.0,T,GREAT LAKES AREA,Y,R,129.9899902,2.0,2.0,WCMB,0.0,0.0,O,4.0,S,S,3.0,M,7.0,2.0,,A,0.0,N,U,U,U,U,Y,Y,44.0,<180,1,0.099300433266406,2.565346267852331,0.0003117404628553313,128.33333337,36.412980713708286,2584.12,0.06565120474096689,0,0,0,0,0,0,0,0,0,1,0,1,0.6845132,308.7472376098633,45,263.7472376098633,868.3516057777405,65,803.3516057777405,1698.109806854248,85,1613.109806854248
237.7575,1874.5,35.1575,1.2375,433.25,151.8875,151.8875,0.0,0.0,92.5,52.5125,16.0,0.0,3.0,0.0,38.33333333,0.0,253.0,0.0,213.0,0.0,203.3333333,0.0,0.0,0.0,0.0,131.6666667,0.0,652.05,0.0,460.9766667,55.33333333,75.79333333,8.0,20.58,103.0,0.0,374.87,0.0,247.6666667,0.0,738.1533333,0.0,19.0,253.0,203.3333333,0.0,3.0,19,1043236,1,1,U,CA,N,3687,10621.0,1321.84,1257.98,10561.0,3657,69.89,586.72,203.17,1844,508,220,1332.0,396.0,147.0,U,GREAT LAKES AREA,N,N,29.98999023,1.0,1.0,,1.0,1.0,,3.0,M,S,3.0,M,1.0,1.0,I,B,0.0,N,U,U,U,U,U,Y,563.0,365-730,0,0.1267701946147694,4.200719076263569,0.0,0.0,51.84263292539584,4517.3925,0.19228110292749076,0,1,1,0,0,0,0,0,0,0,0,0,0.6741494,307.7454231405259,45,262.7454231405259,865.5340876114368,65,800.5340876114368,1692.5998272728923,85,1607.5998272728923
338.445,2064.0,152.49,8.415,693.75,173.4375,173.4375,0.0,0.0,-835.0,-178.555,21.0,0.0,1.0,0.0,46.66666667,0.0,260.3333333,0.0,157.0,0.0,202.0,0.0,1.0,6.0,5.35,94.33333333,0.0,722.9166667,0.0,646.2133333,91.66666667,373.8433333,47.66666667,496.1933333,245.3333333,0.0,1217.52,0.0,51.33333333,0.0,151.61,0.0,22.0,260.3333333,202.0,0.0,5.666666667,20,1024336,1,1,Y,AA,N,10243,37288.0,5298.09,5193.37,37262.0,10233,273.34,1961.16,538.58,2342,507,398,2029.0,471.0,307.0,S,CALIFORNIA NORTH AREA,Y,N,129.9899902,4.0,4.0,WCMB,0.0,0.0,O,1.0,S,M,1.0,M,9.0,,A,B,0.0,G,U,U,U,U,U,N,275.0,180-365,1,0.1638958837772397,1.129959606489022,0.0,20.0,13.447130106195843,6768.9,0.31949294103566167,0,0,0,0,0,0,0,0,1,0,0,1,0.4689671,304.74158115148543,45,259.74158115148543,857.0856667292118,65,792.0856667292118,1676.07869633317,85,1591.07869633317
244.9525,2400.0,69.99,1.2375,645.75,193.725,193.725,0.0,0.0,-476.0,-157.7625,22.33333333,1.0,4.333333333,0.0,111.3333333,0.0,363.6666667,3.333333333,113.6666667,0.0,234.0,2.333333333,1.0,1.0,0.373333333,46.33333333,1.333333333,1384.13,14.76333333,720.89,39.0,30.33,0.333333333,7.533333333,170.0,0.0,964.0133333,0.0,156.3333333,2.333333333,1140.996667,14.76333333,27.66666667,367.0,236.3333333,0.0,8.0,10,1091718,2,1,U,CA,N,2903,15900.0,1556.53,1430.1,15018.0,2742,204.3,2145.43,391.71,2559,335,297,2167.0,382.0,206.0,,DC/MARYLAND/VIRGINIA AREA,Y,N,199.9899902,2.0,2.0,WCMB,0.0,0.0,,3.0,M,U,2.0,M,1.0,1.0,A,O,0.0,F,Y,U,U,U,U,N,144.0,<180,1,0.1020210329029571,2.7289054796450207,0.0,10.0,33.807578532187634,2449.5249999999996,0.21146542351171413,1,0,1,0,0,0,0,0,0,0,0,0,0.6478492,304.6891995353698,45,259.6891995353698,856.9383736932277,65,791.9383736932277,1675.7905974445341,85,1590.7905974445341
244.825,1184.0,33.1775,0.2475,453.5,181.4,181.4,0.0,0.0,-254.0,20.515,12.0,0.0,1.333333333,0.0,72.0,0.0,336.6666667,0.0,98.33333333,0.0,253.3333333,0.0,0.0,0.0,0.0,45.66666667,2.0,803.4233333,0.0,326.11,38.0,49.93666667,1.333333333,1.31,199.6666667,0.0,602.0733333,0.0,121.3333333,0.0,527.4566667,0.0,13.33333333,336.6666667,253.3333333,0.0,0.0,7,1094853,5,3,Y,A,N,1772,6210.0,1225.94,1143.84,6123.0,1720,190.64,1020.5,286.67,1269,308,238,1021.0,287.0,191.0,S,SOUTHWEST AREA,N,N,29.98999023,1.0,1.0,WC,1.0,1.0,O,14.0,S,S,3.0,M,6.0,1.0,,A,0.0,P,U,U,U,U,U,N,198.0,180-365,0,0.20660337552742616,5.307585399751298,0.0,0.0,34.64267427401068,1713.7749999999999,0.15853927241943153,0,0,0,0,0,0,0,0,0,1,0,1,0.6476257,304.4255385494232,45,259.4255385494232,856.196856355667,65,791.196856355667,1674.3404620218278,85,1589.3404620218278
199.5275,651.0,44.99,3.2175,333.75,133.5,133.5,0.0,27.82,-651.0,-164.5375,5.333333333,0.0,3.0,0.0,59.66666667,0.0,302.3333333,0.0,53.0,0.0,234.6666667,0.0,3.0,7.666666667,5.923333333,21.33333333,0.0,311.1966667,0.0,89.51,23.0,11.89,0.666666667,0.513333333,221.6666667,0.0,321.55,0.0,62.0,0.0,79.15333333,0.0,8.333333333,302.3333333,234.6666667,0.0,3.333333333,11,1077204,2,1,U,BA,N,2556,6721.0,1632.76,1476.08,6448.0,2494,147.61,644.8,249.4,868,394,254,806.0,355.0,184.0,S,CHICAGO AREA,T,N,99.98999023,1.0,1.0,WCMB,0.0,0.0,O,1.0,S,M,2.0,M,6.0,2.0,C,A,0.0,N,Y,U,U,U,U,Y,328.0,180-365,0,0.306023773006135,2.902804957599478,0.04266871165644172,33.0,14.15525114155251,2194.8025000000002,0.14486864486864487,0,0,0,0,0,0,0,0,0,0,0,1,0.7927068,303.68027044677734,45,258.68027044677734,854.1007606315613,65,789.1007606315613,1670.2414874572755,85,1585.2414874572755
390.2975,2056.25,69.99,11.6325,820.25,328.1,328.1,0.0,0.0,205.75,28.0525,5.333333333,0.0,4.0,0.0,36.66666667,0.0,470.0,0.0,204.6666667,0.0,424.3333333,0.0,3.333333333,21.33333333,19.12,83.66666667,0.0,824.0766667,0.0,581.9733333,122.0,89.71666667,43.0,72.63666667,429.0,0.0,926.4233333,0.0,199.6666667,0.0,479.6166667,0.0,9.333333333,470.0,424.3333333,0.0,11.0,36,1008660,1,1,N,BA,N,6151,15807.0,3047.98,2906.07,15807.0,6151,145.3,790.35,307.55,1988,647,381,1397.0,505.0,241.0,S,DALLAS AREA,Y,R,9.989997864,4.0,3.0,WC,0.0,0.0,,,,U,,,,,,,0.0,N,U,U,U,U,U,N,160.0,<180,1,0.18971807023939727,4.621777715171151,0.0,119.999999988,28.96534723200451,14050.710000000001,0.11166807364205987,0,0,1,1,1,1,1,1,1,1,1,0,0.4051589,303.6144276269674,45,258.6144276269674,853.9155486214162,65,788.9155486214162,1669.879351948321,85,1584.879351948321
219.2475,1161.25,150.595,2.7225,191.5,56.425,56.425,0.0,2.115,-1075.25,-66.0075,0.0,0.0,0.0,0.0,0.0,0.0,0.0,0.0,0.0,0.0,0.0,0.0,0.0,0.0,0.0,0.0,0.0,0.0,0.0,0.0,0.0,0.0,0.0,0.0,0.0,0.0,0.0,0.0,0.0,0.0,0.0,0.0,0.0,0.0,0.0,0.0,0.0,19,1028858,1,1,U,AA,N,6133,17920.0,3468.53,3433.06,17920.0,6133,190.73,995.56,340.72,1520,518,241,1192.0,364.0,182.0,T,NEW ENGLAND AREA,Y,N,199.9899902,2.0,2.0,WCMB,0.0,0.0,O,9.0,M,B,1.0,M,5.0,2.0,C,B,0.0,S,U,U,U,U,U,Y,311.0,180-365,1,0.18864056786405678,0.37220884593819054,0.0018197461819746184,0.0,7.660213067713316,4165.7025,0.7287520430727815,0,0,0,0,0,0,0,0,0,0,0,1,0.72109467,303.5485668768883,45,258.5485668768883,853.730331273079,65,788.730331273079,1669.5171178228857,85,1584.5171178228857
223.7125,2403.25,84.99,6.435,502.5,125.625,125.625,0.0,9.1625,377.75,6.9175,47.33333333,0.0,7.0,0.0,191.0,0.0,875.3333333,0.0,202.6666667,0.0,637.6666667,0.0,11.66666667,19.33333333,13.89666667,95.0,1.333333333,1057.14,0.0,422.8766667,61.66666667,62.38,9.333333333,12.72333333,558.6666667,0.0,1010.953333,0.0,219.3333333,0.0,469.0633333,0.0,54.33333333,875.3333333,637.6666667,0.0,15.66666667,16,1063566,2,1,N,BA,N,11699,37139.0,2201.88,2114.79,36791.0,11537,140.99,2452.73,769.13,2277,816,221,2618.0,843.0,187.0,R,MIDWEST AREA,Y,N,149.9899902,3.0,3.0,WCMB,0.0,0.0,,,,U,,,,,,,0.0,U,U,U,U,U,U,N,272.0,180-365,1,0.09304876780700842,1.4609256890336086,0.003810959758760528,186.66666672,27.948017211303643,3579.4,0.07078346929797771,0,0,1,1,1,1,1,1,1,1,1,1,0.7066838,303.5404982864857,45,258.5404982864857,853.707644763589,65,788.707644763589,1669.4727405756714,85,1584.4727405756714
226.6933333,758.0,29.99,0.99,558.6666667,195.5333333,195.5333333,0.0,0.0,262.0,90.58666667,7.0,0.0,2.666666667,0.0,35.66666667,0.0,229.3333333,0.0,227.0,0.0,185.3333333,0.0,0.333333333,0.333333333,0.116666667,177.0,0.333333333,315.7133333,0.0,165.2433333,77.33333333,95.83,8.666666667,12.51,133.6666667,0.0,226.7633333,0.0,126.3333333,0.0,254.1933333,0.0,9.666666667,229.3333333,185.3333333,0.0,0.0,30,1099071,1,1,U,EA,N,3066,5828.0,1627.24,1597.25,5756.0,3020,69.45,250.26,131.3,528,268,151,451.0,238.0,125.0,U,LOS ANGELES AREA,N,N,29.98999023,2.0,2.0,WC,0.0,0.0,O,1.0,,S,3.0,M,7.0,2.0,,,0.0,H,U,U,U,U,U,Y,501.0,365-730,1,0.2986736934123847,6.309562223297839,0.0,9.999999990000001,24.459503065505004,6800.799999,0.1308404638836112,0,0,0,0,1,0,0,0,0,1,1,1,0.69439495,302.23621622346235,45,257.23621622346235,850.0394121763903,65,785.0394121763903,1662.2991892290431,85,1577.2991892290431
221.515,2300.5,68.8225,0.0,433.25,129.975,129.975,0.0,32.7175,-399.5,-18.535,27.66666667,0.666666667,5.0,0.0,60.33333333,0.0,465.3333333,5.333333333,144.0,0.0,380.3333333,4.666666667,1.333333333,2.666666667,1.71,69.33333333,4.666666667,1350.213333,29.33333333,557.41,73.66666667,37.14333333,0.0,0.0,222.6666667,0.0,848.0133333,0.0,237.3333333,4.666666667,1059.61,29.33333333,33.33333333,470.6666667,385.0,0.0,1.333333333,13,1082490,1,1,Y,AA,N,3845,21235.0,1802.45,1721.57,21218.0,3841,143.46,1768.17,320.08,2434,488,228,2148.0,403.0,197.0,R,ATLANTIC SOUTH AREA,T,N,99.98999023,1.0,1.0,WCMB,0.0,0.0,O,,,U,2.0,M,7.0,2.0,G,,0.0,S,U,U,U,U,U,Y,371.0,365-730,0,0.09624809906582663,1.8615059615453469,0.014215728872474473,17.333333329,32.94783200257796,2879.6949999999997,0.23838815501235644,0,0,0,1,1,0,0,0,0,0,1,1,0.7086134,301.3795129852295,45,256.3795129852295,847.6299330842495,65,782.6299330842495,1657.5873214187623,85,1572.5873214187623
242.0175,2003.5,44.99,8.6625,565.5,198.365,194.075,4.29,0.0,761.5,227.6125,7.333333333,0.0,21.66666667,0.0,205.6666667,0.0,883.6666667,0.0,160.6666667,0.0,650.0,0.0,0.0,0.0,0.0,98.0,6.666666667,734.16,0.0,323.6366667,49.66666667,27.15,30.33333333,28.94,353.0,0.0,346.02,0.0,456.6666667,0.0,711.7766667,0.0,29.0,883.6666667,650.0,0.0,10.66666667,13,1080678,2,2,U,AA,N,6089,15126.0,2013.45,1947.84,15126.0,6089,162.32,1260.5,507.42,1750,768,166,1975.0,820.0,246.0,C,OHIO AREA,T,N,99.98999023,5.0,4.0,WCMB,0.0,0.0,O,10.0,S,A,2.0,M,8.0,,I,A,0.0,N,U,U,U,U,U,N,150.0,<180,1,0.12073709154402595,4.31322026527506,0.0,0.0,43.56381822135246,3146.2275,0.18820977675922326,0,0,0,0,0,0,0,0,1,0,0,1,0.6432517,298.9021003189087,45,253.9021003189087,840.6621571469308,65,775.6621571469308,1643.961551753998,85,1558.961551753998
291.9275,2662.75,134.99,0.495,466.0,163.1,28.35,134.75,1.88,-1544.75,-159.4575,15.33333333,0.666666667,3.0,0.0,15.33333333,1.0,154.6666667,52.33333333,74.0,0.0,128.6666667,50.66666667,4.333333333,22.66666667,19.74333333,35.66666667,0.0,313.97,818.66,522.24,46.0,62.35,1.333333333,7.51,94.33333333,21.0,326.0,200.4366667,73.0,29.66666667,510.21,618.2133333,19.0,207.0,179.3333333,0.0,5.333333333,19,1031945,2,1,U,W,Y,2825,21790.0,2922.22,2800.35,21066.0,2705,254.58,1915.09,245.91,3178,321,345,2995.0,309.0,377.0,U,DC/MARYLAND/VIRGINIA AREA,Y,N,199.9899902,2.0,2.0,WCMB,0.0,0.0,,,,U,,,,,,,0.0,I,U,U,U,U,U,N,513.0,365-730,1,0.10959267949319569,1.1993528935951172,0.00070577193805725,82.33333332699999,19.580483859107286,5546.6225,0.1530763862389281,0,0,1,1,1,1,1,1,1,1,1,0,0.533119,298.81364993667603,45,253.81364993667603,840.4133904469013,65,775.4133904469013,1643.4750746517184,85,1558.4750746517184
282.5425,1925.5,75.0,3.7125,787.0,196.75,196.75,0.0,7.08,-228.5,-52.0025,29.33333333,0.0,12.0,0.0,75.33333333,0.0,513.0,0.0,100.0,0.0,404.3333333,0.0,0.0,0.0,0.0,30.0,0.0,1095.623333,0.0,299.91,39.66666667,45.82333333,13.66666667,40.23666667,401.3333333,0.0,1133.343333,0.0,91.33333333,0.0,262.19,0.0,41.33333333,513.0,404.3333333,0.0,17.0,17,1042762,1,1,U,AA,N,7450,23418.0,3025.83,2940.6,23282.0,7418,183.79,1455.13,463.63,2002,626,300,1607.0,516.0,236.0,S,OHIO AREA,Y,N,79.98999023,3.0,2.0,WCMB,0.0,0.0,,,,U,,,,,,,0.0,S,U,U,U,U,U,N,192.0,180-365,1,0.14666104334284974,2.588815789473684,0.0036750583960550223,0.0,25.335526315789473,4803.2225,0.27864344637946836,0,0,1,1,1,1,1,1,1,1,1,0,0.54865855,297.6371787195206,45,252.6371787195206,837.1045314669609,65,772.1045314669609,1637.0044829573633,85,1552.0044829573633
336.425,1560.5,50.0,0.0,954.75,286.425,286.425,0.0,0.0,5.5,-4.125,5.666666667,0.0,0.0,0.0,32.0,0.0,210.6666667,0.0,106.6666667,0.0,175.0,0.0,0.0,0.0,0.0,26.33333333,0.0,585.9833333,0.0,720.9933333,61.66666667,116.5766667,43.66666667,380.56,154.0,0.0,715.25,0.0,119.0,0.0,591.7233333,0.0,5.666666667,210.6666667,175.0,0.0,5.0,18,1040906,1,1,U,AA,N,4188,18206.0,3784.97,3698.08,18086.0,4160,217.53,1063.88,244.71,1559,365,338,1579.0,387.0,346.0,U,GREAT LAKES AREA,Y,N,59.98999023,1.0,1.0,WCMB,1.0,1.0,O,6.0,S,U,2.0,M,6.0,,I,A,0.0,N,U,U,U,U,U,Y,540.0,365-730,0,0.2154498879282741,5.616176470588235,0.0,0.0,30.598039215686274,6055.650000000001,0.15114469882196044,0,0,0,0,0,0,0,0,1,0,0,0,0.45929894,296.6777191472054,45,251.67771914720538,834.406115180254,65,769.406115180254,1631.7274553096297,85,1546.7274553096297
243.14,1635.25,39.99,0.2475,688.0,240.8,240.8,0.0,0.0,2073.75,563.12,11.66666667,0.0,11.66666667,0.0,78.66666667,0.0,522.6666667,0.0,194.6666667,0.0,423.6666667,0.0,0.666666667,2.0,1.433333333,73.66666667,0.333333333,703.53,0.0,503.2166667,129.6666667,178.1333333,65.33333333,170.7266667,306.0,0.0,641.5566667,0.0,309.3333333,0.0,565.1933333,0.0,23.33333333,522.6666667,423.6666667,0.0,19.33333333,16,1041402,2,2,N,EA,N,6022,11718.0,1111.06,1074.6,11586.0,5961,76.76,827.57,425.79,944,478,55,990.0,508.0,86.0,T,HOUSTON AREA,N,N,129.9899902,2.0,2.0,WCMB,0.0,0.0,,,,U,,,,,,,0.0,H,U,U,U,U,U,N,130.0,<180,1,0.14859587471352176,5.874603561844352,0.0,10.666666672,39.89387655525738,3890.24,0.1326036555718602,0,0,1,1,1,1,1,1,1,1,1,1,0.6318686,294.9744792404175,45,249.9744792404175,829.6157518482207,65,764.6157518482207,1622.3596358222962,85,1537.3596358222962
225.7425,2074.25,61.285,0.2475,451.25,157.9375,157.9375,0.0,11.675,-1684.25,-266.9325,35.33333333,0.0,29.66666667,0.0,85.66666667,0.0,573.3333333,0.0,179.6666667,0.0,437.3333333,0.0,25.33333333,28.66666667,15.34666667,67.66666667,0.0,986.6233333,0.0,414.2566667,33.33333333,58.84333333,5.0,13.62666667,271.6666667,0.0,536.68,0.0,317.0,0.0,864.2033333,0.0,65.0,573.3333333,437.3333333,0.0,1.666666667,16,1046595,6,2,N,A,N,9407,23867.0,2465.14,2345.85,23048.0,8941,167.56,1646.29,638.64,2636,819,315,2270.0,750.0,251.0,T,CENTRAL/SOUTH TEXAS AREA,N,N,29.98999023,1.0,1.0,,0.0,0.0,O,4.0,S,A,3.0,M,1.0,1.0,I,A,0.0,H,U,U,U,U,U,Y,485.0,365-730,0,0.10877846042645464,2.5357228867303525,0.005625828213468257,405.33333328,33.302560809183596,3611.88,0.03463916494161228,0,1,0,0,0,0,0,0,0,0,0,0,0.6754369,292.7516669211388,45,247.7516669211388,823.3640766710043,65,758.3640766710043,1610.1341680662633,85,1525.1341680662633
216.42,808.0,50.0,4.455,241.25,72.375,72.375,0.0,1.4425,271.0,24.94,0.0,0.0,0.0,0.0,0.0,0.0,0.0,0.0,0.0,0.0,0.0,0.0,0.0,0.0,0.0,0.0,0.0,0.0,0.0,0.0,0.0,0.0,0.0,0.0,0.0,0.0,0.0,0.0,0.0,0.0,0.0,0.0,0.0,0.0,0.0,0.0,0.0,16,1040311,1,1,N,AA,N,3343,10422.0,2667.54,2578.99,10241.0,3269,171.93,682.73,217.93,718,214,208,747.0,246.0,177.0,U,SOUTHWEST AREA,Y,N,149.9899902,2.0,2.0,WCMB,0.0,0.0,O,,,S,1.0,M,9.0,2.0,C,,0.0,U,U,U,U,U,U,Y,256.0,180-365,1,0.2675154511742892,1.4191176470588236,0.0017830655129789862,0.0,15.843137254901961,3462.72,0.4133738601823708,0,0,0,1,1,0,0,0,0,0,1,1,0.7025918,291.9454151916504,45,246.9454151916504,821.0965318250655,65,756.0965318250655,1605.6997835540772,85,1520.6997835540772
311.655,4251.5,200.4075,4.95,603.75,90.5625,90.5625,0.0,15.735,-1106.5,-106.715,10.66666667,0.0,13.33333333,0.0,74.0,0.0,902.3333333,0.666666667,450.0,0.0,806.3333333,0.666666667,0.0,0.0,0.0,140.6666667,0.0,2087.636667,0.553333333,1483.41,192.3333333,430.4533333,42.33333333,273.1833333,992.3333333,0.0,2787.573333,0.0,262.0,0.666666667,783.4733333,0.553333333,24.0,903.0,807.0,0.0,53.66666667,22,1041455,1,1,Y,AA,N,22459,60807.0,6171.73,6059.48,60807.0,22459,302.97,3040.35,1122.95,4620,1281,347,4100.0,1158.0,319.0,S,MIDWEST AREA,Y,N,129.9899902,3.0,3.0,WCMB,0.0,0.0,,,,U,,,,,,,0.0,J,U,U,U,U,U,N,94.0,<180,1,0.07328747795414461,0.4496481014857937,0.0037001763668430333,0.0,21.1089457939749,6856.41,0.6898225845121073,0,0,1,1,1,1,1,1,1,1,1,1,0.48695958,291.385726524353,45,246.385726524353,819.5223558497428,65,754.5223558497428,1602.6214958839416,85,1517.6214958839416
235.8075,923.0,30.0,1.7325,570.75,199.7625,199.7625,0.0,0.0,67.0,35.5025,10.33333333,0.0,3.666666667,0.0,48.0,0.0,306.3333333,0.0,45.66666667,0.0,246.3333333,0.0,3.0,15.0,12.94,13.66666667,0.0,635.9033333,0.0,115.5633333,29.0,42.53,6.333333333,9.833333333,230.3333333,0.0,671.9933333,0.0,59.66666667,0.0,79.47333333,0.0,14.0,306.3333333,246.3333333,0.0,3.0,23,1032085,1,1,U,CA,N,3826,11668.0,2666.14,2594.49,11215.0,3651,172.97,747.67,243.4,901,282,224,930.0,269.0,236.0,T,OHIO AREA,N,N,29.98999023,1.0,1.0,,0.0,0.0,,0.0,S,U,2.0,M,8.0,2.0,H,A,0.0,N,U,U,U,U,U,N,674.0,365-730,0,0.25520292207792206,6.443951612903225,0.0,69.0,29.774193548387096,5423.5725,0.0957491988726304,0,1,1,0,0,0,0,0,0,0,0,0,0.6407447,290.09742643475533,45,245.09742643475533,815.8990188753605,65,750.8990188753605,1595.5358453911545,85,1510.5358453911545
402.625,3163.75,209.98,12.87,719.0,179.775,179.625,0.15,0.0,-392.75,-76.295,78.33333333,0.0,1.333333333,0.0,112.6666667,0.0,942.3333333,18.0,433.0,0.0,777.3333333,18.0,0.0,0.0,0.0,198.0,0.0,1405.083333,7.663333333,959.5766667,222.3333333,302.7166667,44.33333333,179.76,959.6666667,17.33333333,2043.986667,7.543333333,157.3333333,0.666666667,320.6733333,0.12,79.66666667,960.3333333,795.3333333,0.0,48.0,51,1097931,1,1,U,B,N,41377,100410.0,13358.37,12859.16,96223.0,39617,428.64,3207.43,1320.57,3295,1439,428,3108.0,1366.0,389.0,S,LOS ANGELES AREA,Y,N,149.9899902,6.0,5.0,WCMB,0.0,0.0,O,5.0,M,S,1.0,M,3.0,1.0,B,H,0.0,N,U,U,U,U,U,Y,132.0,<180,1,0.1272217394738921,0.8520949853066642,0.0,0.0,14.995497203526401,20533.875,0.5399291115916622,0,0,0,0,0,0,0,0,0,0,0,0,0.3739754,289.09795176386837,45,244.09795176386837,813.0879473388195,65,748.0879473388195,1590.0387347012759,85,1505.0387347012759
292.9175,3423.75,134.345,1.2375,517.25,158.2125,158.2125,0.0,1.6225,1000.25,-55.6875,35.33333333,0.0,0.333333333,0.0,125.3333333,0.0,630.0,0.0,253.0,0.0,480.6666667,0.0,0.0,0.0,0.0,108.3333333,0.666666667,1461.623333,0.0,1141.99,82.66666667,91.75666667,1.333333333,10.38666667,439.3333333,0.0,1415.35,0.0,217.3333333,0.0,1188.253333,0.0,35.66666667,630.0,480.6666667,0.0,16.66666667,26,1026710,2,2,U,BA,N,8946,38632.0,3815.36,3605.37,38632.0,8946,150.22,1609.67,372.75,3090,636,312,2761.0,559.0,253.0,U,NEW ENGLAND AREA,Y,R,129.9899902,5.0,3.0,WCMB,0.0,0.0,O,4.0,S,M,1.0,M,5.0,,C,A,0.0,U,U,U,U,U,U,Y,202.0,180-365,1,0.08552960070078108,1.1689571096087776,0.00047375720855536904,0.0,25.296464590490967,7615.8550000000005,0.4610510717661786,0,0,0,0,0,0,0,0,1,0,0,0,0.5129295,288.47237659573557,45,243.47237659573557,811.328532986641,65,746.328532986641,1586.5980712765459,85,1501.5980712765459
286.715,2876.0,69.99,7.425,731.0,219.3,219.3,0.0,0.0,1496.0,482.475,13.0,0.0,0.0,0.0,57.33333333,0.0,339.0,1.666666667,170.3333333,0.0,272.0,1.666666667,1.0,1.0,0.11,107.3333333,0.0,1191.906667,1.306666667,543.1133333,66.0,179.0066667,44.66666667,387.94,198.0,0.666666667,432.0366667,0.713333333,203.0,1.0,1302.973333,0.593333333,13.0,340.6666667,273.6666667,0.0,1.666666667,13,1077766,1,1,N,AA,N,5204,22037.0,1843.73,1737.4,22035.0,5202,144.78,1836.25,433.5,2377,433,126,2099.0,488.0,171.0,S,LOS ANGELES AREA,Y,N,129.9899902,3.0,2.0,WCMB,0.0,0.0,,,,U,,,,,,,0.0,O,U,U,U,U,U,N,308.0,180-365,1,0.09965762947514771,3.0891674883786453,0.0,13.0,40.51274827440485,3727.2949999999996,0.19649579273693532,0,0,1,1,1,1,1,1,1,1,1,1,0.5226121,287.6942172985077,45,242.69421729850768,809.1399519729614,65,744.1399519729614,1582.318195141792,85,1497.318195141792
237.08,2429.5,94.99,3.465,340.5,95.73,66.1875,29.5425,2.7225,273.5,105.72,0.0,0.0,0.0,0.0,0.0,0.0,0.0,0.0,0.0,0.0,0.0,0.0,0.0,0.0,0.0,0.0,0.0,0.0,0.0,0.0,0.0,0.0,0.0,0.0,0.0,0.0,0.0,0.0,0.0,0.0,0.0,0.0,0.0,0.0,0.0,0.0,0.0,11,1069087,1,1,U,AA,N,7385,19736.0,1963.64,1833.27,19669.0,7343,183.33,1966.9,734.3,2338,856,202,2301.0,831.0,220.0,U,HOUSTON AREA,Y,N,199.9899902,1.0,1.0,WCMB,0.0,0.0,,,,U,,,,,,,0.0,R,U,U,U,U,U,N,326.0,180-365,0,0.0975437152849208,0.9972913845192208,0.0011201398889117465,0.0,25.309928117512243,2607.88,0.5006780721886084,0,0,1,1,1,1,1,1,1,1,1,0,0.6270845,285.44486172866823,45,240.44486172866823,802.813680677414,65,737.813680677414,1569.9467395076754,85,1484.9467395076754
287.2775,3493.0,167.4825,21.285,462.75,83.75,83.75,0.0,16.26,183.0,10.8925,44.33333333,0.0,2.0,0.0,272.0,0.0,1233.0,0.0,555.0,0.0,927.0,0.0,4.0,5.666666667,4.413333333,264.6666667,0.666666667,1484.18,0.0,991.2033333,221.0,235.9966667,43.0,86.34666667,980.3333333,0.0,1818.173333,0.0,333.6666667,0.0,657.2066667,0.0,46.33333333,1233.0,927.0,0.0,102.0,16,1046659,2,2,U,AA,N,15387,38066.0,4596.08,4487.84,38066.0,15387,299.19,2537.73,1025.8,3432,1334,284,3043.0,1194.0,250.0,T,ATLANTIC SOUTH AREA,Y,N,199.9899902,2.0,2.0,WCMB,0.0,0.0,O,6.0,S,S,1.0,M,8.0,,C,A,0.0,U,U,U,U,U,U,N,179.0,<180,1,0.08222023468803663,0.49708426691199387,0.004653692043503149,64.0,20.732123514311578,4596.44,0.18191462081438192,0,0,0,0,0,0,0,0,1,0,0,1,0.51741046,285.38952363204953,45,240.38952363204953,802.6581037074327,65,737.6581037074327,1569.6423799762727,85,1484.6423799762727
205.8425,738.5,29.99,0.0,389.5,136.325,136.325,0.0,25.5875,881.5,260.9375,23.33333333,0.0,32.0,0.0,35.33333333,0.0,230.0,0.0,53.33333333,0.0,145.3333333,0.0,0.666666667,1.333333333,0.903333333,24.0,0.333333333,161.5933333,0.0,75.84666667,25.33333333,34.66333333,9.666666667,17.63666667,102.6666667,0.0,119.62,0.0,89.66666667,0.0,117.82,0.0,55.33333333,230.0,145.3333333,0.0,2.333333333,33,1006197,1,1,N,A,N,3837,10014.0,2511.92,2460.26,9988.0,3824,76.88,312.13,119.5,445,187,119,335.0,128.0,84.0,T,TENNESSEE AREA,Y,N,29.98999023,1.0,1.0,WC,0.0,0.0,O,4.0,S,M,2.0,M,9.0,,C,A,0.0,S,U,U,U,U,U,Y,1015.0,730+,0,0.27835361730899255,4.398999677315262,0.03460108181203516,22.000000011,23.83026782833172,6792.8025,0.16486234870752478,0,0,0,0,0,0,0,0,1,0,0,1,0.7216609,285.21310937356947,45,240.21310937356947,802.1618578439951,65,737.1618578439951,1568.6721015546323,85,1483.6721015546323
251.6225,2020.75,149.99,0.99,387.75,96.9375,96.9375,0.0,0.0,-416.75,-87.6425,142.3333333,0.0,17.33333333,0.0,121.0,0.0,924.6666667,0.0,366.3333333,0.0,684.0,0.0,0.0,0.0,0.0,231.3333333,0.0,1039.773333,0.0,352.4133333,250.3333333,303.7566667,14.33333333,23.28,625.3333333,0.0,970.7966667,0.0,309.0,0.0,421.3833333,0.0,159.6666667,924.6666667,684.0,0.0,23.0,26,1024413,3,1,U,AA,N,21938,52889.0,7068.18,6806.19,52053.0,21563,272.25,2082.12,862.52,2160,960,281,2023.0,863.0,251.0,S,LOS ANGELES AREA,N,R,29.98999023,2.0,2.0,WC,0.0,0.0,O,8.0,,B,1.0,M,9.0,1.0,C,,0.0,H,U,U,U,U,U,Y,328.0,180-365,1,0.12445777173241004,0.6420127160739122,0.0,0.0,13.383336644810914,6542.185,0.6090086819735608,0,0,0,0,1,0,0,0,0,0,1,0,0.58860046,284.36181776714324,45,239.36181776714324,799.7677024573088,65,734.7677024573088,1563.9899977192879,85,1478.9899977192879
221.18,3039.25,34.9975,4.2075,495.25,123.8125,123.8125,0.0,20.315,1068.75,152.24,34.33333333,0.0,5.333333333,0.0,224.6666667,0.0,969.6666667,0.0,427.3333333,0.0,716.0,0.0,4.333333333,60.33333333,58.13666667,256.0,2.0,1367.536667,0.0,761.42,274.6666667,359.87,101.0,323.1766667,472.0,0.0,1017.44,0.0,521.0,0.0,1131.516667,0.0,39.66666667,969.6666667,716.0,0.0,6.333333333,7,1078955,3,2,U,BA,N,5497,15288.0,1176.24,1135.08,15158.0,5446,189.18,2526.33,907.67,2683,946,170,2526.0,908.0,189.0,,DC/MARYLAND/VIRGINIA AREA,Y,N,149.9899902,2.0,2.0,WCMB,,,,,,,,,,,,,,,,,,,,,20.0,<180,1,0.07275059616807829,3.4394749635391344,0.006682016281555793,30.333333331,84.42947426904645,1548.26,0.11398858452138971,1,0,1,1,1,1,1,1,1,1,1,1,0.66730314,283.3806735496521,45,238.3806735496521,797.0081839084626,65,732.0081839084626,1558.5937045230867,85,1473.5937045230867
219.805,1361.0,60.045,3.96,401.5,160.6,160.6,0.0,0.0,-217.0,-98.295,9.333333333,0.0,6.0,0.0,34.0,0.0,346.0,0.0,209.6666667,0.0,302.6666667,0.0,2.666666667,56.0,54.69666667,78.66666667,0.0,466.9466667,0.0,568.7933333,47.66666667,34.35666667,6.0,9.533333333,272.3333333,0.0,586.01,0.0,234.0,0.0,449.73,0.0,15.33333333,346.0,302.6666667,0.0,12.33333333,10,1093377,4,2,N,AA,N,3960,9709.0,1336.78,1250.9,9709.0,3960,138.99,1078.78,440.0,1433,530,253,1127.0,444.0,163.0,S,SOUTH FLORIDA AREA,N,N,29.98999023,2.0,2.0,WCMB,0.0,0.0,O,11.0,S,M,4.0,M,5.0,2.0,C,A,0.0,H,U,U,Y,U,U,Y,103.0,<180,1,0.16138399412628487,2.6308460971414527,0.0,26.666666669999998,22.295028257842574,2198.05,0.1587928500429695,0,0,0,0,0,0,0,0,0,0,0,1,0.66672504,281.375034822464,45,236.375034822464,791.3673640465737,65,726.3673640465737,1547.562691523552,85,1462.562691523552
258.535,2804.75,75.1975,0.0,469.0,182.075,182.075,0.0,0.32,-743.75,-57.145,18.66666667,0.0,0.666666667,0.0,47.0,0.0,340.3333333,0.0,140.3333333,0.0,280.3333333,0.0,15.0,59.0,51.42333333,40.33333333,0.0,1510.973333,0.0,1731.08,24.66666667,23.37666667,0.0,0.0,230.0,0.0,1148.713333,0.0,168.0,0.0,2093.356667,0.0,19.33333333,340.3333333,280.3333333,0.0,11.33333333,15,1070134,1,1,U,CA,Y,3046,17312.0,1471.18,1391.2,17226.0,3032,107.02,1325.08,233.23,3053,376,278,1951.0,302.0,169.0,S,GREAT LAKES AREA,Y,N,199.9899902,2.0,2.0,WCMB,1.0,0.0,O,4.0,M,M,3.0,M,4.0,,I,B,0.0,N,U,U,U,U,U,Y,88.0,<180,1,0.09214470284237727,2.3895140916696738,0.0001140515013810924,225.0,36.8089504248827,3878.0250000000005,0.05437881583032111,0,0,0,0,0,0,0,0,1,0,0,0,0.5661735,281.04127533245094,45,236.04127533245094,790.4285714626313,65,725.4285714626313,1545.7270143284802,85,1460.7270143284802
187.1175,808.75,40.07,4.7025,307.0,108.345,108.15,0.195,0.0,331.25,197.7125,18.0,0.0,2.333333333,0.0,149.6666667,0.0,382.3333333,0.333333333,80.66666667,0.0,216.3333333,0.333333333,0.0,0.0,0.0,39.33333333,1.0,443.8066667,0.41,191.33,41.66666667,42.34,5.333333333,4.856666667,201.6666667,0.0,421.1733333,0.0,81.33333333,0.333333333,213.9633333,0.41,20.33333333,382.6666667,216.6666667,0.0,4.0,13,1069895,2,2,N,BA,N,1958,4598.0,747.85,717.86,4593.0,1957,65.26,417.55,177.91,698,254,121,517.0,205.0,87.0,C,ATLANTIC SOUTH AREA,Y,R,29.98999023,3.0,2.0,WCMB,0.0,0.0,O,2.0,S,U,2.0,M,3.0,1.0,C,A,0.0,S,U,U,U,U,U,Y,241.0,180-365,1,0.23108058042605745,2.6380569758948136,0.0,0.0,19.69198928658388,2432.5275,0.27487200080313223,0,0,0,0,0,0,0,0,0,0,0,1,0.7822066,281.01990738058095,45,236.01990738058095,790.3685229671001,65,725.3685229671001,1545.6094905931952,85,1460.6094905931952
213.8225,1647.5,59.99,6.6825,387.25,154.9,154.9,0.0,0.0,-297.5,-75.8025,24.66666667,0.0,3.0,0.0,72.66666667,0.0,775.6666667,0.0,227.0,0.0,683.0,0.0,2.333333333,6.333333333,5.14,139.6666667,0.0,709.3,0.0,328.94,107.6666667,90.22,21.0,31.07,464.0,0.0,556.97,0.0,384.3333333,0.0,481.27,0.0,27.66666667,775.6666667,683.0,0.0,0.333333333,20,1040753,3,2,U,BA,N,14152,28992.0,3645.99,3587.24,28862.0,14078,188.8,1519.05,740.95,1747,879,239,1731.0,884.0,247.0,U,NEW YORK CITY AREA,Y,N,199.9899902,2.0,2.0,WCMB,1.0,1.0,O,7.0,S,M,5.0,M,7.0,1.0,,A,0.0,U,U,U,U,U,U,Y,353.0,180-365,1,0.12970730967546254,2.5397606164945072,0.0,46.666666660000004,27.01262502049516,4276.45,0.17026800670983125,0,0,0,0,0,0,0,0,0,1,0,0,0.68105227,279.59866939210895,45,234.59866939210895,786.3712449204921,65,721.3712449204921,1537.7926816565991,85,1452.7926816565991
224.17,948.25,57.8575,0.7425,400.5,154.5625,154.5625,0.0,0.0,1326.75,302.0,14.0,0.0,30.33333333,0.0,8.333333333,0.0,203.3333333,0.0,38.66666667,0.0,154.3333333,0.0,0.0,0.0,0.0,15.66666667,3.333333333,312.8766667,0.0,138.9433333,22.0,22.64666667,0.0,0.0,152.3333333,0.0,352.78,0.0,36.0,0.0,99.04,0.0,44.33333333,203.3333333,154.3333333,0.0,1.666666667,12,1052836,1,1,U,AA,N,1153,3088.0,769.83,709.45,3051.0,1147,64.5,277.36,104.27,506,136,123,300.0,88.0,78.0,U,OHIO AREA,Y,N,59.98999023,1.0,1.0,WCMB,1.0,0.0,O,3.0,S,M,2.0,M,7.0,2.0,I,A,0.0,N,U,U,U,U,U,Y,367.0,365-730,0,0.2361548590992889,2.62604595845899,0.0,0.0,16.11094592872616,2690.04,0.27578249461156407,0,0,0,0,0,0,0,0,0,0,0,1,0.64731735,278.60953878402705,45,233.60953878402705,783.5893545532226,65,718.5893545532226,1532.352463312149,85,1447.352463312149
196.6875,690.75,34.98,0.7425,1.75,0.6125,0.6125,0.0,153.8825,-178.75,-18.1875,6.333333333,0.0,32.66666667,0.0,25.0,0.0,153.3333333,0.0,17.33333333,0.0,90.33333333,0.0,2.0,3.666666667,2.176666667,10.33333333,1.333333333,112.46,0.0,20.14333333,29.0,18.63333333,2.0,4.316666667,46.66666667,0.0,53.59666667,0.0,60.0,0.0,79.00666667,0.0,39.0,153.3333333,90.33333333,0.0,0.0,16,1039111,1,1,N,DA,N,3127,7092.0,1223.99,1180.48,7042.0,3104,78.7,469.47,206.93,750,335,203,588.0,262.0,125.0,T,DC/MARYLAND/VIRGINIA AREA,Y,N,29.98999023,2.0,1.0,,0.0,0.0,O,9.0,S,M,6.0,M,3.0,2.0,C,A,0.0,N,U,U,U,U,U,Y,431.0,365-730,1,0.2843332128659198,0.017023346303501947,0.2224539212143115,32.0,19.19816564758199,3147.0,0.3314525229727551,0,1,0,0,0,0,0,0,0,0,0,1,0.7368123,278.249779522419,45,233.24977952241898,782.5775635242462,65,717.5775635242462,1530.3737873733046,85,1445.3737873733046
175.95,1399.5,21.775,7.92,573.5,143.375,143.375,0.0,2.88,,,28.66666667,0.0,12.33333333,0.0,44.66666667,0.0,327.0,0.0,54.33333333,0.0,249.6666667,0.0,3.0,5.333333333,3.626666667,27.0,0.0,321.7766667,0.0,95.70333333,12.66666667,7.71,4.0,10.23666667,135.3333333,0.0,211.27,0.0,151.0,0.0,206.21,0.0,41.0,327.0,249.6666667,0.0,2.666666667,21,1037053,2,0,U,AA,N,6966,16033.0,1676.13,1628.16,15975.0,6947,85.69,840.79,365.63,1244,613,154,1110.0,575.0,132.0,T,HOUSTON AREA,Y,N,79.98999023,1.0,1.0,WCMB,0.0,0.0,O,,,B,1.0,M,6.0,1.0,C,,0.0,S,U,U,U,U,U,Y,627.0,365-730,0,0.1256337022491967,6.295279912184413,0.002056408425562299,63.0,61.448957189901215,3694.95,0.09713189039343215,0,0,0,1,1,0,0,0,0,0,1,1,0.82236016,277.81298458099366,45,232.81298458099366,781.3490610837936,65,716.3490610837936,1527.9714151954652,85,1442.9714151954652
194.975,1021.75,59.99,0.0,99.5,29.85,29.85,0.0,85.055,-1021.75,-144.985,42.0,0.0,0.666666667,0.0,1.666666667,0.0,362.6666667,0.0,140.0,0.0,328.0,0.0,0.0,0.0,0.0,70.0,0.333333333,490.6533333,0.0,252.0166667,94.33333333,116.8466667,17.33333333,42.57666667,201.6666667,0.0,285.3733333,0.0,255.0,0.0,457.3,0.0,42.66666667,362.6666667,328.0,0.0,14.33333333,11,1058853,1,1,U,AA,N,4520,12167.0,1374.09,1290.86,12167.0,4520,129.09,1216.7,452.0,1362,557,243,1241.0,517.0,160.0,U,NEW YORK CITY AREA,N,R,239.9899902,3.0,2.0,WCMB,0.0,0.0,,2.0,M,U,2.0,M,1.0,1.0,C,C,0.0,H,U,U,U,U,U,N,73.0,<180,1,0.19063798582253727,0.4894244958189867,0.08316304082131509,0.0,16.75274635186096,2144.725,0.6714002642007926,0,0,1,0,0,0,0,0,0,0,0,1,0.7420609,277.79199681282046,45,232.79199681282046,781.2900142788886,65,716.2900142788886,1527.8559824705126,85,1442.8559824705126
248.3725,2030.0,135.8225,30.4425,194.25,57.8625,57.8625,0.0,31.87,-858.0,-27.5925,48.0,1.666666667,106.0,3.666666667,206.3333333,0.333333333,812.0,7.333333333,70.66666667,0.0,456.0,1.666666667,4.0,22.33333333,19.94666667,38.33333333,0.0,775.44,1.353333333,194.7166667,34.0,51.72666667,2.0,1.8,291.6666667,0.666666667,473.4733333,0.173333333,230.6666667,1.0,496.68,1.18,159.3333333,819.3333333,457.6666667,0.0,2.0,6,1084808,2,2,N,AA,N,3626,13142.0,1622.83,1541.95,13142.0,3626,308.39,2628.4,725.2,2316,735,258,,,,T,ATLANTIC SOUTH AREA,T,N,99.98999023,3.0,2.0,WCMB,0.0,0.0,O,7.0,M,M,2.0,M,8.0,,C,B,1.0,N,U,U,U,U,U,Y,83.0,<180,1,0.12229074347612014,0.42290193498876283,0.015691777449532252,24.0,14.836741033090318,1490.2350000000001,0.18440311331244313,0,0,0,0,0,0,0,0,1,0,0,1,0.5818637,277.47637842559817,45,232.47637842559817,780.4023143219948,65,715.4023143219948,1526.12008134079,85,1441.12008134079
185.5925,1116.0,35.03,0.0,423.25,134.475,134.475,0.0,0.0,-584.0,-140.2025,0.0,0.0,0.0,0.0,0.0,0.0,0.0,0.0,0.0,0.0,0.0,0.0,0.0,0.0,0.0,0.0,0.0,0.0,0.0,0.0,0.0,0.0,0.0,0.0,0.0,0.0,0.0,0.0,0.0,0.0,0.0,0.0,0.0,0.0,0.0,0.0,0.0,25,1023392,2,2,U,AA,N,2715,7601.0,1718.39,1659.78,7488.0,2650,72.16,325.57,115.22,1311,447,232,922.0,317.0,178.0,S,HOUSTON AREA,N,N,29.98999023,1.0,1.0,WC,0.0,0.0,O,1.0,S,U,3.0,M,5.0,1.0,C,A,0.0,O,U,U,U,U,U,Y,743.0,730+,0,0.16615264100268576,3.7323064113238966,0.0,0.0,30.974188176519565,4639.8125,0.21131345121843934,0,0,0,0,0,0,0,0,0,0,0,1,0.7744334,275.9597441549301,45,230.9597441549301,776.136802560091,65,711.136802560091,1517.7785928521157,85,1432.7785928521157
199.2525,1525.75,69.99,3.96,330.75,132.3,132.3,0.0,13.0025,-220.75,18.9275,22.0,0.0,1.333333333,0.0,64.0,0.0,411.0,0.0,263.0,0.0,332.3333333,0.0,0.0,0.0,0.0,161.0,0.666666667,747.0066667,0.0,565.2933333,108.3333333,116.33,17.66666667,43.46,282.6666667,0.0,557.6966667,0.0,185.0,0.0,754.6033333,0.0,23.33333333,411.0,332.3333333,0.0,0.0,11,1089483,1,1,U,BA,N,3462,10887.0,1284.5,1198.62,10850.0,3451,119.86,1085.0,345.1,1599,470,193,1233.0,411.0,137.0,T,NEW ENGLAND AREA,Y,N,199.9899902,1.0,1.0,WCMB,0.0,0.0,O,7.0,,S,1.0,M,6.0,,C,,0.0,F,U,U,U,U,U,Y,328.0,180-365,0,0.13050761421319798,1.8636427665868436,0.008516456525298838,0.0,21.492463727285536,2191.7775,0.3492055683998229,0,0,0,0,1,0,0,0,1,0,1,1,0.72090864,275.7942703742981,45,230.7942703742981,775.6714329332113,65,710.6714329332113,1516.8684870586396,85,1431.8684870586396
206.645,1179.5,34.0825,31.4325,375.75,131.5125,131.5125,0.0,0.0,-128.5,-53.125,30.66666667,0.0,0.666666667,0.0,20.66666667,0.0,455.3333333,0.0,98.0,0.0,404.6666667,0.0,3.0,18.66666667,17.03333333,58.33333333,3.0,522.6433333,0.0,123.57,91.33333333,90.85333333,13.33333333,10.68,326.3333333,0.0,416.7466667,0.0,173.3333333,0.0,229.4666667,0.0,31.33333333,455.3333333,404.6666667,0.0,0.666666667,17,1043077,2,2,Y,CA,N,6043,11159.0,1800.69,1736.83,11089.0,5997,108.55,693.06,374.81,1222,623,225,930.0,494.0,165.0,U,NEW YORK CITY AREA,N,R,9.989997864,5.0,2.0,WCMB,0.0,0.0,R,4.0,,S,1.0,M,6.0,,C,,0.0,N,U,U,U,U,U,Y,419.0,365-730,1,0.17504870817450233,3.7486638637497323,0.0,51.0,33.62075108672415,3512.965,0.12905450766528415,0,0,0,0,1,0,0,0,1,0,1,1,0.6941927,275.4268037004471,45,230.42680370044712,774.6378730905056,65,709.6378730905056,1514.847420352459,85,1429.847420352459
443.6375,2191.5,92.53,0.2475,959.75,346.1125,346.1125,0.0,0.0,-114.5,-250.3975,14.0,0.0,6.666666667,0.0,49.66666667,0.0,391.0,0.0,276.6666667,0.0,328.0,0.0,2.333333333,15.33333333,13.98666667,81.0,1.0,833.7966667,0.0,1118.42,37.66666667,79.11333333,26.0,149.42,393.0,0.0,1248.456667,0.0,204.3333333,0.0,703.7566667,0.0,20.66666667,391.0,328.0,0.0,19.0,20,1040236,1,1,Y,DA,N,3311,9832.0,2421.31,2353.49,9830.0,3309,123.87,517.37,174.16,2230,665,527,1321.0,410.0,315.0,S,CENTRAL/SOUTH TEXAS AREA,Y,N,29.98999023,1.0,1.0,,0.0,0.0,,,,U,,,,,,,0.0,N,U,U,U,U,U,N,592.0,365-730,0,0.20234321550741163,3.7005506254677645,0.0,46.666666660000004,23.430984710787982,8872.75,0.14216896467223442,0,1,1,1,1,1,1,1,1,1,1,0,0.3229752,275.10508103251453,45,230.10508103251453,773.7330800682306,65,708.7330800682306,1513.07794567883,85,1428.07794567883
201.9425,1385.25,49.99,6.1875,319.5,95.985,95.4,0.585,4.64,-240.25,-108.6025,3.0,0.333333333,9.0,0.0,78.0,0.0,336.0,2.0,196.6666667,0.0,247.6666667,1.666666667,0.0,0.0,0.0,92.0,0.333333333,513.7533333,19.41,429.6266667,48.0,26.49666667,81.0,146.1733333,194.3333333,0.0,363.3466667,0.0,248.3333333,1.666666667,580.0333333,19.41,12.33333333,338.0,249.3333333,0.666666667,9.0,11,1059046,2,2,U,CA,N,4256,11606.0,1576.67,1442.75,10843.0,3939,160.31,1204.78,437.67,1465,509,238,1172.0,420.0,154.0,C,SOUTHWEST AREA,Y,N,149.9899902,2.0,2.0,WCMB,0.0,0.0,,2.0,M,B,1.0,M,2.0,,C,B,0.0,S,U,U,U,U,U,N,324.0,180-365,1,0.14567538322813345,1.8824279270445186,0.0033471596032461676,0.0,27.167091586585602,2221.3675,0.3469297499574758,0,0,1,0,0,0,0,0,1,0,0,1,0.708952,274.8816945385933,45,229.8816945385933,773.1047538530827,65,708.1047538530827,1511.849319962263,85,1426.849319962263
244.0725,1537.75,109.99,0.2475,598.75,149.8975,149.3125,0.585,0.0,-1467.75,-141.7425,11.66666667,0.0,8.333333333,0.0,51.0,0.666666667,212.6666667,2.0,102.6666667,0.0,145.6666667,1.333333333,1.333333333,3.0,2.146666667,36.0,0.0,470.03,1.203333333,450.7033333,48.33333333,85.24666667,16.0,50.64666667,152.3333333,1.333333333,401.2733333,1.203333333,92.0,0.0,519.46,0.0,20.0,214.6666667,147.0,0.0,3.0,16,1047697,2,2,N,BA,N,6166,19717.0,2181.29,2102.89,18565.0,5790,161.76,1428.08,445.38,2027,464,291,1681.0,482.0,210.0,U,HOUSTON AREA,Y,R,129.9899902,3.0,2.0,WCMB,1.0,1.0,O,2.0,S,A,3.0,M,6.0,1.0,I,A,0.0,H,U,U,U,U,U,Y,177.0,<180,1,0.1586173842404549,1.3505495990629788,0.0,21.333333328,13.85485178844941,3905.16,0.27145270857996534,0,0,0,0,0,0,0,0,0,0,0,1,0.5842211,273.7772407114506,45,228.7772407114506,769.9985113227367,65,704.9985113227367,1505.7748239129783,85,1420.7748239129783
223.4425,2101.5,194.5725,2.97,199.25,29.8875,29.8875,0.0,0.0,845.5,69.0675,19.33333333,0.0,36.33333333,0.0,105.6666667,0.0,658.0,0.0,205.3333333,0.0,502.6666667,0.0,0.0,0.0,0.0,65.0,0.333333333,965.9366667,0.0,523.7,95.33333333,125.25,33.33333333,55.20333333,575.0,0.0,1268.746667,0.0,126.0,0.0,220.89,0.0,55.66666667,658.0,502.6666667,0.0,33.66666667,13,1070075,2,2,Y,U1,N,7865,22700.0,2986.97,2632.01,22700.0,7865,239.27,2063.64,715.0,1820,652,200,2229.0,774.0,244.0,U,CHICAGO AREA,Y,N,129.9899902,3.0,3.0,WCMB,0.0,0.0,,,,U,,,,,,,0.0,U,U,U,U,U,U,N,218.0,180-365,1,0.10627467300832343,0.1528205652635212,0.0,0.0,10.745375755793887,2904.7525,0.8674376829592831,0,0,1,1,1,1,1,1,1,1,1,1,0.6377158,273.58622439670563,45,228.58622439670563,769.4612294793129,65,704.4612294793129,1504.724234181881,85,1419.724234181881
223.2375,1728.25,39.0375,2.7225,400.25,139.8275,139.4375,0.39,0.0,326.75,12.6125,19.0,0.0,2.666666667,0.0,234.6666667,0.0,549.6666667,1.0,176.6666667,0.0,297.6666667,1.0,3.333333333,6.0,3.846666667,111.6666667,0.0,448.6533333,0.776666667,431.8833333,94.66666667,70.12666667,4.333333333,4.87,191.0,0.666666667,353.0433333,0.086666667,205.0,0.333333333,527.4866667,0.69,21.66666667,550.6666667,298.6666667,0.0,8.0,15,1069033,2,1,N,AA,N,4542,10439.0,1264.46,1204.48,10439.0,4542,86.03,745.64,324.43,1619,570,219,1094.0,428.0,133.0,U,SOUTHWEST AREA,Y,N,149.9899902,4.0,4.0,WCMB,0.0,0.0,O,10.0,S,M,4.0,M,6.0,1.0,I,A,0.0,I,Y,U,Y,U,U,Y,86.0,<180,1,0.12909498337429523,3.492413362472681,0.0,49.999999995,43.165782079300655,3348.5625,0.1277833335160868,0,0,0,0,0,0,0,0,0,0,0,1,0.637824,273.38158815622336,45,228.38158815622336,768.88572999537,65,703.88572999537,1503.5987348592284,85,1418.5987348592284
203.61,1574.0,43.0375,12.6225,454.75,147.95,147.95,0.0,0.0,226.0,96.23,0.666666667,0.0,23.33333333,0.0,72.33333333,0.0,667.0,0.0,78.33333333,0.0,570.6666667,0.0,1.0,5.0,4.6,32.33333333,0.0,783.4966667,0.0,191.4266667,186.0,289.19,51.0,151.5533333,606.3333333,0.0,924.9,0.0,42.66666667,0.0,50.02333333,0.0,24.0,667.0,570.6666667,0.0,8.333333333,15,1057821,2,1,N,AA,N,8152,16672.0,1360.66,1320.67,16651.0,8140,94.33,1189.36,581.43,1499,691,171,1328.0,642.0,118.0,S,HOUSTON AREA,Y,N,79.98999023,1.0,1.0,WCMB,0.0,0.0,,,,U,,,,,,,0.0,H,U,U,U,U,U,N,439.0,365-730,0,0.1292761904761905,3.3596366732898093,0.0,15.0,35.74226511495884,3054.15,0.18657981146065036,0,0,1,1,1,1,1,1,1,1,1,1,0.6954027,271.85462042427065,45,226.85462042427065,764.5911078071595,65,699.5911078071595,1495.2004123334887,85,1410.2004123334887
222.87,1912.5,44.99,1.7325,524.25,183.4875,183.4875,0.0,0.16,225.5,35.42,45.66666667,0.0,7.666666667,0.0,152.6666667,0.0,517.3333333,0.0,193.3333333,0.0,325.0,0.0,4.333333333,11.33333333,9.163333333,121.3333333,5.0,1078.316667,0.0,503.49,34.0,33.59333333,5.0,29.72666667,107.0,0.0,279.58,0.0,339.3333333,0.0,1302.226667,0.0,53.33333333,517.3333333,325.0,0.0,0.333333333,11,1067606,1,1,U,CA,Y,2677,15175.0,1281.83,1221.85,15175.0,2677,122.19,1517.5,267.7,1837,402,211,1670.0,326.0,163.0,U,LOS ANGELES AREA,Y,N,199.9899902,2.0,1.0,WCMB,0.0,0.0,,,M,U,2.0,M,9.0,,C,,0.0,O,U,U,U,U,U,N,334.0,180-365,1,0.1164724327149203,3.9897260273972606,8.361640972040763e-05,47.666666662999994,41.585127201565555,2451.57,0.10726092812921761,0,0,1,1,0,0,0,0,1,0,1,1,0.63213223,270.4959393253327,45,225.4959393253327,760.769895772934,65,695.769895772934,1487.7276662893298,85,1402.7276662893298
210.1475,1066.25,99.99,5.94,395.25,98.8125,98.8125,0.0,1.0725,-1066.25,-106.9075,1.666666667,0.0,6.0,0.0,29.0,0.0,212.0,0.0,124.0,0.0,176.0,0.0,0.0,0.0,0.0,43.33333333,0.0,384.5966667,0.0,374.59,46.33333333,103.2066667,6.666666667,35.39333333,223.0,0.0,525.3266667,0.0,76.33333333,0.0,233.86,0.0,7.666666667,212.0,176.0,0.0,7.0,19,1028257,6,3,N,AA,N,15670,38354.0,6408.23,6341.63,38240.0,15620,352.31,2124.44,867.78,1422,568,246,2219.0,816.0,383.0,C,CENTRAL/SOUTH TEXAS AREA,Y,R,99.98999023,2.0,2.0,WCMB,0.0,0.0,,,,U,,,,,,,0.0,N,U,U,U,U,U,N,286.0,180-365,1,0.19690559850081987,0.9784384592533915,0.0010049191848208012,0.0,10.557976037231409,3992.8025000000002,0.5054491310168792,0,0,1,1,1,1,1,1,1,1,1,1,0.66803116,269.5393565645218,45,224.53935656452182,758.0794653892517,65,693.0794653892517,1482.4664611048702,85,1397.4664611048702
255.6325,1579.0,210.715,3.2175,3.75,0.5625,0.5625,0.0,0.0,-810.0,-38.1325,14.33333333,0.0,4.0,0.0,22.33333333,0.0,97.33333333,0.0,62.0,0.0,61.66666667,0.0,2.0,6.666666667,5.28,31.66666667,4.0,163.44,0.0,171.8233333,17.66666667,29.53333333,11.66666667,28.66,51.0,0.0,204.5966667,0.0,52.66666667,0.0,130.6666667,0.0,18.33333333,97.33333333,61.66666667,0.0,4.666666667,20,1039359,2,2,U,EA,N,16954,47770.0,5053.74,5017.56,47758.0,16950,264.08,2513.58,892.11,1849,448,268,3605.0,878.0,439.0,S,SOUTHWEST AREA,N,N,29.98999023,1.0,1.0,WCMB,0.0,0.0,,,,U,,,,,,,0.0,N,U,U,U,U,U,N,601.0,365-730,0,0.16179272151898733,0.002656873627281959,0.0,40.0,7.458139479961268,5112.65,0.33303838636479827,0,0,1,1,1,1,1,1,1,1,1,0,0.5467008,268.32860341548917,45,223.32860341548917,754.6742885273695,65,689.6742885273695,1475.8073187851905,85,1390.8073187851905
193.895,1053.25,59.99,0.2475,374.5,112.35,112.35,0.0,30.4825,130.75,19.185,8.666666667,0.0,1.0,0.0,21.33333333,0.0,200.0,0.0,64.66666667,0.0,171.0,0.0,0.0,0.0,0.0,27.66666667,0.666666667,425.9733333,0.0,218.43,30.0,23.91333333,3.0,10.24666667,190.3333333,0.0,549.1366667,0.0,31.66666667,0.0,95.26666667,0.0,9.666666667,200.0,171.0,0.0,2.666666667,14,1046658,2,2,Y,AA,N,2263,7153.0,1275.25,1195.27,7150.0,2260,91.94,550.0,173.85,1010,264,187,638.0,181.0,121.0,C,CALIFORNIA NORTH AREA,Y,N,29.98999023,1.0,1.0,WC,0.0,0.0,,,,U,,,,,,,0.0,U,U,U,U,U,U,N,422.0,365-730,0,0.18391747687929808,1.8421052631578947,0.028913919848233344,0.0,17.269224463026724,2714.53,0.35185185185185186,0,0,1,1,1,1,1,1,1,1,1,1,0.71426624,265.9058784303665,45,220.9058784303665,747.8603408706189,65,682.8603408706189,1462.4823313670158,85,1377.4823313670158
210.805,1596.75,52.99,1.98,255.75,102.3,102.3,0.0,5.905,200.25,93.645,13.0,0.0,1.333333333,0.0,33.0,0.0,280.6666667,0.0,59.66666667,0.0,235.6666667,0.0,13.33333333,34.66666667,27.42333333,34.0,0.0,699.07,0.0,105.6066667,7.0,10.02333333,0.666666667,0.546666667,181.3333333,0.0,468.6766667,0.0,105.6666667,0.0,336.0033333,0.0,14.33333333,280.6666667,235.6666667,0.0,5.333333333,12,1071861,1,1,U,ZA,Y,2900,10739.0,1683.38,1613.78,10678.0,2874,146.71,970.73,261.27,1530,373,180,1416.0,383.0,185.0,S,NORTHWEST/ROCKY MOUNTAIN AREA,Y,N,149.9899902,1.0,1.0,WCMB,0.0,0.0,,,,U,,,,,,,0.0,U,U,U,U,U,U,N,354.0,180-365,0,0.13193866374589266,1.8947953324689757,0.0036958222500391175,159.99999996,29.574921281718836,2529.66,0.0616213995340519,0,0,1,1,1,1,1,1,1,1,1,0,0.6567888,265.8323954896927,45,220.83239548969271,747.6535997498036,65,682.6535997498036,1462.0781751933098,85,1377.0781751933098
320.8125,3012.5,92.8975,9.1575,495.5,134.425,134.425,0.0,71.0325,113.5,-62.3125,23.66666667,0.0,1.333333333,0.0,76.0,0.0,913.0,0.333333333,436.0,0.0,821.6666667,0.333333333,0.666666667,16.0,15.89333333,259.6666667,1.333333333,1015.25,0.306666667,731.1933333,433.6666667,450.4333333,137.3333333,317.5066667,687.0,0.0,1072.346667,0.0,484.0,0.333333333,674.0966667,0.306666667,25.0,913.3333333,822.0,0.0,11.33333333,24,1015355,4,1,U,A,N,30845,63708.0,6318.29,6134.55,61959.0,29992,266.72,2693.87,1304.0,2975,1480,341,2815.0,1361.0,278.0,U,NEW YORK CITY AREA,Y,N,129.9899902,5.0,2.0,WCMB,1.0,0.0,,3.0,M,S,2.0,M,1.0,1.0,G,L,0.0,H,U,U,U,U,U,N,165.0,<180,1,0.10645843703334992,1.4316142602305708,0.02357142857142857,16.000000008,32.08285630607844,7699.5,0.32275962815736664,0,0,1,0,0,0,0,0,0,0,0,1,0.43128505,265.65434154868126,45,220.65434154868126,747.1528069227934,65,682.1528069227934,1461.0988785177472,85,1376.0988785177472
170.2225,406.75,91.5,0.2475,0.0,0.0,0.0,0.0,84.71,-269.75,-91.7425,2.333333333,0.0,0.0,0.0,11.0,0.0,69.33333333,0.0,14.33333333,0.0,56.33333333,0.0,0.0,0.0,0.0,8.0,0.0,133.3266667,0.0,40.8,4.333333333,2.776666667,0.333333333,0.15,51.66666667,0.0,126.8333333,0.0,17.0,0.0,47.29333333,0.0,2.333333333,69.33333333,56.33333333,0.0,0.0,19,1043864,5,2,N,AA,N,4206,10981.0,3065.56,2929.51,10496.0,4049,172.32,617.41,238.18,497,187,201,532.0,208.0,178.0,S,CALIFORNIA NORTH AREA,Y,N,199.9899902,2.0,2.0,WCMB,0.0,0.0,O,1.0,S,M,1.0,M,6.0,,A,B,0.0,U,U,U,U,U,U,N,348.0,180-365,1,0.4174678111587983,0.0,0.2077498467198038,0.0,4.397297297297297,3234.2275,1.0,0,0,0,0,0,0,0,0,1,0,0,1,0.8114695,265.21029004621505,45,220.21029004621505,745.9039509010315,65,680.9039509010315,1458.656595254183,85,1373.656595254183
234.4675,1891.5,94.99,9.1575,321.0,112.35,112.35,0.0,23.97,-211.5,-102.4975,28.66666667,0.0,1.666666667,0.0,134.6666667,0.0,503.6666667,0.0,142.6666667,0.0,346.6666667,0.0,0.666666667,5.333333333,5.3,63.0,0.0,866.6466667,0.0,349.11,75.0,104.5666667,10.0,18.68666667,311.3333333,0.0,942.7866667,0.0,138.0,0.0,272.9633333,0.0,30.33333333,503.6666667,346.6666667,0.0,5.666666667,12,1085372,3,3,Y,AA,N,6546,21838.0,2675.82,2594.94,21735.0,6531,235.9,1975.91,593.73,1962,573,269,2197.0,663.0,279.0,C,LOS ANGELES AREA,Y,N,149.9899902,3.0,2.0,WCMB,0.0,0.0,O,14.0,S,M,5.0,M,7.0,1.0,,A,0.0,H,U,U,Y,U,U,Y,120.0,<180,1,0.12389299867899604,1.1704344202521095,0.012665785997357992,8.000000004,19.70517762266903,2813.61,0.352472460178906,0,0,0,0,0,0,0,0,0,1,0,1,0.5886465,264.99546026062967,45,219.99546026062967,745.2997110199929,65,680.2997110199929,1457.4750314334633,85,1372.4750314334633
213.3825,721.75,47.7475,1.485,513.25,179.6375,179.6375,0.0,0.0,-114.75,-13.4425,2.666666667,0.0,3.0,0.0,20.66666667,0.0,156.6666667,0.0,43.66666667,0.0,130.3333333,0.0,0.666666667,1.333333333,0.723333333,14.66666667,0.0,362.4066667,0.0,192.3066667,25.0,31.58,1.0,4.156666667,156.6666667,0.0,528.1933333,0.0,15.0,0.0,26.52,0.0,5.666666667,156.6666667,130.3333333,0.0,0.0,11,1057994,1,1,U,AA,N,1375,5496.0,1555.21,1495.22,5496.0,1375,149.52,549.6,137.5,760,185,218,599.0,154.0,165.0,S,HOUSTON AREA,Y,N,149.9899902,1.0,1.0,WCMB,1.0,1.0,O,7.0,S,M,2.0,M,9.0,2.0,C,A,1.0,S,U,Y,Y,U,U,Y,330.0,180-365,0,0.2952369422345209,3.6850607723472995,0.0,7.333333337,14.805887481409302,2347.2075,0.18685555483407817,0,0,0,0,0,0,0,0,0,0,0,0,0.6458469,264.5998676891327,45,219.59986768913268,744.1871278756856,65,679.1871278756856,1455.29927229023,85,1370.29927229023
274.495,1705.75,59.99,19.8,503.5,201.4,201.4,0.0,0.7725,362.25,15.615,23.0,0.0,15.66666667,0.0,133.3333333,0.0,654.6666667,0.0,183.3333333,0.0,489.3333333,0.0,6.666666667,21.66666667,17.90666667,71.33333333,0.0,545.3166667,0.0,411.5666667,143.3333333,127.3233333,37.33333333,95.26666667,401.3333333,0.0,576.1666667,0.0,264.6666667,0.0,380.7166667,0.0,38.66666667,654.6666667,489.3333333,0.0,10.66666667,12,1053564,1,1,U,DA,Y,4721,10149.0,1732.63,1630.32,10149.0,4721,163.03,1014.9,472.1,1585,737,270,1497.0,696.0,242.0,S,CENTRAL/SOUTH TEXAS AREA,Y,N,199.9899902,2.0,2.0,WCMB,1.0,1.0,,1.0,M,U,1.0,M,5.0,,A,O,0.0,H,U,U,U,U,U,N,298.0,180-365,1,0.1608290610810019,3.3021806853582554,0.0004526146184268346,80.000000004,27.967699622888997,3293.94,0.0911672820193823,0,0,1,0,0,0,0,0,1,0,0,0,0.50094366,264.0125378952027,45,219.01253789520268,742.5352628302575,65,677.5352628302575,1452.0689584236147,85,1367.0689584236147
204.7725,1436.0,99.99,7.6725,387.75,96.9375,96.9375,0.0,0.1725,-137.0,-35.8725,24.33333333,0.0,7.666666667,0.0,104.6666667,0.0,581.6666667,0.0,53.0,0.0,451.6666667,0.0,0.0,0.0,0.0,14.33333333,0.0,926.82,0.0,160.9533333,66.33333333,69.71666667,10.0,24.21,423.6666667,0.0,900.87,0.0,74.33333333,0.0,186.9033333,0.0,32.0,581.6666667,451.6666667,0.0,6.333333333,34,1011240,1,1,N,A,N,9091,24845.0,4086.04,4034.44,24845.0,9091,134.48,828.17,303.03,1482,502,217,1185.0,421.0,169.0,R,ATLANTIC SOUTH AREA,Y,N,29.98999023,1.0,1.0,,0.0,0.0,O,2.0,S,U,4.0,M,6.0,2.0,I,A,0.0,N,U,Y,U,U,U,Y,1005.0,730+,0,0.14250000000000002,0.9598722645806516,0.00012004175365344466,0.0,14.219229626695713,6962.265,0.5102373343774868,0,1,0,0,0,0,0,0,0,0,0,1,0.6714303,263.9816969161034,45,218.98169691610337,742.4485347819328,65,677.4485347819328,1451.8993330385688,85,1366.8993330385688
200.255,1338.75,79.3625,5.6925,290.0,113.95,113.95,0.0,0.0,278.25,-112.345,3.0,0.0,5.666666667,0.0,48.66666667,0.0,320.3333333,0.0,135.0,0.0,263.3333333,0.0,2.333333333,22.0,21.20666667,57.0,1.333333333,442.0766667,0.0,291.5333333,51.66666667,50.16333333,9.0,20.14,255.6666667,0.0,505.08,0.0,142.3333333,0.0,228.53,0.0,8.666666667,320.3333333,263.3333333,0.0,3.666666667,13,1080878,4,1,N,BA,N,6463,16718.0,3726.64,3536.52,16718.0,6463,294.71,1393.17,538.58,1246,479,238,1486.0,609.0,381.0,S,CHICAGO AREA,N,N,129.9899902,2.0,2.0,WCMB,0.0,0.0,O,1.0,S,S,4.0,M,6.0,2.0,I,A,0.0,I,Y,Y,Y,U,U,Y,320.0,180-365,1,0.14947191640231386,1.417949914450148,0.0,30.333333329000002,16.658889407372843,2603.315,0.21046945591733895,0,0,0,0,0,0,0,0,0,0,0,0,0.68531704,263.4972858452797,45,218.4972858452797,741.0861224079132,65,676.0861224079132,1449.2350721490384,85,1364.2350721490384
162.66,0.0,12.66,0.0,0.0,0.0,0.0,0.0,0.0,,,0.0,0.0,0.0,0.0,0.0,0.0,0.0,0.0,0.0,0.0,0.0,0.0,0.0,0.0,0.0,0.0,0.0,0.0,0.0,0.0,0.0,0.0,0.0,0.0,0.0,0.0,0.0,0.0,0.0,0.0,0.0,0.0,0.0,0.0,0.0,0.0,0.0,25,1030824,2,2,Y,BA,N,8429,27489.0,4195.94,4154.62,27455.0,8414,188.85,1247.95,382.45,766,240,104,1262.0,378.0,136.0,C,NEW ENGLAND AREA,Y,R,129.9899902,2.0,2.0,WCMB,0.0,0.0,,1.0,S,B,1.0,M,4.0,,,A,0.0,S,U,U,U,U,U,N,180.0,<180,1,162.66,0.0,0.0,0.0,0.0,4066.5,1.0,0,0,1,0,0,0,0,0,1,1,0,1,0.8431702,263.32811987686154,45,218.32811987686154,740.6104438018799,65,675.6104438018799,1448.3046593227386,85,1363.3046593227386
194.425,2042.25,66.8675,39.105,228.5,84.1275,82.7625,1.365,2.6575,-41.25,-43.645,20.0,0.0,3.0,0.0,246.3333333,0.0,956.6666667,3.0,169.0,0.0,689.3333333,3.0,4.0,30.33333333,27.48,95.33333333,0.0,1013.55,6.78,247.09,288.6666667,302.1933333,58.33333333,77.57666667,490.0,1.0,728.2133333,1.483333333,328.0,2.0,532.4266667,5.296666667,23.0,959.6666667,692.3333333,0.0,10.0,10,1063666,2,2,U,BA,N,6578,15033.0,1584.49,1504.51,15019.0,6571,167.17,1668.78,730.11,2056,849,209,1703.0,698.0,164.0,U,NEW YORK CITY AREA,N,N,129.9899902,3.0,3.0,WCMB,0.0,0.0,,,,U,,,,,,,0.0,S,U,U,U,U,U,N,44.0,<180,1,0.09515477792732167,1.2395844844734223,0.0013006240058729965,40.0,30.091722842303014,1944.25,0.1602670822854309,0,0,1,1,1,1,1,1,1,1,1,1,0.7031692,262.490270755291,45,217.49027075529102,738.2538691163063,65,673.2538691163063,1443.6964891541008,85,1358.6964891541008
224.485,2034.75,74.99,4.95,353.25,141.295,141.1,0.195,0.0,-1025.75,-142.285,17.66666667,0.0,1.666666667,0.0,46.66666667,0.0,287.0,0.0,160.3333333,0.0,224.0,0.0,1.333333333,3.0,2.03,111.3333333,0.0,1362.966667,0.0,351.57,43.33333333,38.94333333,0.0,0.0,188.6666667,0.0,781.74,0.0,115.0,0.0,932.7933333,0.0,19.33333333,287.0,224.0,0.0,2.333333333,29,1017477,1,1,U,A,N,7821,24914.0,3166.69,3027.06,24593.0,7721,108.11,878.32,275.75,2377,360,272,1719.0,329.0,199.0,S,NEW ENGLAND AREA,Y,N,59.98999023,2.0,2.0,WCMB,0.0,0.0,O,2.0,M,S,1.0,M,7.0,,C,B,0.0,N,U,U,U,U,U,Y,127.0,<180,1,0.1102713987473904,1.859389393341229,0.0,38.666666657,26.776549545992896,6510.0650000000005,0.2385084980023585,0,0,0,0,0,0,0,0,1,0,0,1,0.6088217,262.40897579193114,45,217.40897579193114,738.0252444148064,65,673.0252444148064,1443.2493668556215,85,1358.2493668556215
172.8025,1591.75,44.99,0.0,393.75,137.8125,137.8125,0.0,0.0,-603.75,-137.4625,14.66666667,0.0,1.0,0.0,55.66666667,0.0,203.3333333,0.0,34.33333333,0.0,133.6666667,0.0,0.0,0.0,0.0,19.66666667,0.0,1412.47,0.0,119.5566667,10.66666667,79.26666667,2.0,2.796666667,59.0,0.0,301.3033333,0.0,96.0,0.0,1230.72,0.0,15.66666667,203.3333333,133.6666667,0.0,1.333333333,11,1075791,1,1,U,AA,N,1211,10912.0,1059.27,994.29,10890.0,1204,99.43,1089.0,120.4,1793,159,218,1387.0,148.0,138.0,U,LOS ANGELES AREA,Y,N,149.9899902,1.0,1.0,WCMB,0.0,0.0,,,,U,,,,,,,0.0,H,U,U,U,U,U,N,334.0,180-365,0,0.10849317218646995,2.996575342465753,0.0,0.0,34.61078495325071,1900.8275,0.25021422450728364,0,0,1,1,1,1,1,1,1,1,1,1,0.79019266,262.17076069831853,45,217.17076069831853,737.3552232646942,65,672.3552232646942,1441.9391838407519,85,1356.9391838407519
292.6925,2298.25,99.99,4.95,928.0,176.32,176.32,0.0,7.445,-2252.25,-189.4525,14.66666667,0.0,13.33333333,0.0,55.0,0.0,692.3333333,0.0,464.6666667,0.0,616.3333333,0.0,0.0,0.0,0.0,182.0,0.0,1064.866667,0.0,992.4266667,146.3333333,242.9666667,69.0,171.0133333,968.3333333,0.0,1844.3,0.0,105.6666667,0.0,212.9966667,0.0,28.0,692.3333333,616.3333333,0.0,63.33333333,42,1002540,2,1,N,A,N,40125,82843.0,8927.15,8781.63,82465.0,39906,214.19,2011.34,973.32,3049,1482,356,2364.0,1153.0,278.0,U,DALLAS AREA,Y,N,129.9899902,12.0,6.0,WCMB,0.0,0.0,,,,U,,,,,,,0.0,G,U,U,U,U,U,N,182.0,180-365,1,0.12729911927802545,1.7459154371719972,0.003238012395346309,0.0,22.757203683533024,12293.085,0.364177274530309,0,0,1,1,1,1,1,1,1,1,1,1,0.46621764,262.0001445953846,45,217.0001445953846,736.875397951603,65,671.875397951603,1441.0007952746155,85,1356.0007952746155
175.4175,665.75,57.49,1.98,461.25,115.3125,115.3125,0.0,0.32,-665.75,-117.9275,1.0,0.0,2.333333333,0.0,20.0,0.0,96.33333333,0.0,50.66666667,0.0,73.33333333,0.0,0.0,0.0,0.0,17.0,0.0,139.8966667,0.0,191.1733333,12.33333333,20.76666667,17.66666667,83.43333333,87.66666667,0.0,195.08,0.0,36.0,0.0,135.99,0.0,3.333333333,96.33333333,73.33333333,0.0,0.0,32,1008078,2,2,N,K,N,5613,15322.0,4007.54,3864.88,14713.0,5430,124.67,474.61,175.16,888,305,214,1203.0,385.0,267.0,C,MIDWEST AREA,Y,N,29.98999023,1.0,1.0,WC,1.0,1.0,O,15.0,M,M,2.0,M,5.0,,C,B,0.0,N,U,U,U,U,U,Y,983.0,730+,0,0.2630933633295838,1.9714908531372883,0.0004799400074990626,0.0,11.382287570524875,5613.36,0.3365314077760677,0,0,0,0,0,0,0,0,1,0,0,1,0.7754879,261.1855721182823,45,216.18557211828232,734.5844529497623,65,669.5844529497623,1436.5206466505526,85,1351.5206466505526
233.73,988.25,70.1525,2.97,390.0,133.6625,133.6625,0.0,5.205,-864.25,-159.5,14.0,0.0,2.0,0.0,46.33333333,0.0,377.6666667,0.0,134.0,0.0,318.6666667,0.0,0.0,0.0,0.0,86.33333333,2.333333333,655.7233333,0.0,204.3933333,92.33333333,187.0966667,19.33333333,63.56666667,225.0,0.0,491.3766667,0.0,167.0,0.0,368.7366667,0.0,16.0,377.6666667,318.6666667,0.0,1.0,16,1040958,1,1,U,AA,N,6549,17328.0,3011.9,2911.14,17271.0,6531,194.08,1151.4,435.4,1276,440,287,1083.0,380.0,201.0,U,NEW YORK CITY AREA,Y,R,99.98999023,4.0,2.0,WCMB,0.0,0.0,,2.0,M,B,1.0,M,6.0,,C,N,0.0,N,U,U,U,U,U,Y,69.0,<180,1,0.2362699014404852,1.8785355398615649,0.005261561789234269,0.0,13.88918168722111,3739.68,0.34739887215291854,0,0,1,0,0,0,0,0,1,0,0,1,0.5805068,260.5091700153351,45,215.5091700153351,732.6820267367362,65,667.6820267367362,1432.800435084343,85,1347.800435084343
220.3275,741.25,29.99,1.2375,531.0,185.85,185.85,0.0,0.0,181.75,64.0325,13.66666667,0.0,1.0,0.0,36.0,0.0,203.0,0.0,57.33333333,0.0,155.6666667,0.0,0.0,0.0,0.0,40.0,0.0,492.8433333,0.0,72.40666667,23.33333333,44.86333333,7.666666667,6.263333333,138.3333333,0.0,419.7833333,0.0,47.66666667,0.0,145.4666667,0.0,14.66666667,203.0,155.6666667,0.0,2.0,20,1040133,1,1,U,EA,N,1703,4872.0,1580.9,1515.54,4848.0,1692,79.77,255.16,89.05,681,181,199,620.0,187.0,175.0,U,SOUTHWEST AREA,Y,R,99.98999023,2.0,2.0,WCMB,0.0,0.0,O,7.0,S,M,3.0,M,6.0,,G,A,0.0,O,U,U,Y,U,U,Y,489.0,365-730,1,0.29683731896261367,5.997095837366893,0.0,0.0,23.919006131010004,4406.549999999999,0.14291643608190369,0,0,0,0,0,0,0,0,1,0,0,0,0.6157168,260.4659495894909,45,215.4659495894909,732.5604766541719,65,667.5604766541719,1432.5627227421999,85,1347.5627227421999
231.7975,1955.0,65.2825,9.405,418.5,167.4,167.4,0.0,0.0,490.0,67.3625,37.66666667,0.0,15.0,0.0,75.66666667,0.0,452.6666667,0.0,97.33333333,0.0,338.6666667,0.0,14.0,36.33333333,28.38333333,31.33333333,2.666666667,854.0166667,0.0,553.33,32.66666667,25.74333333,0.666666667,1.22,199.6666667,0.0,507.9233333,0.0,222.0,0.0,899.4233333,0.0,52.66666667,452.6666667,338.6666667,0.0,8.333333333,25,1032679,1,1,U,EC,Y,3409,10509.0,1664.68,1406.0,9308.0,2890,82.71,547.53,170.0,1792,429,209,1054.0,283.0,132.0,C,MIDWEST AREA,Y,N,199.9899902,3.0,2.0,WCMB,0.0,0.0,O,15.0,,S,1.0,M,6.0,1.0,A,,0.0,Z,U,U,U,U,U,Y,464.0,365-730,1,0.11850587934560328,2.5255535020555957,0.0,350.0,29.494964734281297,5794.9375,0.057059538797602526,0,0,0,0,1,0,0,0,0,0,1,1,0.5836462,259.75244084596636,45,214.75244084596636,730.553753695488,65,665.553753695488,1428.638424652815,85,1343.638424652815
348.3625,1565.75,82.7325,2.2275,642.0,224.7,224.6125,0.0875,1.2025,656.25,130.5975,28.0,0.0,3.333333333,0.0,43.66666667,0.0,349.6666667,0.333333333,106.6666667,0.0,282.0,0.333333333,4.0,4.333333333,3.07,57.33333333,0.333333333,839.3633333,0.01,303.7233333,50.66666667,78.52666667,5.666666667,14.77333333,337.0,0.333333333,1054.226667,0.01,22.66666667,0.0,88.86,0.0,31.33333333,350.0,282.3333333,0.0,6.0,21,1037887,2,2,U,AA,N,6245,23042.0,4840.53,4711.08,22564.0,6093,247.95,1187.58,320.68,1347,330,305,1329.0,325.0,296.0,S,NEW YORK CITY AREA,Y,N,149.9899902,1.0,1.0,WCMB,0.0,0.0,O,4.0,S,M,2.0,M,9.0,2.0,I,A,0.0,U,U,U,U,U,U,Y,618.0,365-730,0,0.2223472155736397,2.683545815543546,0.0007675123663634912,84.0,18.699429731585703,7315.6125,0.13014824457440402,0,0,0,0,0,0,0,0,0,0,0,0,0.3877314,259.3364853268862,45,214.3364853268862,729.3839013189078,65,664.3839013189078,1426.350669297874,85,1341.350669297874
251.1875,845.5,109.99,1.2375,0.0,0.0,0.0,0.0,141.96,-17.5,171.7025,6.0,0.0,3.333333333,0.0,128.0,0.0,300.6666667,0.666666667,46.0,0.0,165.0,0.666666667,10.33333333,38.0,30.93,21.33333333,0.0,270.12,1.053333333,102.16,14.33333333,19.27,10.66666667,16.58333333,170.0,0.666666667,313.71,1.053333333,35.33333333,0.0,58.57333333,0.0,9.333333333,301.3333333,165.6666667,0.0,1.666666667,11,1088861,2,1,U,CA,Y,3992,14457.0,2009.46,1883.07,13455.0,3691,209.23,1495.0,410.11,851,277,194,1363.0,402.0,218.0,R,HOUSTON AREA,Y,N,149.9899902,1.0,1.0,WCMB,1.0,0.0,O,5.0,S,A,3.0,M,7.0,2.0,C,A,0.0,N,U,U,U,U,U,N,334.0,180-365,0,0.2967365623154164,0.0,0.16770230360307148,113.66666663000001,7.617803405712227,2763.0625,0.08823529414359861,0,0,0,0,0,0,0,0,0,0,0,1,0.53580225,258.4067067861557,45,213.40670678615572,726.7688328921795,65,661.7688328921795,1421.2368873238565,85,1336.2368873238565
167.9225,997.25,69.99,1.7325,265.5,106.2,106.2,0.0,0.0,-318.25,-106.9425,0.0,0.0,0.0,0.0,0.0,0.0,0.0,0.0,0.0,0.0,0.0,0.0,0.0,0.0,0.0,0.0,0.0,0.0,0.0,0.0,0.0,0.0,0.0,0.0,0.0,0.0,0.0,0.0,0.0,0.0,0.0,0.0,0.0,0.0,0.0,0.0,0.0,11,1068816,2,2,U,AA,N,1484,10382.0,1522.82,1462.84,10311.0,1473,146.28,1031.1,147.3,1103,171,204,948.0,148.0,156.0,C,MIDWEST AREA,N,N,129.9899902,1.0,1.0,WCMB,0.0,0.0,,,,U,,,,,,,0.0,N,U,U,U,U,U,N,328.0,180-365,0,0.1682168795391936,1.4959853500493028,0.0,0.0,14.047753204676717,1847.1475,0.4006433771657543,0,0,1,1,1,1,1,1,1,1,1,1,0.80091345,258.2234739165306,45,213.22347391653062,726.2534903633596,65,661.2534903633596,1420.2291065409186,85,1335.2291065409186
264.245,4411.0,219.1825,12.6225,192.75,29.0325,28.8375,0.195,1.2675,1569.0,21.965,49.0,0.0,7.0,0.0,206.6666667,0.0,1297.0,1.333333333,1045.333333,0.0,1046.0,1.333333333,3.0,25.33333333,23.62666667,736.6666667,0.333333333,1737.676667,2.706666667,1193.6,250.6666667,270.8333333,75.0,142.5433333,941.0,0.666666667,1692.096667,0.723333333,684.6666667,0.666666667,1239.173333,1.983333333,56.0,1298.333333,1047.333333,0.0,1.333333333,15,1049723,2,2,U,AA,N,17776,43649.0,4379.01,4048.04,43473.0,17701,289.15,3105.21,1264.36,3888,1477,257,3312.0,1261.0,286.0,S,CALIFORNIA NORTH AREA,T,N,99.98999023,4.0,4.0,WCMB,0.0,0.0,,,,U,,,,,,,0.0,N,U,U,U,U,U,N,17.0,<180,1,0.05989233907524932,0.13185652810736548,0.00028728467815049866,45.0,20.033381399520852,3963.675,0.24202195627979828,0,0,1,1,1,1,1,1,1,1,1,1,0.50852334,257.9995426521302,45,212.99954265213017,725.623713709116,65,660.623713709116,1418.997484586716,85,1333.997484586716
288.485,2547.75,62.49,0.7425,791.0,237.3,237.3,0.0,0.0,-106.75,-75.805,58.33333333,0.0,3.0,0.0,144.6666667,0.0,667.3333333,0.333333333,233.6666667,0.0,477.6666667,0.333333333,2.0,3.333333333,1.693333333,153.0,4.666666667,1407.793333,0.323333333,376.7,137.6666667,265.4166667,22.66666667,84.51,300.0,0.333333333,962.28,0.323333333,281.0,0.0,822.2133333,0.0,61.33333333,667.6666667,478.0,0.0,2.333333333,8,1073624,3,3,Y,BA,N,4469,16741.0,1935.15,1855.17,16709.0,4461,265.02,2387.0,637.29,2583,619,314,2498.0,651.0,288.0,U,GREAT LAKES AREA,Y,N,199.9899902,2.0,2.0,WCMB,0.0,0.0,O,5.0,S,S,4.0,M,3.0,1.0,,A,0.0,Z,U,U,U,U,U,Y,215.0,180-365,1,0.11318685630210888,3.7375964718853365,0.0,16.0,40.12836667191684,2307.88,0.14842088037964327,0,0,0,0,0,0,0,0,0,1,0,1,0.46556547,257.87261843061447,45,212.87261843061447,725.2667479336262,65,660.2667479336262,1418.2994013683797,85,1333.2994013683797
159.9225,2480.5,59.99,0.2475,278.25,111.3,111.3,0.0,5.31,-892.5,-98.9425,7.0,0.0,3.333333333,0.0,35.66666667,0.0,150.6666667,0.0,38.33333333,0.0,107.3333333,0.0,2.333333333,2.333333333,0.933333333,19.33333333,0.0,390.24,0.0,108.4733333,19.66666667,34.33,1.0,5.37,66.66666667,0.0,143.7,0.0,68.33333333,0.0,355.0133333,0.0,10.33333333,150.6666667,107.3333333,0.0,0.666666667,11,1066827,1,1,U,AA,N,1812,14453.0,973.67,913.69,14357.0,1800,91.37,1435.7,180.0,2778,326,193,2120.0,258.0,128.0,T,HOUSTON AREA,Y,N,149.9899902,1.0,1.0,WCMB,1.0,0.0,O,2.0,S,M,4.0,M,7.0,1.0,C,A,0.0,N,U,U,U,Y,Y,Y,342.0,180-365,0,0.06444589965746525,1.8248893261190358,0.0021398347773524075,25.666666663,40.670601737989834,1759.1475,0.1938652256959354,0,0,0,0,0,0,0,0,0,0,0,1,0.83902776,257.6244812822342,45,212.62448128223423,724.5688345420361,65,659.5688345420361,1416.9346470522885,85,1331.9346470522885
174.07,1371.75,25.2375,1.485,391.0,143.25,143.25,0.0,0.0975,1633.25,286.11,8.666666667,0.0,2.333333333,0.0,46.0,0.0,284.3333333,0.0,118.6666667,0.0,228.6666667,0.0,0.0,0.0,0.0,68.33333333,0.0,381.1066667,0.0,283.0033333,86.33333333,98.90333333,33.66666667,154.0966667,158.0,0.0,310.3466667,0.0,161.3333333,0.0,353.76,0.0,11.0,284.3333333,228.6666667,0.0,1.333333333,12,1063490,3,2,U,CA,N,2371,6239.0,400.98,350.69,6197.0,2355,31.88,563.36,214.09,827,310,79,546.0,218.0,47.0,U,CALIFORNIA NORTH AREA,Y,N,149.9899902,1.0,1.0,WCMB,0.0,0.0,,,,U,,,,,,,0.0,H,U,U,U,U,U,N,362.0,180-365,0,0.12680386086323073,5.45974273463554,7.102531415042798e-05,0.0,52.28203906622201,2088.84,0.15480492661700718,0,0,1,1,1,1,1,1,1,1,1,1,0.76950985,257.1812800979614,45,212.1812800979614,723.3223917770385,65,658.3223917770385,1414.4970405387878,85,1329.4970405387878
222.155,1497.75,78.78,6.1875,548.75,137.1875,137.1875,0.0,0.0,-546.75,-123.565,21.0,0.0,10.66666667,0.0,44.66666667,0.0,352.3333333,0.0,79.33333333,0.0,284.0,0.0,0.333333333,0.333333333,0.3,23.0,3.0,893.6366667,0.0,322.26,31.0,51.73333333,2.333333333,9.04,301.3333333,0.0,1090.63,0.0,53.33333333,0.0,125.2666667,0.0,31.66666667,352.3333333,284.0,0.0,11.66666667,41,1002765,1,0,N,A,N,8212,27875.0,4698.92,4605.18,27614.0,8095,121.19,726.68,213.03,1680,468,263,1248.0,360.0,176.0,S,DALLAS AREA,Y,N,199.9899902,3.0,3.0,WCMB,1.0,1.0,O,4.0,S,M,2.0,M,6.0,2.0,C,A,0.0,N,U,U,Y,U,U,Y,362.0,180-365,1,0.14822685571309424,1.7195725745800952,0.0,13.666666653,18.773502130859864,9108.355,0.32755677058932225,0,0,0,0,0,0,0,0,0,0,0,0,0.602603,257.03286212062835,45,212.03286212062835,722.9049114727974,65,657.9049114727974,1413.680741663456,85,1328.680741663456
184.295,1328.0,49.99,3.96,446.25,124.95,124.95,0.0,0.0,381.0,25.765,6.666666667,0.0,22.0,0.0,110.3333333,0.0,351.3333333,0.0,164.3333333,0.0,215.0,0.0,0.0,0.0,0.0,46.66666667,0.0,590.25,0.0,598.1866667,80.66666667,261.0233333,34.33333333,157.4666667,284.0,0.0,861.27,0.0,92.66666667,0.0,327.17,0.0,28.66666667,351.3333333,215.0,0.0,1.0,18,1034487,1,1,U,AA,N,4024,9421.0,1417.61,1383.75,9335.0,3992,81.4,549.12,234.82,1201,434,176,741.0,288.0,115.0,S,CENTRAL/SOUTH TEXAS AREA,Y,N,29.98999023,1.0,1.0,,0.0,0.0,,,,U,,,,,,,0.0,N,U,U,U,U,U,N,548.0,365-730,0,0.13867193378480058,2.4504804863698766,0.0,0.0,26.044322416160032,3317.31,0.28981470956007727,0,1,1,1,1,1,1,1,1,1,1,1,0.7259014,256.8576059503555,45,211.8576059503555,722.412071659565,65,657.412071659565,1412.7168327269553,85,1327.7168327269553
380.77,2442.75,159.99,1.2375,947.0,236.75,236.75,0.0,0.2925,316.25,76.7,20.0,0.0,60.33333333,0.0,38.0,0.0,650.0,0.0,184.6666667,0.0,537.6666667,0.0,0.0,0.0,0.0,83.33333333,1.333333333,1185.006667,0.0,505.9733333,142.0,199.95,26.33333333,84.24333333,628.0,0.0,1495.06,0.0,82.0,0.0,195.9166667,0.0,80.33333333,650.0,537.6666667,0.0,28.0,28,1013458,2,2,Y,A,N,15459,40238.0,5868.01,5773.51,40099.0,15398,222.06,1542.27,592.23,2337,726,355,2397.0,767.0,374.0,S,CALIFORNIA NORTH AREA,Y,N,149.9899902,4.0,3.0,WCMB,0.0,0.0,O,15.0,S,A,2.0,M,,,C,,0.0,N,U,U,U,U,U,N,368.0,365-730,1,0.15581381074168799,1.4705882352941175,0.000119693094629156,0.0,15.173302689608049,10661.56,0.40476190476190477,0,0,0,0,0,0,0,1,1,0,1,0,0.35122073,256.76989801168446,45,211.76989801168446,722.1653438317776,65,657.1653438317776,1412.2344390642645,85,1327.2344390642645
196.2875,1288.75,44.99,19.8,340.75,119.2625,119.2625,0.0,22.235,-45.75,-8.6475,18.0,0.0,6.333333333,0.0,104.6666667,0.0,422.3333333,0.0,72.0,0.0,297.0,0.0,0.0,0.0,0.0,37.0,0.0,566.7066667,0.0,231.25,30.66666667,25.49333333,0.666666667,0.53,177.0,0.0,402.86,0.0,162.0,0.0,395.0966667,0.0,24.33333333,422.3333333,297.0,0.0,0.0,35,1009325,1,1,Y,A,N,2816,7772.0,2140.57,2083.76,7747.0,2803,67.22,249.9,90.42,1304,428,199,697.0,227.0,124.0,S,OHIO AREA,Y,N,29.98999023,1.0,1.0,,0.0,0.0,O,8.0,S,M,2.0,M,8.0,,I,A,0.0,J,U,U,U,U,U,Y,1057.0,730+,0,0.15219034696646636,2.593226788432268,0.01723977515022291,0.0,28.022396173081102,6870.0625,0.2783013872709944,0,1,0,0,0,0,0,0,1,0,0,1,0.67978466,256.19178773880003,45,211.19178773880003,720.5394498139619,65,655.5394498139619,1409.0548325634004,85,1324.0548325634004
284.8575,3665.0,164.96,25.4925,265.5,42.705,38.025,4.68,4.34,-1414.0,-60.5475,17.66666667,0.0,43.0,0.0,200.3333333,2.0,1111.0,8.0,499.3333333,0.0,855.6666667,6.0,7.0,16.66666667,11.92333333,247.3333333,0.0,1290.803333,8.576666667,918.8666667,353.6666667,487.65,134.6666667,268.5966667,468.0,1.666666667,812.0966667,3.163333333,881.3333333,4.333333333,1397.573333,5.413333333,60.66666667,1119.0,861.6666667,3.0,40.33333333,29,1010138,1,1,Y,ZA,N,43105,92391.0,7335.55,7144.51,92086.0,42937,264.61,3410.59,1590.26,4136,2072,305,3683.0,1733.0,268.0,S,DALLAS AREA,T,N,99.98999023,11.0,8.0,WCMB,0.0,0.0,,,,B,1.0,M,,,C,,0.0,N,U,U,U,U,U,N,132.0,<180,1,0.07770253682487725,0.2573210412147505,0.0011838516093835242,203.0,22.083634610749577,8260.8675,0.12110465307194694,0,0,1,1,1,0,0,1,1,0,1,1,0.46832848,256.14121823644643,45,211.14121823644643,720.3971593111754,65,655.3971593111754,1408.7767003004553,85,1323.7767003004553
208.03,1164.25,59.99,3.465,515.25,154.575,154.575,0.0,0.0,-17.25,26.61,2.333333333,0.0,2.666666667,0.0,29.0,0.0,215.3333333,0.0,79.33333333,0.0,182.3333333,0.0,0.0,0.0,0.0,22.33333333,0.333333333,568.1,0.0,352.72,63.33333333,67.10333333,8.333333333,33.88,226.0,0.0,819.84,0.0,34.33333333,0.0,100.98,0.0,5.0,215.3333333,182.3333333,0.0,3.333333333,11,1083085,2,2,U,AA,N,2183,9655.0,1695.56,1614.68,9639.0,2175,161.47,963.9,217.5,1170,268,199,881.0,217.0,130.0,U,LOS ANGELES AREA,N,N,129.9899902,1.0,1.0,WCMB,0.0,0.0,O,5.0,S,M,2.0,M,9.0,,C,A,0.0,N,Y,U,U,U,U,Y,309.0,180-365,0,0.17852821282986484,2.5344318740777174,0.0,0.0,19.0891949499918,2288.33,0.28293090251200337,0,0,0,0,0,0,0,0,1,0,0,1,0.6405101,255.83101569747924,45,210.83101569747924,719.5247068500519,65,654.5247068500519,1407.0705863361359,85,1322.0705863361359
229.1275,1794.0,144.99,0.7425,262.75,91.9625,91.9625,0.0,0.0,-341.0,-93.1475,25.33333333,0.0,5.333333333,0.0,171.0,0.0,844.0,0.0,482.0,0.0,649.0,0.0,1.666666667,8.333333333,7.893333333,315.0,0.0,691.99,0.0,427.4733333,138.6666667,85.32333333,44.33333333,54.39,761.0,0.0,926.4833333,0.0,178.6666667,0.0,192.9766667,0.0,30.66666667,844.0,649.0,0.0,0.666666667,31,1006549,3,2,U,A,N,27403,46775.0,4735.54,4528.86,46270.0,27113,156.17,1595.52,934.93,1908,981,260,1690.0,982.0,181.0,S,NEW ENGLAND AREA,N,R,29.98999023,5.0,4.0,WC,0.0,0.0,O,1.0,S,M,3.0,M,7.0,2.0,C,A,0.0,I,Y,U,U,U,U,Y,307.0,180-365,1,0.1276476323119777,0.6299232824166039,0.0,51.666666677,12.288512911843275,7102.9525,0.3033437629017129,0,0,0,0,0,0,0,0,0,0,0,1,0.5783877,254.44708342123033,45,209.44708342123033,715.632408465147,65,650.632408465147,1399.4589588167669,85,1314.4589588167669
343.775,4030.5,169.99,67.815,32.0,4.8,4.8,0.0,3.5625,774.5,38.655,14.0,0.0,2.333333333,0.0,87.33333333,0.0,726.3333333,0.0,327.3333333,0.0,629.0,0.0,0.0,0.0,0.0,176.6666667,0.0,1419.033333,0.0,987.42,277.3333333,257.6766667,80.66666667,221.43,518.0,0.0,1286.44,0.0,342.3333333,0.0,1120.006667,0.0,16.33333333,726.3333333,629.0,0.0,2.0,17,1041984,1,1,Y,AA,N,9661,32481.0,6525.56,6411.46,32322.0,9583,400.72,2020.13,598.94,3772,1074,331,3554.0,927.0,479.0,C,NEW YORK CITY AREA,Y,N,199.9899902,1.0,1.0,WCMB,0.0,0.0,,,,B,1.0,M,,,C,,0.0,N,U,U,U,U,U,N,529.0,365-730,0,0.08527223117946173,0.028071817065325456,0.0008836661292322956,0.0,23.57155389204047,5844.174999999999,0.9726946925308608,0,0,1,1,1,0,0,1,1,0,1,0,0.385364,254.35873485088348,45,209.35873485088348,715.38400323987,65,650.38400323987,1398.973041679859,85,1313.973041679859
255.42,1212.25,44.44,1.2375,450.5,202.725,202.725,0.0,0.0,473.75,209.71,51.33333333,0.0,6.0,0.0,195.0,0.0,550.0,0.0,89.66666667,0.0,300.6666667,0.0,0.333333333,3.666666667,3.476666667,70.33333333,0.666666667,823.0533333,0.0,58.30333333,7.666666667,5.213333333,0.0,0.0,156.3333333,0.0,261.3333333,0.0,205.6666667,0.0,620.0233333,0.0,57.33333333,550.0,300.6666667,0.0,0.0,27,1013959,1,1,N,A,N,2188,9422.0,2781.91,2745.8,9422.0,2188,105.61,362.38,84.15,1054,367,186,733.0,264.0,115.0,U,NEW YORK CITY AREA,Y,N,199.9899902,3.0,3.0,WCMB,0.0,0.0,,,,B,1.0,M,,,,,0.0,U,U,U,U,U,U,Y,315.0,180-365,1,0.21052544817638574,4.461377640845071,0.0,8.999999991000001,26.678036971830988,6896.339999999999,0.17257116092823033,0,0,1,1,1,0,0,1,1,1,1,1,0.5183323,254.1934882507324,45,209.1934882507324,714.9191857051849,65,649.9191857051849,1398.0641853790282,85,1313.0641853790282
187.665,950.5,39.99,0.0,450.5,157.675,157.675,0.0,0.0,115.5,40.425,0.0,0.0,0.0,0.0,0.0,0.0,0.0,0.0,0.0,0.0,0.0,0.0,0.0,0.0,0.0,0.0,0.0,0.0,0.0,0.0,0.0,0.0,0.0,0.0,0.0,0.0,0.0,0.0,0.0,0.0,0.0,0.0,0.0,0.0,0.0,0.0,0.0,12,1073424,2,2,U,A,N,999,5846.0,1184.63,1079.93,5791.0,973,107.99,579.1,97.3,912,129,174,820.0,128.0,147.0,U,NEW YORK CITY AREA,Y,N,129.9899902,1.0,1.0,WCMB,0.0,0.0,O,6.0,,B,1.0,M,7.0,,C,,0.0,G,U,U,U,U,U,Y,345.0,180-365,0,0.19723068838675775,3.8466699194925593,0.0,0.0,23.188582581117345,2251.98,0.20632723428887828,0,0,0,0,1,0,0,0,1,0,1,1,0.70276964,253.21971393871308,45,208.21971393871308,712.1804566383362,65,647.1804566383362,1392.708426662922,85,1307.708426662922
200.4175,1333.5,44.99,9.405,426.25,149.1875,149.1875,0.0,1.3575,-470.5,-141.0275,8.333333333,0.0,1.0,0.0,36.0,0.0,305.6666667,0.0,42.0,0.0,262.0,0.0,8.0,27.33333333,23.76666667,24.33333333,0.0,1038.913333,0.0,139.53,54.66666667,76.96,4.333333333,42.0,166.0,0.0,635.5633333,0.0,131.3333333,0.0,542.88,0.0,9.333333333,305.6666667,262.0,0.0,0.0,11,1055418,1,1,U,BA,N,2171,8430.0,1263.42,1199.73,8412.0,2161,119.97,841.2,216.1,1490,290,247,972.0,222.0,146.0,U,NEW YORK CITY AREA,Y,N,199.9899902,1.0,1.0,WCMB,0.0,0.0,,4.0,S,U,2.0,M,4.0,,G,A,0.0,I,U,U,U,U,U,Y,347.0,180-365,0,0.1501817159985013,3.243911719939117,0.0010172349194454851,88.0,28.995433789954337,2204.5924999999997,0.0816732448643441,0,0,1,0,0,0,0,0,1,0,0,1,0.6562845,252.53934139037133,45,207.53934139037133,710.2668916875124,65,645.2668916875124,1388.9663776470425,85,1303.9663776470425
535.955,2941.5,227.4075,1.2375,396.25,99.8325,97.6875,2.145,201.2375,-61.5,-32.365,31.33333333,0.0,125.3333333,0.0,49.0,0.0,728.3333333,1.0,473.0,0.0,536.6666667,1.0,3.666666667,12.0,10.66,302.3333333,6.0,778.07,1.826666667,612.58,111.0,188.2366667,69.0,104.6933333,422.0,0.666666667,596.2666667,1.033333333,550.3333333,0.333333333,794.3766667,0.793333333,156.6666667,729.3333333,537.6666667,0.0,43.66666667,28,1012837,2,2,U,C,N,35359,71782.0,10010.46,9817.77,71378.0,35143,363.62,2643.63,1301.59,2962,1416,547,2916.0,1445.0,467.0,U,CHICAGO AREA,Y,R,129.9899902,7.0,5.0,WCMB,0.0,0.0,O,,,U,1.0,M,5.0,2.0,C,,0.0,N,U,U,U,U,U,Y,222.0,180-365,1,0.182142735768904,0.4370806562831781,0.06838997451146984,102.66666667599999,12.8782986548165,15006.740000000002,0.19593446474868045,0,0,0,1,1,0,0,0,0,0,1,0,0.24458574,251.68695227932932,45,206.68695227932932,707.8695293265582,65,642.8695293265582,1384.2782375363113,85,1299.2782375363113
206.1325,844.5,44.99,0.7425,142.5,50.395,45.325,5.07,116.005,123.5,-29.4125,7.333333333,0.0,0.0,0.0,34.66666667,0.0,101.6666667,3.666666667,37.66666667,0.0,61.33333333,3.666666667,0.0,0.0,0.0,22.66666667,0.0,236.8366667,11.72333333,95.14,11.0,7.796666667,0.0,0.0,40.33333333,2.0,162.04,6.343333333,38.0,1.666666667,169.9366667,5.38,7.333333333,105.3333333,65.0,0.0,0.0,9,1080201,1,1,U,AA,N,1766,5374.0,1017.98,952.37,5361.0,1761,119.05,670.13,220.13,803,215,216,631.0,195.0,138.0,R,CHICAGO AREA,Y,N,129.9899902,2.0,1.0,WCMB,0.0,0.0,,,,U,,,,,,,0.0,N,U,U,U,U,U,N,152.0,<180,1,0.24379952690715553,1.0957816916721026,0.13720283855706683,0.0,18.36268754076973,1855.1924999999999,0.4771489339627536,0,0,1,1,1,1,1,1,1,1,1,0,0.63443744,251.0940821495056,45,206.0940821495056,706.2021551913023,65,641.2021551913023,1381.017451822281,85,1296.017451822281
292.9125,1904.5,44.99,0.7425,733.25,256.6675,256.375,0.2925,0.0975,1149.5,286.0175,15.33333333,0.0,71.66666667,1.0,26.33333333,0.0,442.6666667,2.333333333,176.0,0.0,334.3333333,1.333333333,1.666666667,6.666666667,5.94,48.33333333,3.666666667,774.0166667,0.223333333,866.8433333,86.66666667,255.0333333,40.0,364.9266667,221.3333333,0.0,767.7866667,0.0,284.0,1.333333333,873.0833333,0.223333333,88.0,445.0,335.6666667,0.0,16.0,7,1083721,1,1,U,AA,N,2037,6721.0,880.19,814.18,6592.0,2000,162.84,1318.4,400.0,1521,431,198,,,,,CHICAGO AREA,Y,N,79.98999023,1.0,1.0,WCMB,0.0,0.0,O,15.0,S,S,3.0,M,4.0,,,A,0.0,Z,U,U,U,U,U,N,199.0,180-365,0,0.15371949619522438,5.580941509023701,5.1167672526895826e-05,11.666666669000001,41.41117634268319,2050.3875000000003,0.12124727298601078,1,0,0,0,0,0,0,0,1,1,0,0,0.4456822,250.6481081771851,45,205.6481081771851,704.947804248333,65,639.947804248333,1378.564594974518,85,1293.564594974518
232.08,1751.25,74.99,0.0,391.0,156.4,156.4,0.0,0.69,1226.75,234.11,3.0,0.0,1.666666667,0.0,30.0,0.0,133.0,0.0,372.6666667,0.0,101.3333333,0.0,0.0,0.0,0.0,239.6666667,0.0,126.45,0.0,482.5733333,24.66666667,12.62333333,87.0,117.1,209.0,0.0,294.95,0.0,262.0,0.0,314.0733333,0.0,4.666666667,133.0,101.3333333,0.0,47.66666667,27,1022755,3,2,Y,AA,N,24622,46817.0,4133.39,3944.92,46817.0,24622,151.73,1800.65,947.0,1342,682,154,1548.0,684.0,154.0,S,MIDWEST AREA,Y,N,129.9899902,5.0,4.0,WCMB,1.0,0.0,O,3.0,S,S,4.0,M,1.0,2.0,I,A,1.0,O,U,U,U,U,U,Y,556.0,365-730,1,0.13244685404479956,2.0581655480984344,0.0003937794264517049,0.0,23.04579549940782,6266.160000000001,0.32699341623994144,0,0,0,0,0,0,0,0,0,0,0,0,0.5620818,250.46006776428226,45,205.46006776428226,704.4189267539979,65,639.4189267539979,1377.5303727035525,85,1292.5303727035525
177.995,590.25,59.99,0.0,4.0,1.56,0.0,1.56,118.445,-325.25,-89.675,21.66666667,0.0,7.333333333,0.0,39.66666667,0.0,122.6666667,0.333333333,24.66666667,0.0,58.0,0.333333333,9.333333333,20.66666667,17.01,10.66666667,0.0,122.39,0.033333333,26.50333333,9.0,14.54,3.333333333,7.263333333,26.33333333,0.0,57.39333333,0.0,44.66666667,0.333333333,91.5,0.033333333,29.0,123.0,58.33333333,0.0,1.0,11,1078873,1,1,U,CA,Y,1389,4143.0,1084.83,999.95,4118.0,1371,100.0,411.8,137.1,699,220,208,535.0,170.0,129.0,R,CHICAGO AREA,Y,N,149.9899902,1.0,1.0,WCMB,0.0,0.0,,,,U,,,,,,,0.0,H,U,U,U,U,U,N,321.0,180-365,0,0.30104862579281183,0.02557796360059026,0.20032980972515854,102.666666663,9.677816035415642,1957.9450000000002,0.09653524114335865,0,0,1,1,1,1,1,1,1,1,1,0,0.7300042,249.47923120212556,45,204.47923120212556,701.6603483653068,65,636.6603483653068,1372.1357716116906,85,1287.1357716116906
212.9025,938.0,120.9575,6.435,192.5,67.375,67.375,0.0,20.665,-449.0,-97.9525,3.0,0.0,13.66666667,0.0,9.333333333,0.0,157.3333333,1.0,12.33333333,0.0,131.6666667,1.0,0.0,0.0,0.0,2.333333333,3.333333333,352.2533333,1.033333333,54.24666667,28.66666667,22.62,0.333333333,5.726666667,114.0,0.0,292.0133333,0.0,29.66666667,1.0,114.4866667,1.033333333,16.66666667,158.3333333,132.6666667,0.0,1.333333333,12,1051832,1,1,N,AA,N,1391,5063.0,1267.04,1197.06,5063.0,1391,108.82,460.27,126.45,1088,296,245,783.0,210.0,168.0,S,ATLANTIC SOUTH AREA,Y,N,59.98999023,1.0,1.0,WCMB,0.0,0.0,O,10.0,S,U,3.0,M,3.0,1.0,C,A,0.0,N,U,U,U,U,U,Y,376.0,365-730,0,0.2267332268370607,0.5524465490027264,0.02200745473908413,0.0,7.691203902998995,2554.83,0.6441445604954247,0,0,0,0,0,0,0,0,0,0,0,1,0.6070124,248.13016286230086,45,203.13016286230086,697.8660957401991,65,632.8660957401991,1364.7158957426548,85,1279.7158957426548
163.865,764.0,29.99,0.7425,361.75,126.6125,126.6125,0.0,0.0,-153.0,-46.625,12.33333333,0.0,3.0,0.0,71.33333333,0.0,307.3333333,0.0,147.3333333,0.0,224.0,0.0,0.0,0.0,0.0,105.0,0.0,271.4866667,0.0,114.36,53.33333333,36.86666667,9.333333333,10.02666667,208.6666667,0.0,262.6533333,0.0,102.3333333,0.0,123.1933333,0.0,15.33333333,307.3333333,224.0,0.0,0.0,12,1054398,3,2,U,A,N,3243,6251.0,1271.2,1204.15,6115.0,3175,120.42,611.5,317.5,815,403,179,666.0,341.0,137.0,U,LOS ANGELES AREA,N,N,29.98999023,1.0,1.0,WC,0.0,0.0,,,,U,,,,,,,0.0,J,U,U,U,U,U,N,354.0,180-365,0,0.21420261437908497,4.085592126492417,0.0,0.0,24.653113907712168,1966.38,0.19663393664440604,0,0,1,1,1,1,1,1,1,1,1,1,0.78815603,247.9702689876557,45,202.9702689876557,697.4164010620118,65,632.4164010620118,1363.8364794321062,85,1278.8364794321062
181.775,1035.5,59.99,5.94,374.25,125.65,125.65,0.0,0.195,58.5,70.155,4.666666667,0.0,8.666666667,0.0,39.0,0.0,253.0,0.0,135.0,0.0,202.3333333,0.0,0.0,0.0,0.0,43.33333333,0.0,364.2766667,0.0,380.7266667,42.33333333,84.24333333,5.0,9.826666667,280.0,0.0,627.2566667,0.0,55.66666667,0.0,117.7466667,0.0,13.33333333,253.0,202.3333333,0.0,4.0,13,1060193,1,1,U,AA,N,2743,6846.0,1024.62,944.64,6831.0,2737,85.88,621.0,248.82,1016,371,158,783.0,294.0,111.0,R,NORTH FLORIDA AREA,Y,N,149.9899902,2.0,1.0,WCMB,0.0,0.0,,,,U,,,,,,,0.0,U,U,U,U,U,U,N,71.0,<180,1,0.17537385431741437,2.06017379898344,0.0001881331403762663,0.0,16.978193146417446,2363.0750000000003,0.3267788255465066,0,0,1,1,1,1,1,1,1,1,1,0,0.7095566,247.64090886116028,45,202.64090886116028,696.4901211798191,65,631.4901211798191,1362.0249987363816,85,1277.0249987363816
234.8175,2316.5,72.6975,1.7325,557.5,167.05,167.05,0.0,2.0875,-662.5,-158.8375,28.66666667,0.0,2.0,0.0,93.33333333,0.0,365.3333333,0.0,182.3333333,0.0,253.3333333,0.0,1.0,6.333333333,6.106666667,73.33333333,1.666666667,965.8366667,0.0,1050.24,66.0,94.02666667,23.66666667,104.8466667,188.3333333,0.0,901.9666667,0.0,202.0,0.0,1114.11,0.0,30.66666667,365.3333333,253.3333333,0.0,12.0,14,1064160,1,1,U,BA,N,2845,16007.0,1785.59,1704.62,15963.0,2831,131.12,1227.92,217.77,2537,437,288,1453.0,258.0,178.0,C,NEW ENGLAND AREA,Y,R,9.989997864,3.0,3.0,WC,0.0,0.0,,7.0,S,S,1.0,M,5.0,1.0,,A,0.0,G,U,U,U,U,U,Y,112.0,<180,1,0.10132362459546926,2.266698327623054,0.0009007551240560949,14.0,31.432545201668983,3287.4449999999997,0.2343732608246275,0,0,1,0,0,0,0,0,0,1,0,0,0.5485757,247.3251435699463,45,202.3251435699463,695.6019662904739,65,630.6019662904739,1360.2882896347048,85,1275.2882896347048
172.64,1125.5,59.99,0.0,398.0,119.4,119.4,0.0,0.0,-856.5,-119.4,29.33333333,0.0,1.666666667,0.0,32.0,0.0,152.0,0.0,251.0,0.0,112.6666667,0.0,0.666666667,2.0,1.63,110.3333333,0.0,222.8166667,0.0,550.0133333,20.0,12.30666667,8.333333333,22.34,215.6666667,0.0,558.8366667,0.0,106.6666667,0.0,213.99,0.0,31.0,152.0,112.6666667,0.0,11.0,18,1039234,2,1,U,AA,N,4891,14299.0,1907.84,1847.24,14285.0,4881,108.66,840.29,287.12,1411,424,213,1139.0,340.0,158.0,U,SOUTHWEST AREA,N,N,129.9899902,2.0,2.0,WCMB,0.0,0.0,O,2.0,S,S,2.0,M,3.0,,I,A,0.0,S,U,U,Y,Y,U,Y,214.0,180-365,1,0.15325343985796713,1.957697983275947,0.0,12.000000006,18.453844892605346,3107.5199999999995,0.27591042747971384,0,0,0,0,0,0,0,0,1,0,0,1,0.7422976,246.04850120544435,45,201.04850120544435,692.0114044952392,65,627.0114044952392,1353.266756629944,85,1268.266756629944
163.385,1493.25,59.99,1.2375,353.5,106.05,106.05,0.0,0.64,-1041.25,-108.195,33.0,0.0,0.666666667,0.0,32.66666667,0.0,330.3333333,0.0,155.3333333,0.0,275.0,0.0,14.33333333,23.66666667,14.16333333,87.0,0.0,752.0133333,0.0,536.0566667,54.0,124.81,6.333333333,10.26333333,166.6666667,0.0,426.7866667,0.0,217.0,0.0,861.28,0.0,33.66666667,330.3333333,275.0,0.0,0.333333333,13,1058383,2,2,U,AA,N,4328,17027.0,1407.09,1327.11,17023.0,4325,110.59,1418.58,360.42,1840,428,200,1767.0,435.0,160.0,U,NEW YORK CITY AREA,Y,N,129.9899902,2.0,1.0,WCMB,0.0,0.0,,,M,S,1.0,M,3.0,,A,,0.0,H,U,U,U,U,U,N,155.0,<180,1,0.10934247950476828,1.7388096409247416,0.00042830851597791536,186.33333329,24.483521888834236,2124.005,0.05857495463241387,0,0,1,1,0,0,0,0,1,0,1,1,0.7843426,246.0476420660019,45,201.0476420660019,692.0090420031547,65,627.0090420031547,1353.2620313630105,85,1268.2620313630105
332.465,4606.5,209.99,21.0375,721.25,108.1875,108.1875,0.0,0.0,359.5,57.285,12.0,0.0,39.33333333,0.0,177.0,0.0,1549.0,0.0,223.6666667,0.0,1323.0,0.0,4.0,28.33333333,26.27333333,82.33333333,1.0,2609.33,0.0,894.3366667,227.0,349.5666667,57.33333333,226.0766667,1257.0,0.0,2871.47,0.0,285.6666667,0.0,632.1966667,0.0,51.33333333,1549.0,1323.0,0.0,62.33333333,17,1048690,1,1,Y,AA,N,12077,37481.0,5001.54,4838.31,37481.0,12077,302.39,2342.56,754.81,4487,1518,313,3737.0,1214.0,342.0,C,DALLAS AREA,Y,N,199.9899902,5.0,2.0,WCMB,0.0,0.0,O,1.0,S,S,1.0,M,9.0,1.0,C,A,0.0,N,U,U,U,U,U,Y,267.0,180-365,1,0.0721573521432447,0.5127612683065548,0.0,68.0,21.83278828380492,5651.905,0.1813972982557952,0,0,0,0,0,0,0,0,0,0,0,1,0.38537264,245.9959955062866,45,200.9959955062866,691.863816627264,65,626.863816627264,1352.9779752845764,85,1267.9779752845764
153.6875,590.25,49.99,4.455,15.0,4.5,4.5,0.0,94.7425,-353.25,-66.5575,18.0,0.0,5.0,0.0,12.33333333,0.0,116.6666667,0.0,4.666666667,0.0,83.0,0.0,1.333333333,3.333333333,2.716666667,2.0,0.0,111.7233333,0.0,4.273333333,12.66666667,10.59,0.0,0.0,64.0,0.0,89.54,0.0,22.0,0.0,26.45666667,0.0,23.0,116.6666667,83.0,0.0,0.0,16,1054761,1,1,U,AA,N,2925,9117.0,1857.7,1677.73,9117.0,2925,119.84,651.21,208.93,708,266,176,785.0,293.0,169.0,T,NEW ENGLAND AREA,Y,N,59.98999023,1.0,1.0,WCMB,0.0,0.0,,,,U,,,,,,,0.0,I,U,U,U,U,U,N,459.0,365-730,0,0.2599365750528541,0.08825259854873505,0.16024101479915434,21.333333328,11.57579917630908,2459.0,0.4129525147019854,0,0,1,1,1,1,1,1,1,1,1,1,0.8332034,245.8616578578949,45,200.8616578578949,691.485876083374,65,626.485876083374,1352.239118218422,85,1267.239118218422
172.0875,833.0,30.0,0.0,404.5,141.575,141.575,0.0,0.0,-50.0,-17.1375,5.666666667,0.0,2.666666667,0.0,101.6666667,0.0,345.6666667,0.0,195.3333333,0.0,238.3333333,0.0,0.0,0.0,0.0,123.3333333,1.666666667,299.11,0.0,271.89,24.0,20.20666667,15.33333333,21.13333333,292.0,0.0,428.0933333,0.0,112.6666667,0.0,142.9066667,0.0,8.333333333,345.6666667,238.3333333,0.0,0.0,12,1053634,1,1,Y,ZA,N,2600,5492.0,976.78,912.32,5357.0,2549,82.94,487.0,231.73,850,404,178,613.0,313.0,114.0,U,NEW YORK CITY AREA,Y,N,149.9899902,1.0,1.0,WCMB,0.0,0.0,O,7.0,M,U,2.0,M,4.0,2.0,,C,0.0,O,U,U,U,U,U,Y,360.0,180-365,0,0.20633992805755397,4.566935483870967,0.0,0.0,26.870967741935484,2065.05,0.1796320440388237,0,0,0,0,0,0,0,0,0,1,0,1,0.7435117,245.66221923351293,45,200.66221923351293,690.9249710798264,65,625.9249710798264,1351.142205784321,85,1266.142205784321
194.215,2386.5,59.99,0.0,480.75,144.225,144.225,0.0,0.0,-328.5,-126.825,33.33333333,0.0,1.666666667,0.0,52.66666667,0.0,264.3333333,0.0,152.0,0.0,194.3333333,0.0,3.666666667,5.333333333,4.173333333,46.66666667,0.0,1178.666667,0.0,1595.01,26.0,26.46666667,3.666666667,4.056666667,132.0,0.0,604.7733333,0.0,179.6666667,0.0,2128.9,0.0,35.0,264.3333333,194.3333333,0.0,10.0,13,1082785,1,1,U,AA,N,2383,23706.0,2199.64,2118.76,23681.0,2382,176.56,1973.42,198.5,2496,294,236,2520.0,258.0,240.0,,CALIFORNIA NORTH AREA,N,N,129.9899902,1.0,1.0,WCMB,0.0,0.0,O,5.0,,S,2.0,M,3.0,1.0,,,0.0,H,U,U,U,U,U,Y,371.0,365-730,0,0.08134659685863875,2.364731923266109,0.0,47.666666671,39.12936546974914,2524.795,0.14221921672657648,1,0,0,0,1,0,0,0,0,1,1,1,0.65812755,245.4110309095383,45,200.4110309095383,690.2185128569603,65,625.2185128569603,1349.7606700024608,85,1264.7606700024608
204.635,1156.5,54.99,1.2375,380.5,133.195,132.0375,1.1575,7.07,77.5,15.195,5.333333333,0.0,8.666666667,0.0,42.33333333,1.333333333,228.0,7.666666667,91.66666667,0.0,173.0,6.333333333,0.333333333,3.0,3.0,32.66666667,0.333333333,458.5433333,9.44,367.1633333,43.66666667,61.86666667,1.666666667,1.73,153.3333333,2.333333333,423.72,3.416666667,110.0,4.0,401.99,6.023333333,14.0,235.6666667,179.3333333,0.666666667,2.0,11,1057983,2,1,U,BA,N,1994,6994.0,1140.93,1060.95,6994.0,1994,106.1,699.4,199.4,1131,290,199,947.0,238.0,132.0,C,CHICAGO AREA,Y,N,149.9899902,2.0,2.0,WCMB,0.0,0.0,O,15.0,,M,1.0,M,3.0,,,,0.0,S,U,U,U,U,U,N,106.0,<180,1,0.17679049676025918,2.3789069476692264,0.006107991360691145,3.666666663,20.655474191819966,2250.9849999999997,0.2693791146029277,0,0,0,0,1,0,0,0,1,1,1,1,0.62412137,245.21679006624223,45,200.21679006624223,689.6722281599044,65,624.6722281599044,1348.6923453643324,85,1263.6923453643324
201.985,1582.0,58.9475,4.7025,452.75,126.77,126.77,0.0,1.0025,-367.0,-55.945,11.33333333,0.0,10.0,0.0,107.3333333,0.0,578.0,0.0,140.6666667,0.0,451.0,0.0,6.333333333,23.33333333,19.26666667,66.33333333,0.333333333,789.1266667,0.0,352.7833333,133.6666667,193.1033333,34.33333333,71.68333333,356.3333333,0.0,700.09,0.0,233.6666667,0.0,441.82,0.0,21.33333333,578.0,451.0,0.0,9.0,16,1039893,2,2,U,DA,N,6339,14891.0,1788.03,1756.32,14879.0,6335,117.09,991.93,422.33,1704,692,221,1514.0,629.0,186.0,T,CENTRAL/SOUTH TEXAS AREA,Y,N,149.9899902,3.0,2.0,WCMB,1.0,0.0,O,5.0,S,U,5.0,M,6.0,1.0,,A,0.0,U,U,U,U,U,U,Y,124.0,<180,1,0.12759633607075174,2.114683681554694,0.000633291219204043,101.333333328,26.389757704658244,3231.76,0.10584231574302815,0,0,0,0,0,0,0,0,0,1,0,0,0.63077736,244.6225322351456,45,199.6225322351456,688.0008598721028,65,623.0008598721028,1345.4239272933007,85,1260.4239272933007
280.48,2667.5,92.99,1.2375,239.75,59.9375,59.9375,0.0,0.0,-719.5,-183.76,56.0,0.0,18.33333333,0.0,135.3333333,0.333333333,689.3333333,0.333333333,187.6666667,0.0,490.6666667,0.0,38.66666667,274.0,253.0433333,74.66666667,3.333333333,1622.16,0.0,690.2766667,113.0,283.1066667,10.33333333,92.87666667,420.6666667,0.0,1428.78,0.0,243.6666667,0.0,883.6566667,0.0,74.33333333,689.6666667,490.6666667,0.0,23.33333333,28,1021454,1,1,Y,CA,N,17920,53099.0,3828.1,3726.19,52401.0,17639,143.32,2015.42,678.42,2907,862,342,2381.0,749.0,226.0,R,ATLANTIC SOUTH AREA,Y,N,249.9899902,4.0,3.0,WCMB,0.0,0.0,O,9.0,S,S,2.0,M,1.0,,G,A,0.0,S,U,U,U,U,U,Y,70.0,<180,1,0.1051077384298295,0.637700819236089,0.0,1082.66666676,28.380678795616557,7853.4400000000005,0.02481120688141467,0,0,0,0,0,0,0,0,1,0,0,0,0.45385346,244.40989045715332,45,199.40989045715332,687.4028419876099,65,622.4028419876099,1344.2543975143433,85,1259.2543975143433
144.6725,562.5,94.99,0.495,236.75,59.1875,59.1875,0.0,0.0,-548.5,-59.6825,0.0,0.0,0.0,0.0,0.0,0.0,0.0,0.0,0.0,0.0,0.0,0.0,0.0,0.0,0.0,0.0,0.0,0.0,0.0,0.0,0.0,0.0,0.0,0.0,0.0,0.0,0.0,0.0,0.0,0.0,0.0,0.0,0.0,0.0,0.0,0.0,0.0,12,1071968,4,2,U,AA,N,2845,7179.0,1645.53,1570.54,7177.0,2843,142.78,652.45,258.45,745,295,165,719.0,289.0,158.0,T,NORTH FLORIDA AREA,Y,N,149.9899902,1.0,1.0,WCMB,0.0,0.0,,0.0,M,B,1.0,M,7.0,,,B,0.0,S,U,U,U,U,U,N,354.0,180-365,0,0.25673913043478264,0.6166006875716221,0.0,0.0,5.859985415147412,1736.0700000000002,0.6185819464806431,0,0,1,0,0,0,0,0,1,1,0,1,0.87714493,243.6456005430222,45,198.6456005430222,685.2532687735559,65,620.2532687735559,1340.050802986622,85,1255.050802986622
174.2375,892.25,49.99,0.0,377.0,113.1,113.1,0.0,4.8975,-170.25,-50.1075,13.66666667,0.0,15.33333333,0.0,38.0,0.0,194.3333333,0.0,101.6666667,0.0,134.3333333,0.0,0.0,0.0,0.0,37.33333333,0.0,327.7166667,0.0,364.8,12.0,7.263333333,17.0,26.38666667,102.0,0.0,273.99,0.0,126.6666667,0.0,418.53,0.0,29.0,194.3333333,134.3333333,0.0,3.0,13,1059291,3,2,Y,BA,N,2504,8394.0,1604.8,1474.21,7939.0,2403,134.02,721.73,218.45,949,253,191,797.0,239.0,165.0,R,ATLANTIC SOUTH AREA,Y,R,79.98999023,2.0,2.0,WCMB,0.0,0.0,,,,U,,,,,,,0.0,H,U,U,U,U,U,N,179.0,<180,1,0.1950601735236496,2.2180819768582074,0.005482787573467674,0.0,17.49852912335752,2265.0875,0.3107441038454507,0,0,1,1,1,1,1,1,1,1,1,1,0.72705543,243.22622876167299,45,198.22622876167299,684.0737683922052,65,619.0737683922052,1337.7442581892014,85,1252.7442581892014
281.645,3826.75,84.99,3.2175,813.75,203.4375,203.4375,0.0,0.0,167.25,42.815,31.66666667,0.0,37.33333333,0.0,125.6666667,0.0,718.6666667,0.0,353.3333333,0.0,540.3333333,0.0,5.333333333,36.0,32.56333333,107.6666667,5.666666667,1338.253333,0.0,1261.906667,231.3333333,534.3966667,151.3333333,535.76,400.6666667,0.0,1122.956667,0.0,471.6666667,0.0,1477.203333,0.0,69.0,718.6666667,540.3333333,0.0,17.66666667,17,1055365,1,1,N,CA,N,11943,49290.0,3542.68,3437.69,49284.0,11940,214.86,3080.25,746.25,3771,974,267,3888.0,970.0,276.0,,CENTRAL/SOUTH TEXAS AREA,N,N,129.9899902,2.0,2.0,WCMB,0.0,0.0,,,,B,1.0,M,1.0,1.0,C,,0.0,H,U,U,U,U,U,N,288.0,180-365,1,0.073579779243681,2.365827421793232,0.0,90.666666661,44.50226770554716,4787.965,0.11495361773249227,1,0,1,1,1,0,0,0,0,0,1,0,0.44917336,242.89426267910005,45,197.89426267910005,683.1401977217197,65,618.1401977217197,1335.9184447350503,85,1250.9184447350503
179.6025,1809.0,106.49,0.0,227.25,79.5375,79.5375,0.0,0.0,-330.0,-76.3625,10.0,0.0,19.0,0.0,66.66666667,0.0,445.3333333,0.0,112.6666667,0.0,351.6666667,0.0,0.0,0.0,0.0,67.0,0.333333333,1001.646667,0.0,391.2666667,133.6666667,214.97,31.0,156.73,184.6666667,0.0,360.5433333,0.0,277.6666667,0.0,1032.363333,0.0,29.0,445.3333333,351.6666667,0.0,6.0,17,1044583,4,3,U,A,N,7633,19411.0,2191.93,2051.67,18750.0,7229,136.78,1250.0,481.93,1919,500,205,1739.0,515.0,153.0,S,DALLAS AREA,Y,N,149.9899902,2.0,2.0,WCMB,1.0,0.0,O,7.0,S,M,4.0,M,5.0,3.0,,A,0.0,N,U,U,U,Y,U,Y,151.0,<180,1,0.09922790055248619,0.7399525537259279,0.0,0.0,16.829472509070612,3053.2425,0.5747283153546938,0,0,0,0,0,0,0,0,0,1,0,1,0.7033357,242.53603294801712,45,197.53603294801712,682.1326247817277,65,617.1326247817277,1333.9481812140941,85,1248.9481812140941
238.89,2170.25,74.99,0.0,404.25,161.7,161.7,0.0,0.0,-191.25,-98.9,50.66666667,0.0,15.0,0.0,56.33333333,0.0,485.3333333,0.0,166.6666667,0.0,376.0,0.0,5.666666667,16.66666667,13.59,73.66666667,0.666666667,971.9133333,0.0,586.4133333,68.66666667,97.65,7.0,22.48333333,255.6666667,0.0,640.49,0.0,258.3333333,0.0,917.8333333,0.0,65.66666667,485.3333333,376.0,0.0,0.0,29,1014820,2,2,N,A,N,9347,29082.0,3718.81,3617.1,28630.0,9116,150.71,1192.92,379.83,2234,578,272,1906.0,515.0,228.0,T,NEW YORK CITY AREA,N,N,129.9899902,3.0,2.0,WCMB,0.0,0.0,O,3.0,,U,2.0,M,7.0,,G,,0.0,N,U,U,U,U,U,Y,212.0,180-365,1,0.11002417962003454,2.1279115673114886,0.0,164.33333334300002,28.559678905119096,6927.8099999999995,0.11370641926847196,0,0,0,0,1,0,0,0,1,0,1,0,0.5279762,242.1662351360321,45,197.1662351360321,681.0925505590438,65,616.0925505590438,1331.9142932481766,85,1246.9142932481766
197.725,2137.0,94.99,3.96,177.5,44.375,44.375,0.0,0.4075,261.0,-15.775,46.0,0.0,15.0,0.0,221.3333333,0.0,905.0,0.0,388.0,0.0,636.0,0.0,3.333333333,21.66666667,19.61666667,257.3333333,0.0,914.5033333,0.0,343.2066667,239.3333333,270.7933333,164.0,159.6633333,559.3333333,0.0,730.59,0.0,400.6666667,0.0,527.12,0.0,61.0,905.0,636.0,0.0,14.33333333,11,1076637,1,1,U,BA,N,10771,20662.0,1537.42,1457.44,20453.0,10737,145.74,2045.3,1073.7,2050,1085,203,2288.0,1200.0,179.0,S,SOUTH FLORIDA AREA,U,R,,2.0,2.0,UNKW,0.0,0.0,,,,U,,,,,,,0.0,N,U,U,U,U,U,N,34.0,<180,1,0.09248129092609915,0.46228773830607356,0.00019059869036482693,36.666666663,22.262735701635588,2174.975,0.2085235645458645,0,0,1,1,1,1,1,1,1,1,1,1,0.63600487,241.44781405925752,45,196.44781405925752,679.0719888269902,65,614.0719888269902,1327.9629773259164,85,1242.9629773259164
194.1375,1904.25,59.99,46.53,273.0,81.9,81.9,0.0,8.675,-268.25,-0.3175,31.66666667,0.0,3.666666667,0.0,64.33333333,0.0,510.0,0.0,132.0,0.0,415.0,0.0,1.333333333,2.333333333,1.616666667,82.66666667,1.333333333,936.2866667,0.0,304.5633333,73.33333333,80.01,7.0,18.38,239.6666667,0.0,526.3833333,0.0,258.3333333,0.0,714.47,0.0,35.33333333,510.0,415.0,0.0,0.666666667,16,1041509,1,1,U,CA,N,4119,13068.0,1853.59,1774.33,12900.0,4053,126.74,921.43,289.5,1994,572,194,1308.0,390.0,139.0,U,NEW YORK CITY AREA,Y,N,59.98999023,1.0,1.0,WCMB,0.0,0.0,O,1.0,M,U,1.0,M,7.0,1.0,C,,0.0,F,U,U,U,U,U,Y,471.0,365-730,0,0.10189607663036346,1.3428430890309888,0.004553208240388401,21.333333328,31.222331529758975,3106.2,0.27202176533397354,0,0,0,0,0,0,0,0,0,0,1,1,0.6473532,241.29699604511262,45,196.29699604511262,678.6478708058595,65,613.6478708058595,1327.1334782481194,85,1242.1334782481194
173.4775,526.25,44.99,0.0,0.0,0.0,0.0,0.0,137.2375,553.75,406.0125,1.333333333,0.0,0.0,0.0,14.0,0.0,118.6666667,0.0,14.0,0.0,104.0,0.0,0.0,0.0,0.0,3.666666667,0.0,247.6166667,0.0,95.02666667,33.33333333,20.71666667,0.0,0.0,53.33333333,0.0,101.6366667,0.0,61.33333333,0.0,241.0066667,0.0,1.333333333,118.6666667,104.0,0.0,1.333333333,13,1080474,1,1,U,BA,N,1069,6124.0,541.96,476.35,6119.0,1067,39.7,509.92,88.92,342,92,38,401.0,79.0,37.0,S,NORTHWEST/ROCKY MOUNTAIN AREA,Y,N,149.9899902,1.0,1.0,WCMB,0.0,0.0,,,,U,,,,,,,0.0,U,U,U,U,U,U,N,377.0,365-730,0,0.32902323376007586,0.0,0.2602892366050261,0.0,11.44270493585562,2255.2075,1.0,0,0,1,1,1,1,1,1,1,1,1,1,0.72282386,240.75586759972572,45,195.75586759972572,677.125882794261,65,612.125882794261,1324.1572717984916,85,1239.1572717984916
160.86,1449.0,59.99,0.99,254.0,101.5875,101.1,0.4875,0.2925,136.0,37.67,59.33333333,0.0,24.66666667,0.0,105.6666667,0.0,541.6666667,0.333333333,522.3333333,0.0,398.6666667,0.333333333,0.0,0.0,0.0,317.6666667,0.0,243.6466667,1.376666667,475.0833333,51.66666667,8.796666667,53.33333333,42.22,379.6666667,0.333333333,330.4,1.376666667,494.6666667,0.0,388.3366667,0.0,84.0,542.0,399.0,0.0,30.0,11,1076509,2,1,N,AA,N,8750,13836.0,1378.78,1188.81,13835.0,8749,118.88,1383.5,874.9,1404,853,148,1097.0,675.0,116.0,T,DALLAS AREA,T,R,99.98999023,3.0,3.0,WCMB,0.0,0.0,,1.0,M,M,1.0,M,7.0,,,B,0.0,N,U,U,U,Y,Y,N,140.0,<180,1,0.11093793103448277,1.6656419085095917,0.00020172413793103448,0.0,23.757993113625183,1769.46,0.375144162015039,0,0,1,0,0,0,0,0,1,1,0,1,0.777344,240.08362977218633,45,195.08362977218633,675.2351991462708,65,610.2351991462708,1320.4599637470249,85,1235.4599637470249
290.2575,2111.75,60.965,2.97,706.75,191.3225,191.225,0.0975,0.0,427.25,144.8325,24.66666667,0.0,1.333333333,0.0,84.33333333,0.0,539.6666667,0.0,380.6666667,0.0,439.6666667,0.0,8.0,33.66666667,29.33666667,210.3333333,0.0,598.1633333,0.0,719.02,47.0,68.27333333,54.66666667,127.3933333,307.0,0.0,493.66,0.0,436.3333333,0.0,823.5266667,0.0,26.0,539.6666667,439.6666667,0.0,1.0,19,1043376,1,1,N,CA,N,14666,30520.0,3130.99,3048.73,30375.0,14614,169.37,1687.5,811.89,1969,762,242,2187.0,946.0,234.0,U,NEW YORK CITY AREA,Y,R,79.98999023,5.0,5.0,WCMB,0.0,0.0,R,3.0,,S,1.0,M,4.0,,C,,0.0,N,U,U,U,U,U,N,220.0,180-365,1,0.1373837415690451,3.0875897684176548,0.0,152.0,34.079722423949,5514.8925,0.08272947867678228,0,0,0,0,1,0,0,0,1,0,1,1,0.4305559,239.94638638615606,45,194.94638638615606,674.8493241655826,65,609.8493241655826,1319.7051251238584,85,1234.7051251238584
195.86,977.75,59.99,0.0,468.25,140.475,131.175,9.3,0.0,-163.75,-49.02,6.666666667,3.0,1.0,0.0,18.33333333,0.0,107.0,53.66666667,79.33333333,0.666666667,84.33333333,50.66666667,0.666666667,3.0,2.543333333,26.0,0.333333333,289.69,92.78333333,569.1866667,9.0,27.79,7.0,59.71,69.66666667,16.66666667,274.2266667,27.68,85.66666667,34.0,584.65,65.10333333,10.66666667,160.6666667,135.0,0.0,3.0,15,1043359,1,1,U,AA,N,2048,7202.0,1486.47,1413.78,7173.0,2039,100.98,512.36,145.64,1032,216,212,701.0,169.0,136.0,C,NORTHWEST/ROCKY MOUNTAIN AREA,Y,N,149.9899902,1.0,1.0,WCMB,1.0,0.0,O,4.0,M,U,2.0,M,5.0,1.0,C,B,0.0,H,U,U,U,U,U,Y,454.0,365-730,0,0.2001123882503193,2.3032464338416134,0.0,10.000000005,16.03131660928021,2937.9,0.25189468247755903,0,0,0,0,0,0,0,0,0,0,0,1,0.63787913,239.87522844696048,45,194.87522844696048,674.6491033554078,65,609.6491033554078,1319.3137564582826,85,1234.3137564582826
186.34,1139.75,49.99,0.0,339.75,135.9,135.9,0.0,0.0,246.25,98.05,19.33333333,0.0,5.333333333,0.0,129.0,0.0,456.6666667,0.0,282.0,0.0,308.3333333,0.0,0.0,0.0,0.0,198.0,0.0,377.6333333,0.0,386.92,62.0,67.04,9.333333333,8.136666667,174.6666667,0.0,235.0566667,0.0,366.3333333,0.0,529.4966667,0.0,24.66666667,456.6666667,308.3333333,0.0,8.333333333,16,1039125,1,1,U,AA,N,5392,10570.0,1467.46,1410.56,10551.0,5378,94.04,703.4,358.53,1058,482,154,740.0,353.0,98.0,S,SOUTHWEST AREA,N,N,29.98999023,3.0,3.0,WC,1.0,1.0,O,5.0,S,S,2.0,M,4.0,1.0,I,A,0.0,U,U,U,U,U,U,Y,146.0,<180,1,0.16334867411790488,2.6652284761717984,0.0,0.0,22.35242204353795,2981.44,0.2728342875488255,0,0,0,0,0,0,0,0,0,0,0,1,0.6696757,239.59173886108397,45,194.59173886108397,673.8518099737167,65,608.8518099737167,1317.754563735962,85,1232.754563735962
197.945,1118.5,50.0,5.445,475.0,142.5,142.5,0.0,0.0,30.5,2.415,11.0,0.0,1.0,0.0,33.0,0.0,243.0,0.0,139.0,0.0,201.3333333,0.0,0.0,0.0,0.0,73.33333333,0.0,498.52,0.0,276.6866667,24.0,12.26333333,2.666666667,1.99,241.6666667,0.0,644.6966667,0.0,77.33333333,0.0,130.51,0.0,12.0,243.0,201.3333333,0.0,4.666666667,33,1099718,1,1,U,A,N,3845,10416.0,1520.72,1494.98,10109.0,3692,115.0,777.62,284.0,1012,356,171,896.0,305.0,143.0,S,LOS ANGELES AREA,Y,N,29.98999023,1.0,1.0,WC,0.0,0.0,O,6.0,S,M,4.0,M,6.0,2.0,I,A,0.0,N,U,Y,Y,Y,U,Y,917.0,730+,0,0.17681554265297006,2.7941176470588234,0.0,0.0,21.931372549019606,6532.1849999999995,0.26356589147286824,0,0,0,0,0,0,0,0,0,0,0,1,0.6296532,239.3024825410843,45,194.3024825410843,673.0382203483581,65,608.0382203483581,1316.1636539759636,85,1231.1636539759636
182.575,897.75,49.99,0.2475,395.25,138.3375,138.25,0.0875,0.0,-97.75,-36.095,0.0,0.0,0.0,0.0,0.0,0.0,0.0,0.0,0.0,0.0,0.0,0.0,0.0,0.0,0.0,0.0,0.0,0.0,0.0,0.0,0.0,0.0,0.0,0.0,0.0,0.0,0.0,0.0,0.0,0.0,0.0,0.0,0.0,0.0,0.0,0.0,0.0,11,1068038,1,1,U,BA,N,1639,6946.0,1265.48,1185.5,6930.0,1634,118.55,693.0,163.4,930,200,194,849.0,195.0,167.0,U,SOUTHWEST AREA,Y,N,149.9899902,1.0,1.0,WCMB,0.0,0.0,,,,U,,,,,,,0.0,H,U,U,U,U,U,N,333.0,180-365,0,0.20314325452016688,2.713031967052363,0.0,0.0,17.60639341047264,2008.3249999999998,0.26932167804465806,0,0,1,1,1,1,1,1,1,1,1,0,0.682367,239.1996531152725,45,194.1996531152725,672.749078798294,65,607.749078798294,1315.5980921339988,85,1230.5980921339988
167.0875,2279.5,69.99,5.1975,254.75,101.9,101.9,0.0,0.0,30.5,7.4525,18.0,0.0,6.666666667,0.0,198.3333333,0.0,702.3333333,0.0,204.3333333,0.0,487.0,0.0,21.0,22.33333333,13.14,83.66666667,0.333333333,1066.093333,0.0,463.49,89.33333333,71.55333333,31.0,58.14666667,222.0,0.0,305.3466667,0.0,461.6666667,0.0,1224.236667,0.0,24.66666667,702.3333333,487.0,0.0,20.33333333,12,1088335,2,2,N,AA,N,8151,23868.0,1512.68,1461.79,23863.0,8150,132.89,2169.36,740.91,2269,798,165,2202.0,733.0,140.0,S,SOUTH FLORIDA AREA,N,R,79.98999023,3.0,3.0,WCMB,0.0,0.0,O,15.0,S,B,1.0,M,2.0,,A,J,0.0,N,U,U,U,U,U,Y,127.0,<180,1,0.07326792370094277,1.4354134385124668,0.0,252.0,32.110156360050716,2005.0500000000002,0.04267046547412964,0,0,0,0,0,0,0,0,1,0,0,0,0.74431574,238.7824577713013,45,193.7824577713013,671.5756624817849,65,606.5756624817849,1313.303517742157,85,1228.303517742157
192.9275,1382.25,59.99,0.7425,351.0,140.4,140.4,0.0,1.795,-151.25,-22.7175,37.0,0.0,5.333333333,0.0,65.66666667,0.0,427.0,0.0,164.3333333,0.0,324.0,0.0,1.0,7.0,6.42,103.0,0.666666667,778.5333333,0.0,248.8066667,29.66666667,32.92666667,7.666666667,22.69333333,287.0,0.0,551.9566667,0.0,183.3333333,0.0,475.3833333,0.0,42.33333333,427.0,324.0,0.0,7.666666667,12,1086042,1,1,U,AA,N,4030,12042.0,1363.0,1297.39,11971.0,4013,117.94,1088.27,364.82,1433,488,200,1190.0,426.0,157.0,,NEW YORK CITY AREA,Y,N,129.9899902,1.0,1.0,WCMB,0.0,0.0,O,11.0,S,U,2.0,M,8.0,,B,A,0.0,I,U,U,U,U,U,Y,357.0,180-365,0,0.13947406470269294,2.3020167240531233,0.0012976685342490511,12.0,22.663551401869157,2315.13,0.2324491195975303,1,0,0,0,0,0,0,0,1,0,0,1,0.64373547,238.45299246931077,45,193.45299246931077,670.6490758180619,65,605.6490758180619,1311.4914585812094,85,1226.4914585812094
177.3,949.5,32.24,0.0,359.5,143.8,143.8,0.0,1.26,156.5,31.77,3.333333333,0.0,0.666666667,0.0,90.66666667,0.0,474.6666667,0.0,121.6666667,0.0,380.3333333,0.0,4.666666667,5.666666667,2.193333333,77.66666667,1.333333333,730.92,0.0,240.2133333,38.33333333,31.73666667,17.33333333,11.28333333,308.0,0.0,458.61,0.0,182.3333333,0.0,512.5233333,0.0,4.0,474.6666667,380.3333333,0.0,8.0,14,1075816,2,1,U,AA,N,1549,4180.0,1139.74,1059.76,4179.0,1548,88.31,348.25,129.0,897,317,167,508.0,184.0,115.0,T,NORTHWEST/ROCKY MOUNTAIN AREA,Y,N,59.98999023,1.0,1.0,WCMB,0.0,0.0,O,,M,S,2.0,M,4.0,2.0,C,,0.0,U,U,U,U,U,U,Y,395.0,365-730,0,0.18653340347185693,4.326113116726836,0.0013256180957390846,65.333333338,28.56498194945848,2482.2000000000003,0.10007225433192196,0,0,0,1,0,0,0,0,0,0,1,0,0.6999776,238.28356676101686,45,193.28356676101686,670.1725632190705,65,605.1725632190705,1310.5596171855927,85,1225.5596171855927
281.605,3676.0,209.99,20.79,405.5,60.825,60.825,0.0,0.0,-1007.0,-63.795,21.0,0.0,1.666666667,0.0,140.6666667,0.0,1496.0,0.0,278.3333333,0.0,1336.666667,0.0,0.0,0.0,0.0,132.3333333,0.333333333,2215.886667,0.0,667.5333333,264.6666667,218.3,30.66666667,77.17666667,1439.333333,0.0,2674.536667,0.0,121.3333333,0.0,208.8833333,0.0,22.66666667,1496.0,1336.666667,0.0,86.33333333,52,1000741,1,1,Y,A,N,62711,147379.3133,11324.68,10928.43,145792.31,62045,223.03,2975.35,1266.22,4012,1565,303,3889.0,1555.0,290.0,S,NORTHWEST/ROCKY MOUNTAIN AREA,Y,N,149.9899902,2.0,2.0,WCMB,0.0,0.0,O,2.0,S,M,2.0,M,9.0,1.0,I,A,0.0,S,U,U,U,U,U,Y,349.0,180-365,1,0.0765855316834376,0.28828380491966443,0.0,0.0,17.422626664770842,14643.460000000001,0.7762264775674631,0,0,0,0,0,0,0,0,0,0,0,1,0.4398155,237.80013287305835,45,192.80013287305835,668.8129492378235,65,603.8129492378235,1307.9007308018208,85,1222.9007308018208
272.95,1735.25,161.2,0.99,263.75,77.0125,77.0125,0.0,33.7475,34.75,-42.86,9.333333333,0.0,0.666666667,0.0,47.33333333,0.0,283.0,0.0,58.33333333,0.0,229.0,0.0,1.666666667,7.0,5.75,11.0,0.333333333,689.76,0.0,546.0133333,42.0,44.48333333,1.0,0.88,218.0,0.0,751.3333333,0.0,59.66666667,0.0,484.44,0.0,10.0,283.0,229.0,0.0,2.0,18,1039136,2,1,N,AA,N,4763,19808.0,3357.43,3291.59,19807.0,4762,193.62,1165.12,280.12,1724,354,287,1746.0,356.0,286.0,C,GREAT LAKES AREA,Y,N,59.98999023,2.0,2.0,WCMB,0.0,0.0,O,6.0,S,M,1.0,M,6.0,,C,A,0.0,N,U,U,U,U,U,Y,498.0,365-730,1,0.15720662347012238,0.47479963008631326,0.019437005039596833,30.000000006,10.698212083847103,4913.099999999999,0.31832268928923174,0,0,0,0,0,0,0,0,1,0,0,1,0.4537467,237.79231906890868,45,192.79231906890868,668.7908973813056,65,603.7908973813056,1307.8577548789979,85,1222.8577548789979
165.215,881.25,50.0,1.485,195.25,58.575,58.575,0.0,53.305,-223.25,-70.975,11.66666667,0.0,5.333333333,0.0,17.33333333,0.0,209.6666667,0.0,84.0,0.0,177.3333333,0.0,0.666666667,3.666666667,3.076666667,42.0,0.0,390.93,0.0,230.5,38.33333333,41.30333333,5.666666667,9.773333333,144.3333333,0.0,351.46,0.0,99.33333333,0.0,269.9666667,0.0,17.0,209.6666667,177.3333333,0.0,0.0,30,1008507,2,1,Y,B,N,8456,28243.0,4471.28,4437.74,28243.0,8456,153.03,973.9,291.59,956,321,189,689.0,260.0,123.0,U,NEW YORK CITY AREA,Y,N,29.98999023,2.0,2.0,WC,0.0,0.0,,,M,S,1.0,M,7.0,1.0,C,,0.0,O,U,U,U,U,U,Y,884.0,730+,1,0.18726551431000285,1.148529411764706,0.06041938226126382,20.00000001,17.279411764705884,4956.45,0.35521504435982126,0,0,1,1,0,0,0,0,0,0,1,1,0.7491191,237.63017448425296,45,192.63017448425296,668.3348657369614,65,603.3348657369614,1306.9659596633912,85,1221.9659596633912
151.6275,642.0,44.99,0.0,333.25,116.6375,116.6375,0.0,0.0,456.0,116.4625,7.333333333,0.0,3.333333333,0.0,5.666666667,0.0,62.33333333,0.0,7.333333333,0.0,46.33333333,0.0,0.0,0.0,0.0,1.333333333,0.0,505.8633333,0.0,62.56,3.666666667,2.84,0.0,0.0,36.0,0.0,432.2033333,0.0,17.33333333,0.0,136.22,0.0,10.66666667,62.33333333,46.33333333,0.0,0.0,11,1076706,1,1,Y,AA,N,1305,4859.0,905.3,840.32,4843.0,1297,84.03,484.3,129.7,490,47,113,487.0,62.0,89.0,C,SOUTHWEST AREA,Y,N,79.98999023,1.0,1.0,WCMB,0.0,0.0,,,,U,,,,,,,0.0,N,U,U,U,U,U,N,330.0,180-365,0,0.2358125972006221,2.5361491628614914,0.0,0.0,13.959556425309849,1667.9025,0.28279350048423546,0,0,1,1,1,1,1,1,1,1,1,1,0.8133723,236.7928580160141,45,191.7928580160141,665.9798950946331,65,600.9798950946331,1302.3607190880775,85,1217.3607190880775
169.48,1217.0,59.49,17.325,340.75,102.225,102.225,0.0,0.0,1270.0,324.06,3.333333333,0.0,10.33333333,0.0,69.33333333,0.0,302.0,0.0,156.3333333,0.0,220.6666667,0.0,3.0,6.0,4.15,72.33333333,0.0,451.1866667,0.0,522.6566667,55.0,44.71666667,33.33333333,83.05333333,184.3333333,0.0,408.0833333,0.0,191.0,0.0,565.7533333,0.0,13.66666667,302.0,220.6666667,0.0,9.333333333,15,1041918,2,1,U,A,N,4052,11563.0,1604.2,1557.33,11115.0,3821,141.58,1010.45,347.36,794,313,62,944.0,355.0,79.0,T,CENTRAL/SOUTH TEXAS AREA,Y,N,79.98999023,1.0,1.0,WCMB,0.0,0.0,,1.0,S,U,2.0,M,2.0,1.0,G,A,0.0,H,U,U,U,U,U,N,468.0,365-730,0,0.1391461412151067,1.6899487518598113,0.0,45.0,20.11902793850223,2542.2,0.1757485073434345,0,0,1,0,0,0,0,0,0,0,0,1,0.7275796,236.7555639038086,45,191.7555639038086,665.8750638866425,65,600.8750638866425,1302.1556014709472,85,1217.1556014709472
213.38,729.0,49.99,0.2475,295.75,118.3,118.3,0.0,0.0,337.0,132.48,2.0,0.0,0.333333333,0.0,7.666666667,0.0,40.33333333,0.0,91.33333333,0.0,32.33333333,0.0,0.0,0.0,0.0,19.0,0.666666667,112.1633333,0.0,406.82,19.0,34.64666667,3.333333333,20.62,88.0,0.0,342.2233333,0.0,33.66666667,0.0,176.76,0.0,2.333333333,40.33333333,32.33333333,0.0,1.0,23,1036991,1,1,U,AA,N,2589,9567.0,3376.69,3342.83,9534.0,2582,151.95,433.36,117.36,617,134,169,628.0,139.0,171.0,,SOUTH FLORIDA AREA,Y,N,149.9899902,1.0,1.0,WCMB,0.0,0.0,O,7.0,M,U,2.0,M,5.0,1.0,C,D,0.0,R,U,U,U,U,U,Y,688.0,365-730,0,0.2923013698630137,2.3200627574034125,0.0,0.0,14.296920964895078,4907.74,0.30119912576052926,1,0,0,0,0,0,0,0,0,0,0,1,0.5766405,236.2436022071838,45,191.2436022071838,664.4351693630218,65,599.4351693630218,1299.339812139511,85,1214.339812139511
323.325,1779.75,39.99,3.96,697.0,278.8,278.8,0.0,0.0,35.25,-31.755,2.0,0.0,5.666666667,0.0,65.33333333,0.0,321.0,0.0,87.66666667,0.0,248.6666667,0.0,4.0,34.0,31.57333333,22.66666667,0.0,865.4366667,0.0,496.3533333,34.66666667,60.07333333,15.33333333,105.59,223.6666667,0.0,912.5033333,0.0,112.0,0.0,449.2866667,0.0,7.666666667,321.0,248.6666667,0.0,3.666666667,35,1007400,1,1,N,BA,N,3325,14443.0,2202.38,2176.46,14440.0,3322,87.06,577.6,132.88,1768,358,334,1143.0,281.0,211.0,C,CENTRAL/SOUTH TEXAS AREA,Y,N,199.9899902,4.0,3.0,WCMB,0.0,0.0,,2.0,M,B,1.0,M,3.0,1.0,C,L,0.0,N,U,U,U,U,U,N,36.0,<180,1,0.18156675558051383,6.801658941205172,0.0,140.0,43.419126616247866,11316.375,0.08473385012919897,0,0,1,0,0,0,0,0,0,0,0,0,0.38033134,236.10361823916435,45,191.10361823916435,664.0414503872395,65,599.0414503872395,1298.5699003154039,85,1213.5699003154039
188.495,942.0,10.0,0.0,565.75,169.7475,169.65,0.0975,0.0,11.0,-40.405,11.0,0.0,0.0,0.0,52.66666667,0.0,266.0,0.333333333,221.6666667,0.0,207.6666667,0.333333333,0.333333333,0.666666667,0.623333333,107.0,0.666666667,253.5733333,0.083333333,374.54,80.66666667,99.16333333,10.0,19.70333333,231.0,0.333333333,377.21,0.083333333,168.6666667,0.0,250.9033333,0.0,11.0,266.3333333,208.0,0.0,12.66666667,15,1050362,2,2,Y,AA,N,2741,6050.0,917.24,877.25,6049.0,2740,62.66,432.07,195.71,938,416,202,658.0,293.0,116.0,C,NEW ENGLAND AREA,N,R,9.989997864,3.0,2.0,WCMB,0.0,0.0,O,2.0,S,B,1.0,M,3.0,,C,A,0.0,N,U,U,U,U,U,Y,131.0,<180,1,0.19988865323435845,15.43159090909091,0.0,4.9999999950000005,85.63636363636364,2827.425,0.0596483458892911,0,0,0,0,0,0,0,0,1,0,0,1,0.65193444,235.9418557291031,45,190.9418557291031,663.58652541399,65,598.58652541399,1297.6802065100671,85,1212.6802065100671
174.3325,1555.25,44.99,0.7425,396.0,138.6,138.6,0.0,0.0,-151.25,-33.0025,17.33333333,0.0,13.66666667,0.0,42.33333333,0.0,327.6666667,0.0,51.66666667,0.0,256.0,0.0,0.0,0.0,0.0,16.33333333,0.0,1101.88,0.0,197.5866667,37.66666667,62.38666667,12.66666667,43.74333333,154.0,0.0,550.32,0.0,151.6666667,0.0,749.15,0.0,31.0,327.6666667,256.0,0.0,3.0,18,1045155,2,1,U,A,N,3667,18612.0,2211.24,2161.25,18608.0,3666,127.13,1094.59,215.65,1606,320,185,1512.0,322.0,195.0,S,DALLAS AREA,N,N,29.98999023,1.0,1.0,WC,1.0,1.0,O,3.0,S,M,2.0,M,9.0,1.0,C,A,0.0,U,U,U,U,Y,Y,Y,544.0,365-730,0,0.11202088353413656,3.013698630136986,0.0,0.0,33.81713415959991,3137.985,0.2491467576791809,0,0,0,0,0,0,0,0,0,0,0,1,0.7047499,235.8927662777901,45,190.8927662777901,663.4483947652578,65,598.4483947652578,1297.4102145278455,85,1212.4102145278455
182.35,664.25,29.99,3.465,404.0,141.46,140.875,0.585,0.96,-123.25,-49.12,17.33333333,1.333333333,1.0,0.0,41.33333333,0.0,235.0,1.333333333,1.333333333,0.0,175.3333333,0.0,0.0,0.0,0.0,1.333333333,0.0,385.11,0.0,0.0,23.66666667,33.05,0.0,0.0,147.3333333,0.0,351.5866667,0.0,28.66666667,0.0,33.52333333,0.0,19.66666667,236.3333333,175.3333333,0.0,0.0,20,1046754,7,4,U,A,N,3227,7009.0,1751.91,1680.03,6950.0,3194,88.42,365.79,168.11,705,246,199,741.0,306.0,198.0,,NEW YORK CITY AREA,T,N,99.98999023,2.0,2.0,WCMB,0.0,0.0,,,,U,,,,,,,0.0,S,U,U,U,U,U,N,137.0,<180,1,0.2741074783915821,4.564698289770894,0.0014430665163472378,0.0,21.434333656018072,3647.0,0.17970426210495793,1,0,1,1,1,1,1,1,1,1,1,1,0.67334217,235.745183672905,45,190.745183672905,663.0333236455917,65,598.0333236455917,1296.5985102009774,85,1211.5985102009774
217.7925,3231.0,118.115,2.2275,346.0,76.79,76.4,0.39,21.66,746.0,46.2375,29.33333333,0.0,18.33333333,0.0,379.6666667,0.0,1263.0,0.0,207.6666667,0.0,840.3333333,0.0,34.0,93.66666667,76.58,140.0,0.666666667,2061.483333,0.0,335.11,151.6666667,78.75333333,4.666666667,5.13,582.6666667,0.0,1170.633333,0.0,357.3333333,0.0,1225.96,0.0,47.66666667,1263.0,840.3333333,0.0,17.66666667,13,1068112,1,1,U,E4,Y,9752,35852.0,2604.28,2499.0,35843.0,9746,208.25,2986.92,812.17,2982,899,202,3535.0,893.0,229.0,R,ATLANTIC SOUTH AREA,Y,N,59.98999023,1.0,1.0,WCMB,0.0,0.0,,,,U,,,,,,,0.0,U,U,U,U,U,U,N,379.0,365-730,0,0.06738629331683169,0.6446711161482601,0.006701732673267327,442.0,27.12504722327163,2831.3025,0.028054684436321413,0,0,1,1,1,1,1,1,1,1,1,0,0.5635675,235.66229968571662,45,190.66229968571662,662.8002113753557,65,597.8002113753557,1296.1426482714414,85,1211.1426482714414
147.1825,1191.75,51.6575,0.495,191.25,66.9375,66.9375,0.0,45.9675,31.25,37.6475,11.66666667,0.0,1.666666667,0.0,69.33333333,0.0,292.6666667,0.0,77.33333333,0.0,212.0,0.0,0.0,0.0,0.0,44.33333333,0.0,537.48,0.0,189.3766667,28.33333333,39.97666667,3.333333333,9.436666667,112.0,0.0,239.5833333,0.0,157.6666667,0.0,487.2766667,0.0,13.33333333,292.6666667,212.0,0.0,1.333333333,11,1081514,2,2,Y,AA,N,2626,9258.0,857.36,791.75,9238.0,2619,79.18,923.8,261.9,1181,342,135,1095.0,308.0,103.0,U,NEW ENGLAND AREA,Y,N,29.98999023,1.0,1.0,WC,0.0,0.0,O,9.0,M,M,4.0,M,1.0,,I,C,0.0,N,U,U,U,U,U,Y,313.0,180-365,0,0.1233976105638231,1.271186440677966,0.038539090337455464,0.0,22.6321036889332,1619.0075000000002,0.44029850746268656,0,0,0,0,0,0,0,0,1,0,0,1,0.83083904,234.78714728355408,45,189.78714728355408,660.3388868260383,65,595.3388868260383,1291.3293100595474,85,1206.3293100595474
180.675,1854.0,75.1925,0.2475,250.0,96.105,90.45,5.655,2.88,917.0,208.965,7.0,0.0,26.66666667,0.0,155.6666667,0.0,572.6666667,5.333333333,205.3333333,0.0,386.0,5.333333333,2.666666667,16.66666667,15.29333333,91.66666667,0.666666667,749.6166667,15.30333333,435.6966667,50.66666667,63.83,9.666666667,9.19,313.3333333,1.0,530.88,1.05,275.3333333,4.333333333,654.4233333,14.25333333,33.66666667,578.0,391.3333333,2.333333333,9.333333333,15,1056954,2,2,U,ZA,N,6638,16061.0,1451.9,1358.67,16061.0,6638,97.05,1147.21,474.14,1548,614,111,1398.0,561.0,129.0,S,ATLANTIC SOUTH AREA,Y,N,199.9899902,3.0,2.0,WCMB,0.0,0.0,,,,U,,,,,,,0.0,H,U,U,U,U,U,N,145.0,<180,1,0.09739892183288411,1.2613446205335173,0.0015525606469002694,40.000000005,24.33310365193425,2710.125,0.2029216131322018,0,0,1,1,1,1,1,1,1,1,1,0,0.67589825,234.46641447544098,45,189.46641447544098,659.436801481247,65,594.436801481247,1289.5652796149254,85,1204.5652796149254
241.8825,1866.5,10.0,1.7325,0.0,0.0,0.0,0.0,230.15,-418.5,-43.1625,21.0,0.0,1.333333333,0.0,67.33333333,0.0,316.0,0.0,174.3333333,0.0,234.6666667,0.0,0.0,0.0,0.0,100.3333333,0.333333333,570.5466667,0.0,398.5966667,71.33333333,75.47333333,7.666666667,33.8,229.6666667,0.0,664.9533333,0.0,90.33333333,0.0,304.19,0.0,22.33333333,316.0,234.6666667,0.0,0.666666667,19,1036405,2,2,U,AA,N,6782,21239.0,3465.75,3429.07,21161.0,6756,190.5,1175.61,375.33,2006,589,256,1905.0,585.0,277.0,R,SOUTHWEST AREA,Y,N,79.98999023,1.0,1.0,WCMB,1.0,1.0,O,4.0,S,M,3.0,M,6.0,2.0,I,A,0.0,S,Y,U,U,U,U,Y,587.0,365-730,0,0.12952208835341364,0.0,0.12323962516733601,0.0,169.6818181818182,4595.7675,1.0,0,0,0,0,0,0,0,0,0,0,0,1,0.50397444,234.05299533319473,45,189.05299533319473,658.2740349572897,65,593.2740349572897,1287.291474332571,85,1202.291474332571
170.6725,970.5,119.53,5.1975,60.5,17.4875,17.4875,0.0,7.09,-301.5,1.0675,18.33333333,0.0,12.0,0.0,29.0,0.0,232.6666667,0.0,62.66666667,0.0,176.3333333,0.0,21.66666667,64.66666667,52.09333333,20.0,0.0,778.5366667,0.0,416.97,35.33333333,45.5,11.0,57.75666667,141.3333333,0.0,531.78,0.0,94.66666667,0.0,663.7233333,0.0,30.33333333,232.6666667,176.3333333,0.0,5.0,18,1052485,5,1,N,A,N,1862,5990.0,1572.98,1534.79,5927.0,1821,90.28,348.65,107.12,1071,206,170,681.0,170.0,140.0,,NORTH FLORIDA AREA,Y,N,59.98999023,2.0,1.0,WCMB,0.0,0.0,,,,U,,,,,,,0.0,N,U,U,U,U,U,N,99.0,<180,1,0.17567936181163152,0.14508835974446196,0.0072979927946474525,390.00000006000005,8.051937277026466,3072.1050000000005,0.04383704799109452,1,0,1,1,1,1,1,1,1,1,1,1,0.7104537,232.8094219250679,45,187.8094219250679,654.7765296828748,65,589.7765296828748,1280.4518205878735,85,1195.4518205878735
209.8,2003.75,66.565,0.2475,379.0,144.3625,144.3625,0.0,0.375,-153.75,48.68,6.666666667,0.0,74.66666667,0.0,98.33333333,0.0,461.3333333,0.0,102.3333333,0.0,282.3333333,0.0,10.0,18.33333333,13.76666667,54.66666667,0.666666667,888.9266667,0.0,568.32,94.0,82.24333333,33.66666667,60.54333333,172.6666667,0.0,400.8633333,0.0,211.3333333,0.0,1056.383333,0.0,81.33333333,461.3333333,282.3333333,0.0,7.666666667,21,1042400,2,2,U,ZA,N,7780,26977.0,2300.69,2209.8,26902.0,7719,110.49,1345.1,385.95,2055,411,193,2402.0,537.0,184.0,,CHICAGO AREA,Y,N,199.9899902,3.0,3.0,WCMB,0.0,0.0,O,10.0,S,M,2.0,M,6.0,1.0,,A,0.0,N,U,U,U,U,Y,Y,95.0,<180,1,0.10465145279960095,2.1366461925553173,0.00018705574261129816,210.0,29.65662695182417,4405.8,0.07612293011032839,1,0,0,0,0,0,0,0,0,1,0,1,0.57764024,232.68272907257085,45,187.68272907257085,654.4201630115509,65,589.4201630115509,1279.7550098991396,85,1194.7550098991396
194.6075,200.0,5.915,0.0,187.0,186.695,186.5,0.195,0.0,600.0,565.7225,0.0,0.0,0.0,0.0,0.0,0.0,1.333333333,0.0,0.0,0.0,1.333333333,0.0,1.333333333,1.333333333,0.693333333,0.0,0.0,0.693333333,0.0,0.0,0.0,0.0,0.0,0.0,0.333333333,0.0,0.193333333,0.0,1.0,0.0,0.5,0.0,0.0,1.333333333,1.333333333,0.0,0.0,38,1005237,1,1,Y,G,N,7323,19790.0,2199.07,2139.64,19706.0,7276,71.32,656.87,242.53,0,0,10,36.0,10.0,11.0,C,DALLAS AREA,Y,R,99.98999023,7.0,3.0,WCMB,1.0,1.0,O,11.0,S,A,5.0,M,9.0,1.0,,A,0.0,S,U,U,U,U,Y,Y,361.0,180-365,1,0.9681965174129352,26.998553868402023,0.0,50.666666654,28.922631959508315,7395.084999999999,0.034092589853959396,0,0,0,0,0,0,0,0,0,1,0,1,0.6226445,232.64888478994368,45,187.64888478994368,654.3249768722056,65,589.3249768722056,1279.5688663446904,85,1194.5688663446904
184.1725,2175.5,69.99,3.465,329.5,115.325,115.325,0.0,5.3925,-1251.5,-117.2525,26.33333333,0.0,3.333333333,0.0,111.0,0.0,465.0,0.0,128.3333333,0.0,329.3333333,0.0,1.666666667,9.0,8.316666667,60.66666667,0.333333333,1651.066667,0.0,367.11,52.66666667,55.38666667,16.66666667,34.69333333,181.6666667,0.0,557.8966667,0.0,254.3333333,0.0,1460.283333,0.0,29.66666667,465.0,329.3333333,0.0,0.0,7,1091183,1,1,U,BA,N,2457,13359.0,979.86,893.98,13328.0,2444,149.0,2221.33,407.33,2593,465,223,2221.0,407.0,149.0,,ATLANTIC SOUTH AREA,Y,N,129.9899902,1.0,1.0,WCMB,0.0,0.0,O,2.0,S,U,3.0,M,8.0,2.0,,A,0.0,S,U,U,U,U,Y,Y,205.0,180-365,0,0.08461865380197565,1.6245245809268913,0.0024776016540317023,11.666666669000001,30.645161290322584,1289.2075,0.23303552375651115,1,0,0,0,0,0,0,0,0,1,0,1,0.65733695,232.44169374942783,45,187.44169374942783,653.7423295354844,65,588.7423295354844,1278.429315621853,85,1193.429315621853
198.725,2953.25,91.4475,9.405,426.75,106.6875,106.6875,0.0,0.0975,732.75,135.475,21.0,0.0,1.666666667,0.0,226.0,0.0,727.3333333,0.333333333,256.6666667,0.0,482.6666667,0.333333333,8.333333333,30.33333333,27.13333333,155.0,0.0,1895.17,0.7,599.0066667,134.3333333,451.7033333,61.33333333,274.88,371.3333333,0.333333333,1156.92,0.7,286.0,0.0,1337.253333,0.0,22.66666667,727.6666667,483.0,0.0,14.33333333,19,1031695,3,3,U,AA,N,6168,21108.0,1636.14,1553.69,19992.0,5755,141.24,1817.45,523.18,2709,621,154,2230.0,566.0,153.0,S,CALIFORNIA NORTH AREA,Y,N,149.9899902,4.0,3.0,WCMB,0.0,0.0,O,8.0,M,U,2.0,M,7.0,,C,,1.0,H,U,U,U,U,U,Y,27.0,<180,1,0.06726749598036727,1.1540333702912464,3.300330033003301e-05,158.33333332700002,31.945158062684225,3775.775,0.09535282099806525,0,0,0,0,0,0,0,0,1,0,1,1,0.6075932,231.82838495731355,45,186.82838495731355,652.0173682272434,65,587.0173682272434,1275.0561172652244,85,1190.0561172652244
168.925,696.5,81.4425,2.475,178.0,57.05,57.05,0.0,34.53,-282.5,-75.995,6.666666667,0.0,0.666666667,0.0,25.0,0.0,119.0,0.0,73.66666667,0.0,89.33333333,0.0,0.0,0.0,0.0,30.0,0.0,218.5666667,0.0,242.5566667,27.0,40.93,21.33333333,70.35333333,107.6666667,0.0,344.2733333,0.0,40.33333333,0.0,116.85,0.0,7.333333333,119.0,89.33333333,0.0,1.0,15,1055732,2,2,U,BA,N,1828,5545.0,1555.04,1475.06,5526.0,1816,105.36,394.71,129.71,791,186,194,645.0,179.0,153.0,T,LOS ANGELES AREA,N,N,29.98999023,2.0,2.0,WCMB,0.0,0.0,O,2.0,S,M,2.0,M,7.0,1.0,C,A,0.0,S,U,U,U,U,U,Y,82.0,<180,1,0.24218637992831543,0.6919974527701125,0.04950537634408602,0.0,8.448312460199533,2533.875,0.591017438213524,0,0,0,0,0,0,0,0,0,0,0,0,0.71202713,230.9360384941101,45,185.9360384941101,649.5076082646847,65,584.5076082646847,1270.1482117176056,85,1185.1482117176056
224.13,1816.75,45.91,2.475,485.5,169.925,169.925,0.0,3.5275,-1816.75,-224.13,58.66666667,6.0,2.666666667,0.0,369.3333333,0.0,922.0,9.333333333,262.3333333,0.0,512.0,3.333333333,12.66666667,32.0,24.35,127.0,9.0,1029.07,21.62666667,681.73,86.66666667,136.21,30.33333333,95.99,435.6666667,2.666666667,880.83,16.89333333,283.6666667,0.666666667,829.9633333,4.733333333,67.33333333,931.3333333,515.3333333,0.0,21.0,13,1083075,2,2,N,EA,N,5732,20140.0,2023.39,1810.65,18974.0,5370,164.6,1724.91,488.18,2422,611,299,1941.0,525.0,209.0,S,NORTHWEST/ROCKY MOUNTAIN AREA,N,R,79.98999023,2.0,2.0,WCMB,0.0,0.0,O,10.0,S,S,6.0,M,5.0,,H,A,0.0,N,U,U,U,U,Y,Y,280.0,180-365,1,0.12330078393618484,3.6223619697292695,0.0019405858891486728,164.66666671,38.728416115966745,2913.69,0.057840149428756975,0,0,0,0,0,0,0,0,1,0,0,0,0.5356231,230.49446727848056,45,185.49446727848056,648.26570925951,65,583.26570925951,1267.7195700316431,85,1182.7195700316431
175.9225,926.0,109.99,0.495,288.75,72.1875,72.1875,0.0,0.0,1154.0,217.0575,7.666666667,0.0,1.666666667,0.0,41.33333333,0.0,188.0,0.0,87.0,0.0,140.0,0.0,0.0,0.0,0.0,47.0,0.0,367.1933333,0.0,236.7,81.33333333,192.2333333,23.33333333,170.62,93.33333333,0.0,313.2033333,0.0,102.0,0.0,290.6833333,0.0,9.333333333,188.0,140.0,0.0,0.0,17,1042784,2,2,N,BA,N,2055,8311.0,2264.44,1926.13,8311.0,2055,120.38,519.44,128.44,541,154,103,362.0,109.0,104.0,U,GREAT LAKES AREA,Y,R,79.98999023,2.0,2.0,WCMB,0.0,0.0,,,,U,,,,,,,0.0,O,U,U,U,U,U,N,166.0,<180,1,0.18977615965480044,0.6503964321110011,0.0,0.0,8.34309397242995,2990.6825000000003,0.6059150277736076,0,0,1,1,1,1,1,1,1,1,1,0,0.6823589,230.48119814395906,45,185.48119814395906,648.2283488082886,65,583.2283488082886,1267.6465897917749,85,1182.6465897917749
200.1675,953.75,70.3525,0.0,348.75,125.9275,125.9275,0.0,0.0,-792.75,-126.9275,7.666666667,0.0,2.0,0.0,80.0,0.0,358.6666667,0.0,216.0,0.0,272.0,0.0,0.0,0.0,0.0,111.3333333,0.0,480.66,0.0,376.0733333,51.66666667,75.24333333,17.0,27.77333333,356.3333333,0.0,736.8633333,0.0,88.66666667,0.0,119.8666667,0.0,9.666666667,358.6666667,272.0,0.0,9.666666667,26,1012401,3,2,Y,A,N,2123,4811.0,1618.64,1567.81,4799.0,2118,62.71,191.96,84.72,1218,517,243,795.0,350.0,174.0,U,GREAT LAKES AREA,N,N,29.98999023,1.0,1.0,,0.0,0.0,O,11.0,S,M,1.0,M,2.0,,C,A,0.0,N,U,U,U,U,U,N,805.0,730+,0,0.20965435978004712,1.7648645807785288,0.0,0.0,13.366735573385654,5204.355,0.3616813665855637,0,1,0,0,0,0,0,0,1,0,0,1,0.59922945,230.2968152747154,45,185.2968152747154,647.7098287528753,65,582.7098287528753,1266.6324840109348,85,1181.6324840109348
172.5775,571.75,44.99,0.0,330.0,132.0,132.0,0.0,5.4875,-455.75,-137.5875,9.333333333,0.0,0.666666667,0.0,18.33333333,0.0,126.0,0.0,37.33333333,0.0,99.0,0.0,0.0,0.0,0.0,7.666666667,2.0,377.7333333,0.0,185.8533333,31.33333333,58.95333333,7.333333333,53.88666667,120.6666667,0.0,500.87,0.0,11.0,0.0,62.71666667,0.0,10.0,126.0,99.0,0.0,1.333333333,11,1089464,2,2,Y,AA,N,1123,5346.0,1385.75,1315.14,5337.0,1118,131.51,533.7,111.8,724,138,218,546.0,113.0,147.0,R,NORTHWEST/ROCKY MOUNTAIN AREA,Y,N,149.9899902,1.0,1.0,WCMB,1.0,0.0,O,12.0,S,M,3.0,M,8.0,1.0,C,A,0.0,N,U,U,Y,U,U,Y,328.0,180-365,0,0.3013138367525098,2.8701891715590344,0.009580969009166303,0.0,12.432050445749075,1898.3525,0.2583853025450868,0,0,0,0,0,0,0,0,0,0,0,1,0.6937207,229.86353081059457,45,184.86353081059457,646.4911649751663,65,581.4911649751663,1264.2494194582703,85,1179.2494194582703
142.845,400.0,0.0,0.495,0.0,0.0,0.0,0.0,64.85,,,4.0,0.0,1.333333333,0.0,9.333333333,0.0,48.0,0.0,7.333333333,0.0,33.66666667,0.0,1.666666667,10.0,9.306666667,3.666666667,0.0,88.67666667,0.0,11.54666667,5.666666667,11.75,1.333333333,5.856666667,25.0,0.0,71.12,0.0,13.66666667,0.0,29.10333333,0.0,5.333333333,48.0,33.66666667,0.0,0.333333333,13,1057094,2,2,U,EA,Y,1893,8342.0,1658.72,1507.4,7111.0,1689,150.74,711.1,168.9,1417,350,304,735.0,183.0,176.0,,ATLANTIC SOUTH AREA,Y,N,199.9899902,2.0,2.0,WCMB,0.0,0.0,,,,U,,,,,,,0.0,N,U,U,U,U,U,N,125.0,<180,1,0.3562219451371571,0.0,0.16172069825436408,21.666666671,400.0,1856.985,0.37499999995312494,1,0,1,1,1,1,1,1,1,1,1,1,0.83544433,229.13096733284,45,184.13096733284,644.4308285951614,65,579.4308285951614,1260.2203203306199,85,1175.2203203306199
169.92,1654.25,54.99,0.7425,340.25,119.0875,119.0875,0.0,1.1,267.75,72.62,12.33333333,0.0,16.66666667,0.0,162.3333333,0.0,590.6666667,0.0,204.6666667,0.0,402.3333333,0.0,8.666666667,10.66666667,7.64,134.0,0.0,788.5266667,0.0,313.0033333,52.0,41.64666667,46.0,62.51666667,233.0,0.0,255.4666667,0.0,371.0,0.0,846.07,0.0,29.0,590.6666667,402.3333333,0.0,14.0,12,1073796,1,1,U,BA,N,5161,14594.0,1252.85,1187.87,14582.0,5153,107.99,1325.64,468.45,1565,610,146,1080.0,415.0,98.0,S,SOUTH FLORIDA AREA,Y,R,79.98999023,2.0,2.0,WCMB,1.0,0.0,O,15.0,S,U,3.0,M,5.0,3.0,,A,0.0,N,U,U,U,U,Y,Y,97.0,<180,1,0.1026551880380607,2.126942311126987,0.0006645521824497811,104.00000000399999,29.545454545454543,2039.04,0.08479168690895635,0,0,0,0,0,0,0,0,0,1,0,1,0.7021986,229.0897798461914,45,184.0897798461914,644.3150159454345,65,579.3150159454345,1259.9937891540526,85,1174.9937891540526
155.21,1388.25,10.0,0.2475,576.25,144.0625,144.0625,0.0,0.0,194.75,42.69,2.666666667,0.0,5.333333333,0.0,33.66666667,0.0,247.0,0.0,82.66666667,0.0,206.0,0.0,0.0,0.0,0.0,18.66666667,0.0,679.39,0.0,308.0033333,46.66666667,73.51,29.0,100.5266667,181.0,0.0,623.77,0.0,107.0,0.0,363.6233333,0.0,8.0,247.0,206.0,0.0,8.333333333,14,1061438,4,2,Y,AA,N,2786,13188.0,948.21,926.9,12175.0,2579,77.24,1014.58,214.92,1323,302,141,1090.0,244.0,92.0,T,CENTRAL/SOUTH TEXAS AREA,Y,R,29.98999023,2.0,2.0,WCMB,0.0,0.0,,,M,U,1.0,M,,,C,,0.0,N,U,U,U,U,U,N,141.0,<180,1,0.1117221522404175,13.096590909090908,0.0,0.0,126.20454545454545,2172.94,0.0709391374445788,0,0,1,1,0,0,0,1,1,0,1,0,0.7684933,229.01346692466737,45,184.01346692466737,644.1003479719162,65,579.1003479719162,1259.5740680856707,85,1174.5740680856707
170.99,1577.0,75.0,4.7025,285.25,71.4525,71.0625,0.39,16.585,-391.0,-79.16,7.0,0.0,0.333333333,0.0,26.0,0.0,202.3333333,0.0,72.66666667,0.0,170.6666667,0.0,1.666666667,2.333333333,1.42,21.33333333,0.0,1105.226667,0.0,422.5,28.33333333,26.90333333,5.666666667,26.27666667,173.3333333,0.0,579.6333333,0.0,63.33333333,0.0,948.0933333,0.0,7.333333333,202.3333333,170.6666667,0.0,6.666666667,18,1047985,1,1,U,DA,N,6821,20234.0,1808.8,1700.56,20229.0,6818,106.29,1264.31,426.13,1707,336,197,1421.0,407.0,142.0,U,LOS ANGELES AREA,Y,N,79.98999023,2.0,2.0,WCMB,0.0,0.0,O,2.0,,S,1.0,M,6.0,2.0,A,,0.0,N,U,U,U,U,U,Y,356.0,180-365,1,0.10835868187579215,0.9401644736842105,0.010510139416983524,30.000000006,20.75,3077.82,0.27725168187671284,0,0,0,0,1,0,0,0,0,0,1,1,0.69720966,228.8944976949692,45,183.8944976949692,643.7657900547981,65,578.7657900547981,1258.9197373223305,85,1173.9197373223305
218.28,2304.25,94.99,7.1775,203.25,50.8125,45.0625,5.75,62.99,-413.25,-126.36,22.66666667,2.333333333,5.0,0.0,134.6666667,0.0,518.6666667,56.0,320.3333333,0.0,367.3333333,53.66666667,8.333333333,14.33333333,8.42,176.3333333,0.333333333,484.9266667,703.11,433.1933333,37.66666667,37.50666667,34.33333333,52.92,340.0,13.66666667,505.3333333,199.98,268.0,40.0,412.7933333,503.1333333,30.0,574.6666667,421.0,0.0,9.0,10,1063323,3,2,U,AA,N,5584,14402.0,1706.84,1562.86,14395.0,5579,173.65,1599.44,619.89,2442,784,261,2154.0,813.0,188.0,U,CALIFORNIA NORTH AREA,N,N,399.9899902,5.0,1.0,WCMB,0.0,0.0,O,15.0,S,S,2.0,M,1.0,,A,A,0.0,H,U,U,U,U,U,N,111.0,<180,1,0.094688211690706,0.5293520158349828,0.027324585185988504,83.33333333,24.005104698406086,2182.8,0.10139226434087992,0,0,0,0,0,0,0,0,1,0,0,1,0.5455222,228.62705437088013,45,183.62705437088013,643.0136099338531,65,578.0136099338531,1257.4487990398407,85,1172.4487990398407
266.87,804.25,49.99,0.0,317.5,127.0,127.0,0.0,89.67,-628.25,-127.12,6.666666667,0.0,4.333333333,0.0,18.0,0.0,112.0,0.0,40.33333333,0.0,84.66666667,0.0,2.333333333,3.666666667,1.993333333,21.0,0.333333333,240.0166667,0.0,98.70666667,21.66666667,19.71,3.333333333,10.80333333,69.33333333,0.0,192.7333333,0.0,42.0,0.0,145.9933333,0.0,11.0,112.0,84.66666667,0.0,0.666666667,22,1033555,1,1,Y,BA,Y,3877,12726.0,3417.73,3353.87,12726.0,3877,186.33,707.0,215.39,1014,236,310,610.0,158.0,190.0,,NEW YORK CITY AREA,Y,N,79.98999023,2.0,1.0,WCMB,0.0,0.0,O,15.0,S,S,3.0,M,4.0,2.0,,,0.0,I,U,U,U,U,U,Y,247.0,180-365,1,0.3314126047811239,2.490684447930967,0.11135672151505743,51.333333326,15.77270052951559,5871.14,0.17170277248709745,1,0,0,0,0,0,0,0,0,1,1,1,0.44549966,228.26975335216522,45,183.26975335216522,642.008705163002,65,577.008705163002,1255.4836434369088,85,1170.4836434369088
243.845,2571.5,169.9075,3.96,240.0,66.75,66.75,0.0,0.48,-507.5,-76.885,21.66666667,0.0,3.666666667,0.0,182.3333333,0.0,711.0,2.0,179.3333333,0.0,508.0,2.0,9.0,61.0,56.1,95.33333333,16.33333333,1518.836667,1.536666667,450.2533333,83.33333333,128.5833333,19.66666667,56.88666667,462.3333333,0.666666667,1509.533333,1.016666667,187.6666667,1.333333333,459.5533333,0.52,25.33333333,713.0,510.0,0.0,5.666666667,12,1060803,2,2,U,CA,N,6441,19874.0,2033.46,1949.48,19874.0,6441,177.23,1806.73,585.55,2741,757,270,2404.0,710.0,208.0,T,DC/MARYLAND/VIRGINIA AREA,Y,N,149.9899902,2.0,2.0,WCMB,0.0,0.0,,,,U,,,,,,,0.0,N,U,U,U,U,U,N,72.0,<180,1,0.0947891156462585,0.3905621461901906,0.00018658892128279884,108.0,15.046150695551688,2926.14,0.09624118367519323,0,0,1,1,1,1,1,1,1,1,1,0,0.48733854,228.163333296299,45,183.163333296299,641.7093966972828,65,576.7093966972828,1254.8983331296445,85,1169.8983331296445
258.4725,2720.5,144.365,13.6125,403.5,99.2,98.5125,0.6875,8.745,-692.5,-76.3625,27.66666667,0.0,8.666666667,0.0,152.3333333,0.0,808.6666667,6.333333333,626.0,0.0,634.0,6.333333333,6.333333333,23.66666667,19.64333333,407.6666667,7.666666667,773.71,13.3,949.69,153.6666667,135.3533333,143.3333333,271.31,657.3333333,2.666666667,935.0166667,6.106666667,498.3333333,3.666666667,788.3833333,7.193333333,36.33333333,815.0,640.3333333,0.0,51.66666667,6,1086277,1,1,Y,CA,Y,5240,12585.0,1229.2,1122.87,12561.0,5227,224.57,2512.2,1045.4,2951,1257,284,,,,U,CHICAGO AREA,Y,N,199.9899902,2.0,1.0,WCMB,0.0,0.0,,1.0,S,S,1.0,M,2.0,2.0,C,A,0.0,Z,U,U,U,U,U,N,181.0,180-365,1,0.09497427889031784,0.682420114883225,0.003213301488149917,37.999999998,18.7149588965707,1550.835,0.12475433613343946,0,0,1,0,0,0,0,0,0,0,0,0,0.45942792,227.99901386117938,45,182.99901386117938,641.2472110784055,65,576.2472110784055,1253.9945762364866,85,1168.9945762364866
250.16,3975.75,76.99,12.1275,635.5,158.875,158.875,0.0,0.0,36.25,-21.2,48.33333333,0.0,49.33333333,0.0,223.6666667,0.0,1230.0,0.0,1215.333333,0.0,939.0,0.0,12.0,129.6666667,122.4966667,918.3333333,3.0,1026.506667,0.0,1045.426667,141.3333333,108.7,135.3333333,93.22666667,895.6666667,0.0,1029.71,0.0,1228.333333,0.0,1042.23,0.0,97.66666667,1230.0,939.0,0.0,150.0,17,1036571,1,1,U,EA,N,33924,49504.0,2492.54,2376.16,49494.0,33917,148.51,3093.38,2119.81,3964,2729,257,3546.0,2403.0,189.0,S,SOUTH FLORIDA AREA,Y,R,99.98999023,4.0,2.0,WCMB,0.0,0.0,,,,U,,,,,,,0.0,S,U,U,U,U,U,N,223.0,180-365,1,0.06290563902684353,2.037120143608155,0.0,204.0,50.97768944736505,4252.72,0.06650209551095933,0,0,1,1,1,1,1,1,1,1,1,0,0.4743121,227.8155199279785,45,182.8155199279785,640.7311796188354,65,575.7311796188354,1252.9853596038818,85,1167.9853596038818
244.6225,1637.0,44.99,15.5925,530.0,185.61,184.5375,1.0725,3.18,-1076.0,-199.6925,7.0,0.0,19.66666667,0.0,97.33333333,0.0,591.6666667,0.0,255.3333333,0.0,471.0,0.0,15.66666667,34.0,23.75666667,120.6666667,0.0,694.56,0.0,474.38,149.0,102.7033333,83.66666667,146.2333333,360.3333333,0.0,546.9533333,0.0,362.6666667,0.0,621.9866667,0.0,26.66666667,591.6666667,471.0,0.0,13.0,13,1083063,1,1,U,EA,Y,5282,11009.0,1556.4,1486.79,11003.0,5277,123.9,916.92,439.75,1996,874,311,1385.0,634.0,198.0,C,MIDWEST AREA,Y,N,129.9899902,1.0,1.0,WCMB,0.0,0.0,,,,U,,,,,,,0.0,N,U,U,U,U,U,N,370.0,365-730,0,0.1493421855921856,4.035877364644488,0.0019413919413919414,203.66666671,35.59469449880409,3180.0925,0.04830324226464917,0,0,1,1,1,1,1,1,1,1,1,1,0.48411146,227.37514588809015,45,182.37514588809015,639.4925759392977,65,574.4925759392977,1250.5633023844957,85,1165.5633023844957
200.84,1442.5,74.99,4.7025,457.25,114.3125,114.3125,0.0,3.585,-538.5,-104.48,5.0,0.0,9.0,0.0,32.66666667,0.0,248.0,0.0,127.3333333,0.0,202.3333333,0.0,0.0,0.0,0.0,59.0,0.0,426.4266667,0.0,294.3866667,32.0,85.55333333,20.0,55.03333333,159.6666667,0.0,348.3733333,0.0,168.6666667,0.0,372.4366667,0.0,14.0,248.0,202.3333333,0.0,9.0,15,1059865,1,1,U,BA,N,4476,15097.0,2075.58,1992.35,15070.0,4471,153.26,1159.23,343.92,1622,541,236,1390.0,463.0,179.0,,SOUTH FLORIDA AREA,Y,N,199.9899902,2.0,1.0,WCMB,0.0,0.0,,,,U,,,,,,,0.0,N,U,U,U,U,U,N,127.0,<180,1,0.13913404918600625,1.5043097776023162,0.0024835469345341186,0.0,18.982760889590736,3012.6,0.39931162228557165,1,0,1,1,1,1,1,1,1,1,1,1,0.5877155,226.6306220855713,45,181.6306220855713,637.3986006736756,65,572.3986006736756,1246.4684214706422,85,1161.4684214706422
195.84,2091.75,138.2175,13.6125,404.5,60.675,60.675,0.0,0.0975,-505.75,-59.25,5.666666667,0.0,28.0,0.0,217.0,0.333333333,944.3333333,0.333333333,260.3333333,0.0,696.0,0.0,0.333333333,0.333333333,0.083333333,136.0,0.0,764.31,0.0,415.7966667,57.0,34.79333333,15.33333333,27.94333333,866.3333333,0.0,1062.59,0.0,87.66666667,0.0,117.5166667,0.0,33.66666667,944.6666667,696.0,0.0,16.33333333,12,1065253,2,2,N,BA,N,8270,17854.0,2058.0,1870.76,17719.0,8214,187.08,1771.9,821.4,2260,1128,215,1948.0,912.0,198.0,S,HOUSTON AREA,Y,R,129.9899902,2.0,2.0,WCMB,0.0,0.0,O,,,U,1.0,M,5.0,,C,,0.0,H,U,U,U,U,U,N,19.0,<180,1,0.09358021741727392,0.4358288289906082,4.658941584040139e-05,3.999999996,15.025050729972884,2350.08,0.5652393101573175,0,0,0,1,1,0,0,0,1,0,1,0,0.6023786,226.50208154296877,45,181.50208154296877,637.0371276855469,65,572.0371276855469,1245.7614484863282,85,1160.7614484863282
185.9275,1934.5,62.99,0.2475,310.5,124.2,124.2,0.0,0.0,136.5,87.0625,42.33333333,0.0,3.333333333,0.0,101.3333333,0.0,394.3333333,0.0,96.33333333,0.0,257.0,0.0,7.0,19.33333333,15.95,45.0,1.666666667,1060.316667,0.0,322.7066667,81.33333333,287.0433333,27.33333333,146.6,149.6666667,0.0,510.5466667,0.0,182.6666667,0.0,872.4766667,0.0,45.66666667,394.3333333,257.0,0.0,3.333333333,20,1040838,2,1,U,AA,N,4584,21686.0,1838.32,1751.22,21322.0,4480,97.29,1184.56,248.89,1889,375,157,1555.0,315.0,116.0,C,DC/MARYLAND/VIRGINIA AREA,Y,N,79.98999023,1.0,1.0,WCMB,0.0,0.0,O,3.0,S,B,1.0,M,6.0,2.0,C,A,0.0,N,U,U,U,U,U,Y,586.0,365-730,0,0.09606174115215707,1.9409282700421941,0.0,140.0,30.231286138459133,3718.55,0.10059422750424447,0,0,0,0,0,0,0,0,0,0,0,0,0.63354766,226.1643660068512,45,181.1643660068512,636.087279394269,65,571.087279394269,1243.9040130376816,85,1158.9040130376816
142.25,869.0,69.99,5.6925,233.25,58.3125,58.3125,0.0,7.5975,-562.0,-71.57,6.0,0.0,1.666666667,0.0,39.66666667,0.0,215.6666667,0.0,62.33333333,0.0,170.0,0.0,0.0,0.0,0.0,33.33333333,0.0,418.3833333,0.0,159.2266667,41.33333333,72.98666667,1.666666667,9.19,180.0,0.0,511.4566667,0.0,38.66666667,0.0,66.15333333,0.0,7.666666667,215.6666667,170.0,0.0,2.666666667,33,1004863,1,1,U,B,N,8236,25469.0,3744.71,3670.63,25362.0,8187,122.35,845.4,272.9,1056,313,166,977.0,285.0,138.0,U,CALIFORNIA NORTH AREA,Y,N,29.98999023,1.0,1.0,WC,0.0,0.0,,,,U,,,,,,,0.0,N,U,U,U,U,U,N,998.0,730+,0,0.16350574712643678,0.8214185096492465,0.008732758620689656,0.0,12.241160726862939,4694.25,0.5490226407068696,0,0,1,1,1,1,1,1,1,1,1,1,0.82774967,226.07498974800112,45,181.07498974800112,635.8359680175781,65,570.8359680175781,1243.4124436140062,85,1158.4124436140062
166.265,1448.75,44.99,0.2475,363.75,127.3225,127.225,0.0975,3.705,-72.75,-12.625,16.0,0.0,0.333333333,0.0,173.6666667,0.0,655.6666667,0.333333333,379.3333333,0.0,473.0,0.333333333,30.66666667,35.66666667,11.28666667,265.3333333,2.0,484.1733333,0.023333333,384.6833333,55.66666667,28.98,18.33333333,16.32666667,357.0,0.0,316.0066667,0.0,415.3333333,0.333333333,532.8466667,0.023333333,16.33333333,656.0,473.3333333,0.0,30.33333333,11,1082176,1,1,U,AA,N,6957,14750.0,1503.89,1438.28,14673.0,6911,143.83,1467.3,691.1,1473,763,170,1414.0,646.0,127.0,S,NORTHWEST/ROCKY MOUNTAIN AREA,Y,N,149.9899902,1.0,1.0,WCMB,0.0,0.0,O,11.0,S,M,3.0,M,6.0,1.0,,A,0.0,H,U,Y,Y,U,U,Y,311.0,180-365,0,0.11468529056733918,2.7684822787562515,0.0025556130367304706,337.33333337,31.501413350728416,1828.915,0.029040095092607944,0,0,0,0,0,0,0,0,0,1,0,1,0.70769155,225.91551167297362,45,180.91551167297362,635.3874162209033,65,570.3874162209033,1242.535314201355,85,1157.535314201355
175.1825,878.75,57.49,2.2275,105.25,26.3125,26.3125,0.0,75.3975,131.25,21.6975,3.666666667,0.0,5.0,0.0,16.33333333,0.0,167.3333333,0.0,2.333333333,0.0,142.3333333,0.0,0.0,0.0,0.0,0.666666667,0.0,592.9533333,0.0,16.1,41.33333333,48.20333333,0.0,0.0,129.3333333,0.0,537.4966667,0.0,14.66666667,0.0,71.55666667,0.0,8.666666667,167.3333333,142.3333333,0.0,0.333333333,31,1099309,2,2,U,A,N,1267,5089.0,2099.03,1996.16,4693.0,1155,79.85,187.72,46.2,835,180,168,462.0,103.0,118.0,T,SOUTHWEST AREA,Y,N,29.98999023,1.0,1.0,WC,0.0,0.0,O,1.0,S,M,2.0,M,9.0,,C,A,0.0,U,U,U,Y,U,U,Y,931.0,730+,0,0.199127593066212,0.44986322448281757,0.08570332480818414,0.0,15.023935715506925,5430.6575,0.6897202323044722,0,0,0,0,0,0,0,0,1,0,0,1,0.67032385,225.46370133066182,45,180.46370133066182,634.1166495507956,65,569.1166495507956,1240.05035731864,85,1155.05035731864
205.305,3564.5,159.99,4.2075,323.25,48.4875,48.4875,0.0,1.2675,581.5,-33.295,19.33333333,0.0,21.0,0.0,205.0,0.0,974.6666667,0.333333333,589.3333333,0.0,735.6666667,0.333333333,22.33333333,31.0,19.05333333,260.6666667,0.333333333,1042.26,0.156666667,1246.703333,122.6666667,133.0133333,86.0,176.1266667,929.3333333,0.0,1403.34,0.0,387.3333333,0.333333333,885.62,0.156666667,40.33333333,975.0,736.0,0.0,41.33333333,13,1048703,1,1,Y,CA,N,9775,25168.0,2281.84,2176.85,25135.0,9754,181.4,2094.58,812.83,3371,1356,216,2930.0,1086.0,223.0,R,CENTRAL/SOUTH TEXAS AREA,Y,R,79.98999023,3.0,3.0,WCMB,,,,,,,,,,,,,,,,,,,,,76.0,<180,1,0.05758098443416071,0.3011833033107646,0.00035549011358855704,290.33333329,22.141126778060748,2668.965,0.04231099859222796,0,0,1,1,1,1,1,1,1,1,1,0,0.57185364,225.41646145534514,45,180.41646145534514,633.9838590288163,65,568.9838590288163,1239.7905380043983,85,1154.7905380043983
157.405,1544.0,116.765,5.6925,58.75,14.6875,14.6875,0.0,0.0,21.0,22.485,7.0,0.0,7.666666667,0.0,90.0,0.0,495.0,0.0,209.3333333,0.0,393.0,0.0,0.0,0.0,0.0,117.0,1.0,531.8266667,0.0,339.6966667,172.3333333,238.9433333,103.3333333,154.92,291.0,0.0,457.2366667,0.0,291.0,0.0,414.2833333,0.0,14.66666667,495.0,393.0,0.0,10.0,12,1055026,3,2,U,AA,N,6273,14112.0,1803.22,1731.68,13983.0,6212,173.17,1398.3,621.2,1537,686,150,1578.0,701.0,172.0,U,SOUTH FLORIDA AREA,N,N,129.9899902,9.0,4.0,WCMB,0.0,0.0,,,M,U,2.0,M,,,C,,0.0,N,U,U,U,U,U,N,41.0,<180,1,0.10188025889967638,0.12471871948371757,0.0,0.0,13.110856366492591,1888.8600000000001,0.8891111908042506,0,0,1,1,0,0,0,1,1,0,1,0,0.745815,225.39840101146697,45,180.39840101146697,633.9330497550965,65,568.9330497550965,1239.6912055630685,85,1154.6912055630685
247.3375,1610.75,83.9425,15.0975,531.0,135.4,135.4,0.0,12.8975,292.25,115.4925,26.33333333,0.0,2.333333333,0.0,36.33333333,0.0,362.6666667,0.0,222.6666667,0.0,305.3333333,0.0,0.0,0.0,0.0,84.33333333,0.666666667,713.6033333,0.0,577.3933333,82.33333333,82.58333333,7.0,11.73333333,428.0,0.0,1118.616667,0.0,74.66666667,0.0,172.3833333,0.0,28.66666667,362.6666667,305.3333333,0.0,16.33333333,23,1032553,2,2,U,AA,N,6093,17407.0,2015.94,1825.47,16356.0,5659,121.7,1090.4,377.27,1513,493,209,1299.0,445.0,157.0,C,SOUTHWEST AREA,Y,R,99.98999023,5.0,2.0,WCMB,0.0,0.0,,,,U,,,,,,,0.0,U,U,U,U,U,U,N,84.0,<180,1,0.15345897316581356,1.5940194837684318,0.008002171552660153,0.0,18.962827795273274,5688.7625,0.38550211602391726,0,0,1,1,1,1,1,1,1,1,1,1,0.47430626,225.24234438180926,45,180.24234438180926,633.4941672861577,65,568.4941672861577,1238.8328940999509,85,1153.8328940999509
193.47,2370.5,69.99,1.7325,434.0,130.2,130.2,0.0,0.0,361.5,92.07,19.0,0.0,70.66666667,0.0,104.6666667,0.0,642.6666667,0.333333333,121.3333333,0.0,452.0,0.333333333,2.0,3.333333333,2.446666667,58.0,1.0,1405.823333,0.423333333,339.0033333,127.3333333,284.68,27.0,60.07333333,230.0,0.333333333,496.27,0.423333333,339.6666667,0.0,1248.553333,0.0,89.66666667,643.0,452.3333333,0.0,12.66666667,11,1079338,2,2,N,BA,N,6300,22123.0,1501.67,1180.8,19553.0,5578,131.2,2172.56,619.78,2250,582,163,2210.0,600.0,149.0,C,DC/MARYLAND/VIRGINIA AREA,Y,N,199.9899902,2.0,1.0,WCMB,0.0,0.0,O,15.0,S,M,4.0,M,6.0,2.0,I,A,0.0,G,U,U,U,Y,Y,Y,305.0,180-365,1,0.08158127767235926,1.834061135371179,0.0,22.0,33.39202704606283,2128.17,0.2068654019873532,0,0,0,0,0,0,0,0,0,0,0,1,0.6054778,224.91223303413392,45,179.91223303413392,632.5657130670547,65,567.5657130670547,1237.0172816877366,85,1152.0172816877366
160.7275,1744.75,44.99,0.0,359.25,125.7375,125.7375,0.0,0.0,-110.75,-11.6375,39.66666667,0.0,26.33333333,0.0,42.33333333,0.0,291.0,0.0,132.0,0.0,199.3333333,0.0,5.666666667,24.33333333,21.48,36.0,0.333333333,678.78,0.0,824.9333333,38.33333333,41.17666667,8.0,5.81,112.3333333,0.0,438.44,0.0,202.3333333,0.0,1065.27,0.0,66.0,291.0,199.3333333,0.0,10.66666667,14,1061637,2,2,N,AA,N,2365,10448.0,1032.28,984.55,10380.0,2354,75.73,798.46,181.08,1782,333,165,1271.0,251.0,114.0,S,SOUTH FLORIDA AREA,N,R,39.98999023,2.0,1.0,WC,0.0,0.0,,,,U,,,,,,,0.0,H,U,U,U,U,U,N,395.0,365-730,1,0.09206787913504225,2.7340182648401825,0.0,79.333333338,37.93759512937595,2250.185,0.10637522768293121,0,0,1,1,1,1,1,1,1,1,1,0,0.7258662,223.99997383499147,45,178.99997383499147,629.9999647313356,65,564.9999647313356,1231.999856092453,85,1146.999856092453
235.5025,2769.25,84.99,16.335,483.25,122.2825,118.1875,4.095,0.0,-386.25,-2.7125,21.33333333,0.0,2.0,0.0,228.6666667,0.0,807.6666667,5.333333333,319.6666667,0.0,562.6666667,5.333333333,1.333333333,3.333333333,2.283333333,179.3333333,0.0,1139.3,11.28666667,899.8533333,106.3333333,92.76666667,13.66666667,56.99,482.0,4.333333333,1054.276667,10.26333333,318.3333333,1.0,984.8766667,1.023333333,23.33333333,813.0,568.0,0.0,0.0,39,1098158,2,1,U,BA,N,17691,47583.0,4388.6,4261.12,45907.0,17084,177.55,1912.79,711.83,2898,846,236,2354.0,728.0,165.0,U,LOS ANGELES AREA,N,R,179.9899902,11.0,6.0,WCMB,0.0,0.0,,,,B,1.0,M,,,C,,0.0,N,U,U,U,U,U,N,111.0,<180,1,0.08501128057034564,1.4220548901035004,0.0,51.999999986999995,32.20432608442842,9184.5975,0.26628405389565485,0,0,1,1,1,0,0,1,1,0,1,0,0.49475193,223.70940758514405,45,178.70940758514405,629.1827088332176,65,564.1827088332176,1230.4017417182922,85,1145.4017417182922
151.825,1312.75,10.0,6.435,331.0,132.4,132.4,0.0,0.0,0.25,-1.485,13.33333333,0.0,5.666666667,0.0,83.66666667,0.0,330.6666667,0.0,78.0,0.0,231.0,0.0,6.0,22.0,18.27333333,28.66666667,1.0,700.08,0.0,287.5666667,52.33333333,51.79,10.33333333,27.87666667,202.0,0.0,680.1466667,0.0,87.0,0.0,307.5,0.0,19.0,330.6666667,231.0,0.0,3.666666667,32,1010569,2,2,U,A,N,5042,22037.0,2774.61,2729.86,22037.0,5042,88.06,710.87,162.65,1313,312,152,1044.0,277.0,109.0,T,HOUSTON AREA,N,R,9.989997864,3.0,3.0,WCMB,1.0,0.0,,0.0,S,B,1.0,M,6.0,1.0,C,A,0.0,S,Y,U,U,U,U,N,127.0,<180,1,0.11556612749762131,12.036363636363637,0.0,192.0,119.3409090909091,4858.4,0.05253104106972301,0,0,1,0,0,0,0,0,0,0,0,0,0.76707363,223.60503181457517,45,178.60503181457517,628.8892243742943,65,563.8892243742943,1229.8276749801635,85,1144.8276749801635
147.805,1180.5,59.99,9.6525,292.0,87.6,87.6,0.0,0.0,141.5,27.885,4.666666667,0.0,1.333333333,0.0,59.33333333,0.0,407.0,0.0,79.66666667,0.0,343.0,0.0,0.333333333,0.666666667,0.623333333,36.33333333,0.666666667,607.1333333,0.0,206.24,101.3333333,115.2633333,7.0,17.19,296.6666667,0.0,573.6533333,0.0,108.6666667,0.0,239.72,0.0,6.0,407.0,343.0,0.0,5.0,13,1050276,2,1,Y,A,N,4011,11292.0,1296.37,1206.44,10794.0,3800,109.68,981.27,345.45,1133,407,138,1049.0,371.0,114.0,S,LOS ANGELES AREA,N,N,29.98999023,1.0,1.0,WC,0.0,0.0,O,4.0,,S,3.0,M,5.0,1.0,,,0.0,S,U,U,U,U,U,Y,389.0,365-730,0,0.1250994498518832,1.4363010329562222,0.0,4.333333329,19.355632070831284,1921.4650000000001,0.3610584892691233,0,0,0,0,1,0,0,0,0,1,1,1,0.7872257,223.4033354892731,45,178.4033354892731,628.3218634438515,65,563.3218634438515,1228.718345191002,85,1143.718345191002
203.9725,2845.25,75.0,4.455,1083.25,109.195,108.025,1.17,0.0975,-450.25,-14.8725,34.66666667,0.0,29.66666667,0.0,93.66666667,0.666666667,691.0,0.666666667,217.3333333,0.0,549.0,0.0,0.666666667,2.666666667,2.2,66.66666667,0.0,1196.076667,0.0,616.8733333,263.3333333,539.7133333,60.0,251.0866667,480.6666667,0.0,1151.746667,0.0,269.6666667,0.0,661.2,0.0,64.33333333,691.6666667,549.0,0.0,15.0,53,1000463,4,4,Y,A,N,44849,116770.85,7596.95,7485.14,116212.85,44610,143.95,2234.86,857.88,2995,1072,209,2530.0,961.0,176.0,C,DALLAS AREA,T,N,199.9899902,4.0,4.0,WCMB,1.0,1.0,O,2.0,S,A,2.0,M,4.0,2.0,C,A,0.0,H,U,U,U,U,U,Y,140.0,<180,1,0.07166359244620114,1.4367763157894735,3.4255599472990775e-05,35.333333351,37.4375,10810.5425,0.32222277178785746,0,0,0,0,0,0,0,0,0,0,0,0,0.5691351,222.88880494976044,45,177.88880494976044,626.8747882366181,65,561.8747882366181,1225.8884272236824,85,1140.8884272236824
167.82,1893.5,31.9925,2.2275,327.5,131.0,131.0,0.0,0.0,96.5,-45.8,14.66666667,0.0,30.0,0.333333333,131.6666667,0.0,486.6666667,0.333333333,556.3333333,0.0,322.3333333,0.0,12.0,13.33333333,3.706666667,388.0,0.666666667,251.9866667,0.0,535.89,59.0,18.4,166.0,130.59,311.6666667,0.0,208.36,0.0,555.0,0.0,579.5133333,0.0,45.0,487.0,322.3333333,0.0,36.0,17,1059958,3,2,U,BA,N,10400,17354.0,1715.95,1632.72,17249.0,10353,108.85,1149.93,690.2,1861,1152,183,1564.0,960.0,134.0,C,CENTRAL/SOUTH TEXAS AREA,Y,R,99.98999023,2.0,2.0,WCMB,1.0,0.0,O,6.0,S,U,4.0,M,8.0,2.0,,A,0.0,H,Y,U,U,Y,U,Y,188.0,180-365,1,0.08858273950910531,3.970599378646662,0.0,204.0,57.3918314768508,2852.94,0.05892543791106488,0,0,0,0,0,0,0,0,0,1,0,1,0.6904983,222.48848019790648,45,177.48848019790648,625.7489005708694,65,560.7489005708694,1223.6866410884857,85,1138.6866410884857
213.57,1101.5,71.98,0.2475,403.75,141.3425,141.05,0.2925,0.0,611.5,213.08,3.0,0.0,3.333333333,0.0,11.66666667,0.0,91.33333333,0.0,39.66666667,0.0,74.33333333,0.0,0.0,0.0,0.0,7.666666667,0.0,328.2,0.0,316.89,10.0,15.10666667,3.666666667,33.88,79.66666667,0.0,424.2533333,0.0,33.33333333,0.0,220.8366667,0.0,6.333333333,91.33333333,74.33333333,0.0,0.666666667,26,1025787,1,1,U,A2,N,2960,13937.0,2131.07,2110.29,13822.0,2924,87.93,575.92,121.83,898,125,143,792.0,124.0,120.0,S,NORTH FLORIDA AREA,Y,N,149.9899902,2.0,2.0,WCMB,0.0,0.0,O,,M,B,1.0,M,8.0,1.0,C,,0.0,S,U,U,U,U,U,Y,223.0,180-365,1,0.1937142857142857,1.9367292408879144,0.0,0.0,15.093176212661001,5552.82,0.3405148782792287,0,0,0,1,0,0,0,0,0,0,1,0,0.5412494,221.94170382499692,45,176.94170382499692,624.2110547375679,65,559.2110547375679,1220.6793710374832,85,1135.6793710374832
140.585,1067.0,59.99,4.7025,196.5,78.5925,78.3,0.2925,7.3,204.0,58.825,45.33333333,0.333333333,6.333333333,0.0,120.0,0.0,424.3333333,1.0,226.3333333,0.0,275.3333333,0.666666667,0.0,0.0,0.0,104.3333333,0.666666667,326.94,0.31,310.3533333,76.0,62.15333333,45.0,52.28333333,268.6666667,0.333333333,385.1466667,0.2,180.3333333,0.333333333,252.1466667,0.11,52.0,425.3333333,276.0,0.0,9.333333333,11,1066082,1,1,Y,AA,N,2644,6093.0,1020.88,939.73,5977.0,2599,93.97,597.7,259.9,999,466,121,759.0,364.0,98.0,R,SOUTHWEST AREA,Y,R,29.98999023,2.0,2.0,WCMB,0.0,0.0,O,1.0,S,U,2.0,M,5.0,2.0,H,A,0.0,N,U,U,U,U,U,Y,88.0,<180,1,0.13163389513108614,1.2886128873585834,0.006835205992509363,0.0,17.49467125758321,1546.4350000000002,0.4369458922142818,0,0,0,0,0,0,0,0,0,0,0,1,0.8221165,221.90832560729984,45,176.90832560729984,624.1171657705307,65,559.1171657705307,1220.495790840149,85,1135.495790840149
190.2675,1029.5,50.0,6.435,319.0,95.7,95.7,0.0,34.8825,37.5,-0.7875,11.33333333,0.0,13.0,0.0,84.0,0.0,268.6666667,0.0,121.0,0.0,167.3333333,0.0,1.666666667,3.666666667,2.646666667,47.0,0.0,268.65,0.0,224.9833333,66.33333333,94.42333333,93.33333333,171.9733333,215.3333333,0.0,412.7433333,0.0,66.0,0.0,80.89,0.0,24.33333333,268.6666667,167.3333333,0.0,6.333333333,31,1009352,2,2,Y,B,N,9969,20213.0,2867.96,2800.23,20100.0,9899,93.34,670.0,329.97,1017,497,190,959.0,458.0,165.0,R,CENTRAL/SOUTH TEXAS AREA,Y,N,79.98999023,3.0,3.0,WCMB,1.0,0.0,O,6.0,S,S,2.0,M,3.0,,C,B,0.0,N,U,U,U,U,U,Y,517.0,365-730,1,0.18463609898107716,1.8764705882352941,0.033850072780203785,51.666666677,20.186274509803923,5898.2925000000005,0.2201122140537682,0,0,0,0,0,0,0,0,1,0,0,0,0.60498893,221.0106849317551,45,176.0106849317551,621.5925286889077,65,556.5925286889077,1215.558767124653,85,1130.558767124653
153.8625,313.5,59.99,0.99,0.0,0.0,0.0,0.0,91.905,105.5,21.6375,3.333333333,0.0,1.0,0.0,3.0,0.0,38.66666667,0.0,3.666666667,0.0,31.66666667,0.0,0.0,0.0,0.0,2.333333333,0.333333333,49.24666667,0.0,2.886666667,8.0,4.276666667,0.0,0.0,31.66666667,0.0,49.61333333,0.0,3.333333333,0.0,2.52,0.0,4.333333333,38.66666667,31.66666667,0.0,0.333333333,18,1033932,1,1,U,AA,N,3049,6439.0,2366.3,2302.44,6426.0,3042,135.44,378.0,178.94,278,135,147,385.0,168.0,150.0,S,NEW YORK CITY AREA,Y,N,59.98999023,1.0,1.0,WCMB,0.0,0.0,O,4.0,,U,1.0,M,8.0,2.0,C,,0.0,S,U,U,U,U,U,Y,554.0,365-730,0,0.48922893481717017,0.0,0.29222575516693167,0.0,5.14018691588785,2769.525,1.0,0,0,0,0,1,0,0,0,0,0,1,1,0.74810976,221.00358050107957,45,176.00358050107957,621.5725793302059,65,556.5725793302059,1215.5196927559377,85,1130.5196927559377
173.1875,535.25,29.99,0.2475,433.25,173.29,172.9,0.39,0.835,-509.25,-172.0175,4.0,0.0,2.0,0.0,13.0,0.333333333,76.66666667,0.333333333,29.33333333,0.0,59.0,0.0,0.0,0.0,0.0,19.66666667,0.333333333,284.4166667,0.0,61.08333333,18.33333333,28.77666667,1.666666667,1.03,10.33333333,0.0,23.46,0.0,62.66666667,0.0,322.0433333,0.0,6.0,77.0,59.0,0.0,0.0,7,1094449,1,1,U,BA,N,739,3199.0,952.19,877.72,3042.0,707,146.29,507.0,117.83,705,131,231,507.0,118.0,146.0,U,NEW YORK CITY AREA,T,N,99.98999023,1.0,1.0,WCMB,0.0,0.0,,0.0,M,M,2.0,M,9.0,,,N,0.0,J,U,U,U,U,Y,N,206.0,180-365,0,0.32296037296037294,5.591803807679897,0.0015571095571095572,0.0,17.271700548564056,1212.3125,0.15170354415508125,0,0,1,0,0,0,0,0,1,1,0,1,0.66367584,220.68549847602844,45,175.68549847602844,620.67796446383,65,555.67796446383,1213.7702416181564,85,1128.7702416181564
184.285,960.0,69.99,0.495,309.5,123.8,123.8,0.0,0.0,-215.0,-9.895,6.0,0.0,2.333333333,0.0,32.66666667,0.0,225.6666667,0.0,53.66666667,0.0,186.3333333,0.0,4.333333333,7.333333333,4.286666667,26.66666667,0.333333333,573.01,0.0,203.97,50.66666667,70.61333333,8.666666667,20.62333333,179.3333333,0.0,487.69,0.0,59.0,0.0,289.29,0.0,8.333333333,225.6666667,186.3333333,0.0,4.333333333,23,1027916,2,2,Y,BA,N,4422,14734.0,2191.63,2128.86,14728.0,4419,96.77,669.45,200.86,1032,241,188,805.0,196.0,149.0,S,MIDWEST AREA,N,N,29.98999023,1.0,1.0,WCMB,0.0,0.0,,,,U,,,,,,,0.0,U,U,U,U,U,U,N,692.0,365-730,0,0.19176378772112382,1.7439075926186787,0.0,99.66666665899999,13.523031412875055,4238.555,0.14129800165204662,0,0,1,1,1,1,1,1,1,1,1,0,0.62350965,220.61468608665464,45,175.61468608665464,620.4788265872002,65,555.4788265872002,1213.3807734766006,85,1128.3807734766006
148.1525,1587.0,84.99,2.475,250.75,62.6875,62.6875,0.0,0.0,-266.0,-62.1925,11.66666667,0.0,2.666666667,0.0,157.6666667,0.0,552.3333333,0.0,315.6666667,0.0,385.3333333,0.0,0.0,0.0,0.0,120.6666667,0.0,703.9766667,0.0,992.6933333,67.66666667,73.51333333,43.0,138.8866667,461.6666667,0.0,1045.27,0.0,226.6666667,0.0,651.3966667,0.0,14.33333333,552.3333333,385.3333333,0.0,8.666666667,14,1071421,3,2,N,A,N,7317,21648.0,2035.11,1933.8,21368.0,7233,148.75,1643.69,556.38,1676,535,169,2010.0,627.0,197.0,S,SOUTHWEST AREA,N,N,29.98999023,2.0,2.0,WC,0.0,0.0,O,4.0,S,M,3.0,M,6.0,2.0,I,A,0.0,N,U,U,U,U,U,Y,128.0,<180,1,0.09329502518891687,0.7290091871147808,0.0,0.0,18.455634376090245,2074.135,0.5783659262497688,0,0,0,0,0,0,0,0,0,0,0,0,0.77515566,220.49518761253358,45,175.49518761253358,620.1427504825592,65,555.1427504825592,1212.7235318689347,85,1127.7235318689347
129.2625,103.75,74.99,0.0,0.0,0.0,0.0,0.0,50.2825,65.25,35.1675,1.666666667,0.0,0.0,0.0,0.0,0.0,3.0,0.0,0.666666667,0.0,1.333333333,0.0,0.0,0.0,0.0,0.666666667,0.0,1.14,0.0,0.43,0.666666667,0.466666667,0.0,0.0,2.0,0.0,1.57,0.0,0.0,0.0,0.0,0.0,1.666666667,3.0,1.333333333,0.0,0.0,17,1037421,1,1,N,AA,N,3150,9768.0,1737.51,1677.39,9651.0,3082,104.84,603.19,192.63,82,31,117,304.0,109.0,108.0,T,NORTH FLORIDA AREA,Y,R,9.989997864,2.0,1.0,WC,0.0,0.0,,,,U,,,,,,,0.0,N,U,U,U,U,U,N,392.0,365-730,1,1.2340095465393794,0.0,0.4800238663484487,0.0,1.3653112251612056,2197.4624999999996,1.0,0,0,1,1,1,1,1,1,1,1,1,1,0.88561267,219.79489404916762,45,174.79489404916762,618.1731626272201,65,553.1731626272201,1208.871917270422,85,1123.871917270422
189.9625,1429.5,159.99,0.7425,104.5,26.125,26.125,0.0,0.195,-415.5,-30.4225,6.0,0.0,5.333333333,0.0,41.66666667,0.0,308.6666667,0.0,81.33333333,0.0,257.0,0.0,0.0,0.0,0.0,38.66666667,0.0,855.9733333,0.0,383.2066667,40.66666667,42.84,1.0,30.78666667,273.6666667,0.0,1105.59,0.0,51.66666667,0.0,133.5866667,0.0,11.33333333,308.6666667,257.0,0.0,5.0,13,1059574,2,1,U,AA,N,3398,16522.0,2186.96,1895.31,15394.0,3162,172.3,1399.45,287.45,1568,343,200,1448.0,313.0,188.0,T,MIDWEST AREA,Y,N,199.9899902,3.0,2.0,WCMB,0.0,0.0,O,5.0,S,M,2.0,M,9.0,2.0,H,A,0.0,N,Y,Y,Y,Y,U,Y,51.0,<180,1,0.13279447745543516,0.16227716007205414,0.0001363159734358616,0.0,8.879433505186658,2469.5125000000003,0.8603799802260642,0,0,0,0,0,0,0,0,0,0,0,1,0.60113734,219.25163426160813,45,174.25163426160813,616.6452326834202,65,551.6452326834202,1205.8839884388447,85,1120.8839884388447
202.0625,1063.0,39.99,0.495,452.75,158.4625,158.4625,0.0,2.595,420.0,146.3775,31.0,0.0,0.0,0.0,10.33333333,0.0,404.0,0.0,167.6666667,0.0,373.0,0.0,0.0,0.0,0.0,98.0,0.333333333,356.0166667,0.0,206.41,115.3333333,98.20666667,25.0,21.31,216.0,0.0,255.25,0.0,307.3333333,0.0,307.1766667,0.0,31.0,404.0,373.0,0.0,0.333333333,13,1049381,1,1,Y,EA,N,2676,5039.0,923.86,883.88,4996.0,2657,73.66,416.33,221.42,923,516,153,589.0,321.0,97.0,U,NEW YORK CITY AREA,Y,N,149.9899902,4.0,2.0,WCMB,0.0,0.0,,,,U,,,,,,,0.0,H,U,U,U,U,U,N,373.0,365-730,1,0.18990836466165414,3.8658819224201024,0.0024389097744360903,0.0,25.933154427909244,2626.8125,0.20551259071708802,0,0,1,1,1,1,1,1,1,1,1,1,0.5650348,219.21091903448107,45,174.21091903448107,616.5307218283415,65,551.5307218283415,1205.660054689646,85,1120.660054689646
218.62,2488.5,89.99,1.485,364.5,127.575,116.6375,10.9375,0.0,301.5,114.94,17.0,4.0,7.666666667,1.333333333,128.0,1.333333333,711.0,162.6666667,133.0,0.0,563.6666667,156.0,1.0,3.666666667,3.01,64.66666667,0.0,1032.093333,84.75,277.8266667,182.6666667,275.0133333,8.0,14.15333333,383.3333333,103.0,712.6066667,49.5,281.3333333,53.0,597.3166667,35.25666667,30.0,873.6666667,719.6666667,0.0,7.0,8,1096326,1,1,U,E4,Y,4626,12663.0,1208.14,1068.16,12622.0,4604,178.03,2103.67,767.33,2388,879,180,2104.0,767.0,178.0,T,NORTH FLORIDA AREA,Y,N,199.9899902,1.0,1.0,WCMB,0.0,0.0,O,5.0,S,S,1.0,M,7.0,1.0,C,A,0.0,U,U,U,U,U,U,N,216.0,180-365,0,0.08781683068889336,1.4020771513353116,0.0,8.0,27.349159248269043,1748.96,0.29393807239424335,0,0,0,0,0,0,0,0,0,0,0,1,0.52108973,218.72762371444702,45,173.72762371444702,615.1714286661148,65,550.1714286661148,1203.0019304294588,85,1118.0019304294588
135.0725,147.25,7.5,1.485,83.75,83.75,83.75,0.0,0.0,-147.25,14.9275,4.0,0.0,1.0,0.0,69.66666667,0.0,135.6666667,0.0,21.33333333,0.0,61.66666667,0.0,0.666666667,1.0,0.696666667,15.33333333,0.0,88.87,0.0,10.27333333,12.66666667,11.06666667,3.0,2.32,47.66666667,0.0,64.41666667,0.0,24.33333333,0.0,34.72666667,0.0,5.0,135.6666667,61.66666667,0.0,0.0,13,1056542,1,1,Y,AA,N,1897,8880.0,1333.45,1153.48,8880.0,1897,96.12,740.0,158.08,196,87,130,370.0,100.0,81.0,T,CALIFORNIA NORTH AREA,Y,N,79.98999023,2.0,2.0,WCMB,0.0,0.0,,,,U,,,,,,,0.0,S,U,U,U,U,U,N,332.0,180-365,1,0.9111129848229341,9.852941176470589,0.0,8.666666671,17.323529411764707,1755.9424999999999,0.08680851063578597,0,0,1,1,1,1,1,1,1,1,1,1,0.8433659,218.71786041259767,45,173.71786041259767,615.1439824104309,65,550.1439824104309,1202.9482322692872,85,1117.9482322692872
157.33,1213.5,30.0,0.2475,356.75,124.8625,124.8625,0.0,0.195,114.5,46.37,4.0,0.0,10.0,0.0,63.0,0.0,380.0,0.0,163.6666667,0.0,304.0,0.0,0.0,0.0,0.0,66.66666667,0.0,481.6733333,0.0,410.1766667,105.6666667,94.69,36.0,85.62666667,224.0,0.0,375.9866667,0.0,242.6666667,0.0,515.8633333,0.0,14.0,380.0,304.0,0.0,10.0,14,1060646,1,1,U,AA,N,4386,12392.0,1294.85,1234.86,12383.0,4383,94.99,952.54,337.15,1175,433,142,1127.0,394.0,129.0,S,HOUSTON AREA,Y,N,59.98999023,1.0,1.0,WCMB,0.0,0.0,O,8.0,S,M,6.0,M,9.0,2.0,,A,1.0,N,U,U,U,U,Y,Y,425.0,365-730,0,0.1295430218196789,4.027822580645161,0.00016055990119390697,0.0,39.145161290322584,2202.6200000000003,0.19889325527307725,0,0,0,0,0,0,0,0,0,1,0,1,0.72358876,218.5770630626679,45,173.5770630626679,614.7480367517472,65,549.7480367517472,1202.1738468446733,85,1117.1738468446733
191.89,1944.75,44.41,13.86,317.0,111.8175,105.675,6.1425,9.6775,-507.75,-34.33,24.0,0.0,1.333333333,0.0,351.6666667,0.0,1100.333333,7.666666667,445.3333333,0.0,727.6666667,7.666666667,52.33333333,151.3333333,113.0566667,351.3333333,3.333333333,1110.166667,14.10666667,366.05,98.0,138.1433333,4.0,5.826666667,404.6666667,2.0,623.3066667,1.336666667,517.0,5.666666667,852.91,12.77,25.33333333,1108.0,735.3333333,0.0,0.0,11,1068349,1,1,U,E4,Y,6885,15062.0,1326.16,1246.18,15062.0,6885,124.62,1506.2,688.5,2114,964,203,1623.0,771.0,138.0,C,SOUTHWEST AREA,Y,N,149.9899902,1.0,1.0,WCMB,0.0,0.0,,,,U,,,,,,,0.0,H,U,U,U,U,U,N,331.0,180-365,0,0.09862006938198638,2.4623981501871834,0.004973660542207375,575.66666663,42.826469940541735,2110.79,0.017922517968154885,0,0,1,1,1,1,1,1,1,1,1,1,0.5910563,217.76216231822966,45,172.76216231822966,612.4560872387885,65,547.4560872387885,1197.6918927502632,85,1112.6918927502632
164.0675,985.0,50.0,0.2475,374.5,112.35,112.35,0.0,0.0,-9.0,4.7325,17.66666667,0.0,0.0,0.0,3.666666667,0.0,313.6666667,0.0,126.0,0.0,296.3333333,0.0,0.0,0.0,0.0,60.33333333,0.0,475.6866667,0.0,257.9133333,55.0,49.64333333,26.0,100.0866667,259.6666667,0.0,451.42,0.0,151.0,0.0,282.18,0.0,17.66666667,313.6666667,296.3333333,0.0,5.333333333,19,1038522,1,1,U,AA,N,4955,10994.0,1594.86,1539.69,10968.0,4945,90.57,645.18,290.88,988,492,163,803.0,415.0,117.0,U,NEW YORK CITY AREA,N,N,29.98999023,1.0,1.0,WC,1.0,0.0,O,7.0,S,M,3.0,M,9.0,1.0,C,A,0.0,H,U,U,U,Y,Y,Y,565.0,365-730,0,0.1663970588235294,2.202941176470588,0.0,0.0,19.313725490196077,3117.2825,0.3122130394857668,0,0,0,0,0,0,0,0,0,0,0,1,0.6910523,217.68810163497926,45,172.68810163497926,612.2478249651193,65,547.2478249651193,1197.2845589923859,85,1112.2845589923859
165.93,960.75,39.97,4.95,368.0,117.76,117.76,0.0,0.0,463.25,76.86,9.666666667,0.0,26.33333333,0.0,85.0,0.0,365.6666667,0.0,110.0,0.0,248.3333333,0.0,0.0,0.0,0.0,36.33333333,0.0,451.3766667,0.0,250.9433333,24.33333333,28.15,9.333333333,21.32333333,265.3333333,0.0,491.5366667,0.0,89.33333333,0.0,210.78,0.0,36.0,365.6666667,248.3333333,0.0,13.33333333,24,1020266,1,1,Y,AA,N,7183,15071.0,2077.51,1995.39,14561.0,6878,90.7,661.86,312.64,806,401,140,901.0,388.0,145.0,S,SOUTH FLORIDA AREA,N,N,79.98999023,1.0,1.0,WC,0.0,0.0,O,3.0,M,U,3.0,M,6.0,2.0,I,J,0.0,H,U,U,U,U,U,Y,739.0,730+,0,0.17252924356641539,2.874298267024652,0.0,0.0,23.450085428362218,3982.32,0.2581112581112581,0,0,0,0,0,0,0,0,0,0,0,1,0.6829837,217.5887707271576,45,172.5887707271576,611.9684671211243,65,546.9684671211243,1196.7382389993668,85,1111.7382389993668
140.0425,887.25,10.0,0.0,449.25,134.775,134.775,0.0,0.0,161.75,32.5575,3.666666667,0.0,6.666666667,0.0,56.0,0.0,229.0,0.0,210.0,0.0,165.0,0.0,0.0,0.0,0.0,106.6666667,0.0,215.76,0.0,400.7033333,35.66666667,39.84666667,8.0,12.50666667,150.6666667,0.0,241.62,0.0,222.0,0.0,374.8433333,0.0,10.33333333,229.0,165.0,0.0,1.333333333,12,1052753,2,2,Y,AA,N,2449,6591.0,767.43,722.35,6550.0,2427,65.67,595.45,220.64,833,340,129,696.0,254.0,95.0,U,HOUSTON AREA,Y,N,149.9899902,2.0,1.0,WCMB,0.0,0.0,,,M,U,3.0,M,6.0,1.0,C,,0.0,H,U,U,U,U,U,Y,341.0,180-365,1,0.15766113143822122,12.252272727272727,0.0,0.0,80.6590909090909,1680.5099999999998,0.07545875493054365,0,0,1,1,0,0,0,0,0,0,1,1,0.8074592,217.1109230797291,45,172.1109230797291,610.6244502937793,65,545.6244502937793,1194.11007693851,85,1109.11007693851
173.6675,464.5,159.99,0.0,0.75,0.2925,0.0,0.2925,0.0,-224.5,7.9725,10.0,0.0,0.0,0.0,16.0,0.0,106.3333333,0.333333333,110.0,0.0,87.33333333,0.333333333,0.333333333,3.666666667,3.49,56.0,1.333333333,164.87,0.793333333,314.6866667,39.33333333,48.39,14.0,46.28,135.3333333,0.333333333,431.9133333,0.793333333,37.66666667,0.0,47.64333333,0.0,10.0,106.6666667,87.66666667,0.0,0.0,55,1000194,2,2,Y,A,N,15839,39970.0,5731.79,5695.21,39889.0,15798,107.46,752.62,298.08,539,152,171,655.0,186.0,171.0,U,NEW YORK CITY AREA,Y,R,79.98999023,9.0,5.0,WCMB,0.0,0.0,O,5.0,M,S,5.0,M,6.0,1.0,C,N,0.0,O,U,U,U,U,U,Y,542.0,365-730,1,0.37307733619763694,0.0018168830362134292,0.0,18.333333315,2.8852723771662836,9551.7125,0.7489793942203704,0,0,0,0,0,0,0,0,0,0,0,1,0.6504013,216.87085481548309,45,171.87085481548309,609.9492584657669,65,544.9492584657669,1192.789701485157,85,1107.789701485157
225.2175,2121.25,97.99,4.95,259.5,90.825,90.825,0.0,14.6125,-218.25,-49.2575,9.666666667,0.0,32.33333333,0.666666667,189.6666667,0.0,724.0,0.666666667,259.0,0.0,498.6666667,0.0,0.0,0.0,0.0,114.0,1.666666667,968.6366667,0.0,552.07,142.0,238.7133333,51.0,118.6966667,514.3333333,0.0,968.9766667,0.0,218.0,0.0,551.73,0.0,42.66666667,724.6666667,498.6666667,0.0,5.666666667,37,1007437,2,2,Y,A,N,13810,33770.0,4931.82,4882.8,33756.0,13799,143.61,992.82,405.85,2194,775,242,2149.0,772.0,233.0,,CENTRAL/SOUTH TEXAS AREA,Y,N,199.9899902,5.0,4.0,WCMB,1.0,0.0,O,8.0,S,U,2.0,M,1.0,,C,A,0.0,H,U,U,U,U,U,Y,342.0,180-365,1,0.10612204028743079,0.9175169209011012,0.006885381081399459,0.0,21.42893221537529,8333.0475,0.521507783894845,1,0,0,0,0,0,0,0,1,0,0,1,0.50085634,216.57909645795823,45,171.57909645795823,609.1286953639984,65,544.1286953639984,1191.1850305187702,85,1106.1850305187702
156.205,679.25,29.99,0.0,302.5,121.0,121.0,0.0,4.24,95.75,37.125,1.666666667,0.0,5.333333333,0.0,40.66666667,0.0,219.6666667,0.0,108.6666667,0.0,172.6666667,0.0,0.0,0.0,0.0,45.66666667,0.0,286.0533333,0.0,248.14,23.66666667,12.89333333,2.666666667,1.76,150.0,0.0,300.0633333,0.0,130.6666667,0.0,234.13,0.0,7.0,219.6666667,172.6666667,0.0,1.666666667,6,1092799,1,1,U,BA,N,1065,2521.0,572.94,507.42,2512.0,1060,101.48,502.4,212.0,647,248,144,,,,T,TENNESSEE AREA,Y,N,149.9899902,1.0,1.0,WCMB,0.0,0.0,O,1.0,M,S,2.0,M,4.0,2.0,C,O,0.0,N,U,U,U,U,U,Y,187.0,180-365,0,0.22962881293642046,3.904485317844466,0.0062330025725836095,0.0,21.91836076153598,937.23,0.20389499309165074,0,0,0,0,0,0,0,0,0,0,0,1,0.72210157,216.56806925964358,45,171.56806925964358,609.0977320349217,65,544.0977320349217,1191.1243809280397,85,1106.1243809280397
205.005,2075.25,56.12,1.7325,415.25,124.62,124.425,0.195,0.0,-587.25,-97.755,19.66666667,0.0,31.66666667,0.0,125.0,0.0,758.3333333,0.666666667,273.0,0.0,588.0,0.666666667,1.0,1.333333333,0.51,123.6666667,0.0,620.78,0.25,488.6933333,186.3333333,99.13333333,64.0,69.82333333,379.3333333,0.0,512.6833333,0.0,474.6666667,0.666666667,596.79,0.25,51.33333333,759.0,588.6666667,0.0,28.0,12,1073514,2,2,U,B,N,10894,21005.0,1641.67,1536.38,20322.0,10478,153.64,2032.2,1047.8,2271,1110,237,2086.0,1084.0,177.0,C,SOUTH FLORIDA AREA,N,N,129.9899902,2.0,1.0,WCMB,0.0,0.0,,,M,U,1.0,M,,,C,,0.0,H,U,U,U,U,U,N,254.0,180-365,1,0.09873810957254665,2.1817226890756305,0.0,12.0,36.33140756302521,2460.06,0.23913589550364225,0,0,1,1,0,0,0,1,1,0,1,1,0.549214,216.17589718723298,45,171.17589718723298,607.9947474968433,65,542.9947474968433,1188.9674345297815,85,1103.9674345297815
167.9375,1950.5,111.98,2.2275,167.0,58.45,58.45,0.0,1.28,536.5,76.1125,10.66666667,0.0,2.666666667,0.0,47.66666667,0.0,315.3333333,2.666666667,181.3333333,17.0,261.6666667,2.666666667,0.0,0.0,0.0,66.33333333,0.0,1066.026667,5.256666667,695.16,49.33333333,48.88,29.66666667,133.7,336.6666667,1.333333333,1251.0,3.343333333,85.0,1.333333333,510.1866667,1.913333333,13.33333333,318.0,264.3333333,0.0,16.0,13,1066111,5,2,N,A,N,3667,16491.0,1671.35,1571.36,16471.0,3660,130.95,1372.58,305.0,1772,382,142,1470.0,332.0,130.0,T,ATLANTIC SOUTH AREA,Y,N,79.98999023,3.0,2.0,WCMB,0.0,0.0,,,,U,,,,,,,0.0,N,U,U,U,U,U,N,128.0,<180,1,0.08605559825775044,0.5173482032218092,0.0006559057135536767,0.0,17.264117542927952,2183.1875,0.6590445079624336,0,0,1,1,1,1,1,1,1,1,1,1,0.6692952,215.8075416326523,45,170.8075416326523,606.9587709009647,65,541.9587709009647,1186.9414789795876,85,1101.9414789795876
146.1725,451.75,29.99,0.0,312.75,109.9425,105.2625,4.68,0.0,260.25,83.9575,5.333333333,0.0,2.333333333,0.0,40.66666667,0.0,168.0,4.666666667,55.66666667,0.0,122.0,4.666666667,0.0,0.0,0.0,30.66666667,0.0,249.43,13.14333333,182.0866667,59.0,45.28666667,15.33333333,50.11666667,124.3333333,2.0,332.9633333,8.563333333,34.0,2.666666667,98.55333333,4.58,7.666666667,172.6666667,126.6666667,0.0,0.0,21,1037494,2,1,U,AA,N,1199,3193.0,1119.02,1066.44,3168.0,1185,56.13,166.74,62.37,365,111,118,277.0,94.0,88.0,S,NEW ENGLAND AREA,Y,N,149.9899902,1.0,1.0,WCMB,0.0,0.0,O,2.0,S,S,1.0,M,5.0,1.0,B,A,0.0,U,U,U,U,U,U,Y,622.0,365-730,0,0.3228547763666483,3.547676669893514,0.0,0.0,14.577282994514361,3069.6225000000004,0.21989250172955138,0,0,0,0,0,0,0,0,0,0,0,0,0.768892,215.7904680798054,45,170.7904680798054,606.9107219684124,65,541.9107219684124,1186.8475744389298,85,1101.8475744389298
148.14,1786.75,85.1925,0.0,220.5,81.2425,80.95,0.2925,0.0,708.25,124.85,5.333333333,0.0,5.333333333,0.0,35.66666667,0.666666667,190.3333333,1.0,128.6666667,0.0,145.6666667,0.333333333,0.666666667,1.666666667,1.38,81.0,0.0,142.9266667,0.01,160.9733333,14.66666667,1.54,14.66666667,11.53666667,158.6666667,0.333333333,205.26,0.01,114.0,0.0,98.64,0.0,10.66666667,191.3333333,146.0,0.0,5.0,12,1061809,2,2,Y,BA,N,6664,12598.0,1071.34,991.36,12572.0,6645,90.12,1142.91,604.09,1551,808,106,1495.0,777.0,113.0,T,CENTRAL/SOUTH TEXAS AREA,N,N,129.9899902,4.0,3.0,WCMB,1.0,0.0,,5.0,S,S,2.0,M,1.0,3.0,C,A,0.0,G,U,U,U,U,U,Y,62.0,<180,1,0.08286393511397007,0.9425704092583462,0.0,8.000000004,20.72976187023233,1777.6799999999998,0.38325379058080955,0,0,1,0,0,0,0,0,0,0,0,0,0.75845987,215.72782954788204,45,170.72782954788204,606.7345647525786,65,541.7345647525786,1186.5030625133513,85,1101.5030625133513
315.0,2706.0,139.6175,0.495,676.75,133.5625,133.5625,0.0,0.5175,280.0,-30.86,19.66666667,0.0,1.0,0.0,29.0,0.0,413.6666667,0.0,285.0,0.0,370.3333333,0.0,0.333333333,5.333333333,5.083333333,207.0,2.0,1295.086667,0.0,569.58,105.3333333,185.33,15.33333333,52.90333333,491.0,0.0,1736.383333,0.0,39.33333333,0.0,128.28,0.0,20.66666667,413.6666667,370.3333333,0.0,1.0,32,1009002,2,2,N,A,N,14285,55120.0,8684.16,8509.87,54534.0,14120,283.66,1817.8,470.67,2613,644,325,2934.0,734.0,430.0,U,CALIFORNIA NORTH AREA,Y,N,29.98999023,2.0,1.0,WC,0.0,0.0,,,,U,1.0,M,,,A,,0.0,U,U,U,U,U,U,N,431.0,365-730,1,0.11636497968230514,0.9498284352943268,0.00019117103804950128,10.666666656,19.243692996959837,10080.0,0.4379891139939095,0,0,1,1,1,0,0,1,1,0,1,0,0.35530514,214.88855481147766,45,169.88855481147766,604.3740463256836,65,539.3740463256836,1181.8870514631271,85,1096.8870514631271
136.7875,429.25,39.505,0.0,33.5,11.725,11.725,0.0,82.3075,-313.25,-56.7675,5.333333333,0.0,0.333333333,0.0,10.0,0.0,44.33333333,0.0,10.0,0.0,30.0,0.0,0.0,0.0,0.0,3.666666667,0.333333333,105.2333333,0.0,23.33666667,8.666666667,23.26,0.333333333,1.216666667,22.0,0.0,69.12333333,0.0,14.33333333,0.0,59.44666667,0.0,5.666666667,44.33333333,30.0,0.0,0.0,21,1031527,1,1,Y,AA,N,1017,3970.0,1124.5,1073.39,3866.0,995,82.57,297.38,76.54,534,114,156,485.0,117.0,142.0,T,NORTHWEST/ROCKY MOUNTAIN AREA,Y,N,59.98999023,2.0,2.0,WCMB,0.0,0.0,O,9.0,S,M,1.0,M,8.0,2.0,C,A,0.0,N,U,U,U,U,U,Y,169.0,<180,1,0.31792562463683904,0.289470435748673,0.19130156885531668,0.0,10.597457104061226,2872.5375,0.7755121577637373,0,0,0,0,0,0,0,0,0,0,0,1,0.8159964,214.30677396535873,45,169.30677396535873,602.7377936244011,65,537.7377936244011,1178.687256809473,85,1093.687256809473
176.5275,986.75,49.9925,3.96,340.0,124.3,124.3,0.0,0.345,985.25,236.4825,2.333333333,0.0,1.0,0.0,28.66666667,0.0,139.3333333,0.0,24.33333333,0.0,108.0,0.0,0.0,0.0,0.0,5.666666667,0.0,340.0066667,0.0,140.2933333,22.33333333,23.17666667,5.666666667,34.61666667,92.33333333,0.0,378.4,0.0,39.33333333,0.0,101.8966667,0.0,3.333333333,139.3333333,108.0,0.0,0.666666667,33,1011808,1,1,N,D,N,8360,36011.0,5165.15,4873.44,34882.0,8062,168.05,1202.83,278.0,658,170,98,604.0,158.0,84.0,T,DC/MARYLAND/VIRGINIA AREA,Y,R,9.989997864,3.0,2.0,WC,0.0,0.0,,6.0,S,A,2.0,M,4.0,,B,A,0.0,N,U,U,U,U,U,Y,202.0,180-365,1,0.17871678056188306,2.4376133745158604,0.00034927866362946086,0.0,19.35088493405893,5825.4075,0.2908994965557568,0,0,1,0,0,0,0,0,1,0,0,0,0.63214535,214.25477839136124,45,169.25477839136124,602.5916168349981,65,537.5916168349981,1178.401281152487,85,1093.401281152487
186.48,1590.0,126.28,12.375,219.0,54.75,54.75,0.0,0.0,224.0,57.43,20.33333333,0.0,17.0,0.0,25.33333333,0.0,315.3333333,0.0,130.6666667,0.0,258.3333333,0.0,0.666666667,0.666666667,0.2,48.33333333,0.0,712.0766667,0.0,409.2433333,76.33333333,98.27666667,22.33333333,100.61,257.0,0.0,772.9866667,0.0,123.3333333,0.0,348.33,0.0,37.33333333,315.3333333,258.3333333,0.0,12.33333333,11,1068287,1,1,U,EA,Y,3671,13318.0,1389.63,1309.65,13315.0,3668,130.97,1331.5,366.8,1515,408,167,1474.0,413.0,155.0,S,SOUTH FLORIDA AREA,Y,N,129.9899902,1.0,1.0,WCMB,0.0,0.0,O,3.0,M,U,2.0,M,7.0,1.0,C,J,0.0,N,U,U,U,U,U,Y,331.0,180-365,0,0.11720930232558138,0.43015399120050285,0.0,7.333333337,12.492143306096795,2051.2799999999997,0.4769125085109581,0,0,0,0,0,0,0,0,0,0,0,0,0.59804493,214.12496784210202,45,169.12496784210202,602.2264553833007,65,537.2264553833007,1177.6873231315612,85,1092.6873231315612
156.76,1347.5,29.9925,0.0,233.5,81.725,81.725,0.0,0.2925,-637.5,-156.76,14.66666667,0.0,4.333333333,0.0,50.33333333,0.0,237.3333333,0.0,83.66666667,0.0,174.0,0.0,5.333333333,25.33333333,22.03666667,34.33333333,0.0,586.4133333,0.0,230.2166667,52.66666667,38.03333333,17.33333333,30.73333333,104.0,0.0,156.97,0.0,147.0,0.0,659.6666667,0.0,19.0,237.3333333,174.0,0.0,7.0,14,1061612,1,1,U,BA,N,3440,13067.0,1500.58,1440.6,13056.0,3433,110.82,1004.31,264.08,1560,324,209,1359.0,351.0,175.0,T,CHICAGO AREA,Y,N,149.9899902,2.0,1.0,WCMB,0.0,0.0,O,2.0,S,M,3.0,M,7.0,2.0,C,A,0.0,N,U,U,U,Y,U,Y,419.0,365-730,1,0.11624768261030774,2.636928289102202,0.00021690767519466072,74.666666662,43.47826086956522,2194.64,0.11147946872988167,0,0,0,0,0,0,0,0,0,0,0,1,0.7106262,213.88368868255617,45,168.88368868255617,601.5479024505615,65,536.5479024505615,1176.360287754059,85,1091.360287754059
258.7275,2924.75,109.99,3.465,420.5,147.175,147.175,0.0,0.0975,68.25,21.3925,11.66666667,0.0,30.33333333,0.0,117.0,0.0,944.6666667,1.0,238.6666667,0.0,792.3333333,1.0,9.333333333,24.33333333,19.13666667,108.3333333,3.0,1244.816667,8.846666667,784.36,118.3333333,113.0666667,48.33333333,101.43,544.3333333,0.333333333,1088.98,1.76,480.0,0.666666667,940.19,7.086666667,42.0,945.6666667,793.3333333,0.0,35.66666667,10,1093822,1,1,U,EA,Y,8877,22657.0,2361.89,2278.19,22656.0,8876,253.13,2517.33,986.22,2902,1122,252,2504.0,946.0,211.0,C,DALLAS AREA,U,N,,2.0,2.0,UNKW,0.0,0.0,,0.0,M,U,1.0,M,4.0,1.0,A,J,0.0,N,U,U,U,U,U,N,12.0,<180,1,0.0884311714944886,1.3260203621947926,3.332478851576519e-05,93.33333333,26.351473105685198,2587.275,0.08576804736716523,0,0,1,0,0,0,0,0,0,0,0,0,0.43003285,213.62174705386167,45,168.62174705386167,600.8111558783055,65,535.8111558783055,1174.9196087962391,85,1089.9196087962391
176.775,583.75,58.74,2.7225,243.75,85.3125,85.3125,0.0,0.0,-470.75,-126.785,1.0,0.0,0.0,0.0,7.0,0.0,22.0,0.0,21.0,0.0,14.33333333,0.0,0.0,0.0,0.0,13.0,0.0,17.06333333,0.0,22.04666667,8.666666667,11.75,1.666666667,6.32,16.66666667,0.0,26.84666667,0.0,9.333333333,0.0,12.26333333,0.0,1.0,22.0,14.33333333,0.0,0.0,10,1072973,2,2,U,BA,N,2690,6646.0,1582.25,1410.02,5954.0,2363,176.25,744.25,295.38,741,279,219,748.0,280.0,182.0,U,NEW YORK CITY AREA,Y,N,149.9899902,1.0,1.0,WCMB,0.0,0.0,O,4.0,S,S,1.0,M,9.0,1.0,C,A,0.0,J,U,U,U,U,U,Y,302.0,180-365,0,0.30230867892261654,1.4280632741881485,0.0,0.0,9.771509876129896,1767.75,0.41185088157735994,0,0,0,0,0,0,0,0,0,0,0,0,0.6286235,213.35985010385517,45,168.35985010385517,600.0745836853981,65,535.0745836853981,1173.4791755712035,85,1088.4791755712035
302.7625,2478.75,85.3125,1.2375,571.5,220.6325,220.4375,0.195,0.0,1164.25,419.0075,12.0,0.0,0.0,0.0,1.666666667,0.0,322.0,0.666666667,168.0,0.0,313.3333333,0.666666667,2.0,10.66666667,9.723333333,63.33333333,1.333333333,969.2066667,0.466666667,692.04,80.66666667,240.2866667,21.33333333,75.93666667,172.3333333,0.0,530.7866667,0.0,303.6666667,0.666666667,1130.456667,0.466666667,12.0,322.6666667,314.0,0.0,0.0,27,1011761,1,1,N,B,N,7948,32549.0,4678.38,4611.54,32493.0,7920,177.37,1249.73,304.62,2091,473,163,1858.0,383.0,156.0,U,NEW YORK CITY AREA,Y,N,129.9899902,2.0,2.0,WCMB,0.0,0.0,,,,U,,,,,,,0.0,U,U,U,U,U,U,N,227.0,180-365,1,0.12209396108478676,2.5562056480811006,0.0,54.0,28.718320057929038,8174.5875,0.1799789394666055,0,0,1,1,1,1,1,1,1,1,1,0,0.36694354,213.3057551854849,45,168.3057551854849,599.9224229246378,65,534.9224229246378,1173.181653520167,85,1088.181653520167
226.795,1945.75,104.99,6.93,508.75,127.1875,126.75,0.4375,0.1875,744.25,190.565,34.33333333,0.0,4.666666667,0.0,61.66666667,0.0,591.0,4.333333333,58.0,0.0,494.6666667,4.333333333,0.0,0.0,0.0,27.66666667,0.0,1126.273333,6.526666667,178.6733333,59.66666667,62.17666667,6.333333333,32.58,471.6666667,4.0,1163.363333,6.22,64.66666667,0.333333333,141.5833333,0.306666667,39.0,595.3333333,499.0,0.0,7.333333333,13,1056490,2,2,Y,AA,N,5206,17275.0,1848.26,1738.28,17263.0,5202,144.86,1438.58,433.5,1698,496,163,1731.0,513.0,176.0,S,PHILADELPHIA AREA,Y,N,199.9899902,1.0,1.0,WCMB,0.0,0.0,O,4.0,S,M,2.0,M,9.0,,C,A,0.0,N,Y,Y,U,U,U,Y,401.0,365-730,0,0.11649929369461923,1.1999952825738278,9.631437010401952e-05,0.0,18.35786394942919,2948.335,0.4545464292223735,0,0,0,0,0,0,0,0,1,0,0,0,0.48970515,213.2403469338417,45,168.2403469338417,599.7384554743767,65,534.7384554743767,1172.8219081361294,85,1087.8219081361294
151.3925,2260.5,59.99,7.6725,298.25,89.475,89.475,0.0,2.68,493.5,142.9275,29.66666667,0.0,1.666666667,0.0,160.6666667,0.0,504.6666667,0.0,116.3333333,0.0,319.0,0.0,20.0,38.66666667,26.48666667,72.33333333,2.333333333,1038.453333,0.0,498.5133333,62.33333333,94.14666667,20.66666667,236.15,151.0,0.0,466.0633333,0.0,234.3333333,0.0,1070.9,0.0,31.33333333,504.6666667,319.0,0.0,4.333333333,7,1091369,2,1,U,EA,Y,1854,11669.0,843.95,793.06,11504.0,1845,132.18,1917.33,307.5,2096,367,104,1917.0,308.0,132.0,S,GREAT LAKES AREA,Y,N,199.9899902,1.0,1.0,WCMB,0.0,0.0,,,,U,,,,,,,0.0,N,U,U,U,U,U,N,204.0,180-365,0,0.06694340039796595,1.4670437776684702,0.0011850541675878842,140.0,37.063453025086076,1059.7475000000002,0.044509638646539174,0,0,1,1,1,1,1,1,1,1,1,1,0.733546,213.22246199226385,45,168.22246199226385,599.6882104480267,65,534.6882104480267,1172.7235409574512,85,1087.7235409574512
150.405,857.0,52.49,0.0,277.5,97.125,97.125,0.0,6.1225,167.0,41.495,1.333333333,0.0,1.0,0.0,9.666666667,0.0,92.66666667,0.0,30.66666667,0.0,80.66666667,0.0,0.0,0.0,0.0,10.33333333,0.0,560.3766667,0.0,161.9133333,9.0,6.14,1.0,2.806666667,71.66666667,0.0,421.96,0.0,37.0,0.0,300.33,0.0,2.333333333,92.66666667,80.66666667,0.0,0.0,14,1072814,2,2,U,BA,N,1172,7672.0,1413.81,1353.83,7672.0,1172,104.14,590.15,90.15,801,110,137,679.0,107.0,105.0,R,CHICAGO AREA,Y,N,59.98999023,1.0,1.0,WCMB,1.0,0.0,O,4.0,S,M,2.0,M,5.0,1.0,C,A,0.0,U,U,U,U,Y,Y,Y,409.0,365-730,0,0.1752972027972028,1.8157599551318002,0.007135780885780886,0.0,16.02168629650402,2105.67,0.3551439099691266,0,0,0,0,0,0,0,0,0,0,0,0,0.7374012,212.94493366527558,45,167.94493366527558,598.9076707577706,65,533.9076707577706,1171.1971351590157,85,1086.1971351590157
151.9866667,886.3333333,33.32666667,1.32,377.6666667,113.3,113.3,0.0,1.6,,,10.33333333,0.0,0.0,0.0,34.0,0.0,189.6666667,0.0,131.0,0.0,149.6666667,0.0,0.333333333,7.666666667,7.366666667,75.33333333,0.0,413.38,0.0,254.0966667,32.66666667,31.00333333,1.333333333,1.3,154.3333333,0.0,450.74,0.0,92.0,0.0,216.7366667,0.0,10.33333333,189.6666667,149.6666667,0.0,0.0,12,1054388,1,1,U,BA,N,2615,8086.0,1247.54,1187.55,8071.0,2608,107.96,733.73,237.09,886,264,152,691.0,218.0,104.0,U,CALIFORNIA NORTH AREA,Y,N,199.9899902,1.0,1.0,WCMB,0.0,0.0,,,,U,,,,,,,0.0,S,U,U,U,U,U,N,354.0,180-365,0,0.17128474835354188,3.3006409008253406,0.0018031555222315235,3.999999996,25.820547675682604,1823.8400004,0.21579748819071468,0,0,1,1,1,1,1,1,1,1,1,1,0.7296068,212.90978433065075,45,167.90978433065075,598.8087774890664,65,533.8087774890664,1171.0038138185791,85,1086.0038138185791
208.2475,1271.75,50.0,0.2475,632.0,158.0,158.0,0.0,0.0,409.25,87.7525,24.0,0.0,1.333333333,0.0,59.33333333,0.0,431.6666667,0.0,246.6666667,0.0,352.3333333,0.0,0.333333333,0.333333333,0.116666667,184.0,0.333333333,762.8466667,0.0,194.7466667,116.0,88.33666667,26.33333333,30.24333333,339.0,0.0,623.27,0.0,192.0,0.0,334.3233333,0.0,25.33333333,431.6666667,352.3333333,0.0,0.333333333,35,1007382,2,1,U,A,N,8640,16312.0,2112.1,2024.42,16097.0,8563,88.02,699.87,372.3,1135,557,179,935.0,498.0,145.0,U,NEW YORK CITY AREA,Y,R,99.98999023,4.0,4.0,WCMB,0.0,0.0,,3.0,M,A,2.0,M,4.0,2.0,C,D,0.0,H,Y,Y,U,U,U,Y,134.0,<180,1,0.16362011392653703,3.0980392156862746,0.0,11.666666655,24.936274509803923,7288.6625,0.22566371683113398,0,0,1,0,0,0,0,0,0,0,0,1,0.5322474,212.81125527477266,45,167.81125527477266,598.5316306352615,65,533.5316306352615,1170.4619040112498,85,1085.4619040112498
182.865,1489.0,63.0575,5.6925,480.0,120.035,119.9375,0.0975,1.28,-1489.0,-185.605,18.66666667,0.0,1.0,0.0,128.6666667,0.0,423.0,0.0,176.3333333,0.0,279.0,0.0,0.333333333,0.333333333,0.026666667,93.33333333,2.0,654.29,0.0,778.77,19.66666667,24.58666667,7.0,12.98,215.3333333,0.0,789.9466667,0.0,210.3333333,0.0,643.1166667,0.0,19.66666667,423.0,279.0,0.0,9.0,14,1052768,1,1,N,EA,N,5006,15290.0,1746.03,1686.05,15252.0,4990,129.7,1173.23,383.85,1985,494,245,1477.0,403.0,164.0,C,GREAT LAKES AREA,N,N,,3.0,3.0,WC,0.0,0.0,,,,U,,,,,,,0.0,S,U,U,U,U,U,N,356.0,180-365,1,0.12272818791946309,1.8738633259181203,0.0008590604026845638,4.666666662,23.24474105296023,2560.11,0.31179877829422803,0,0,1,1,1,1,1,1,1,1,1,0,0.606104,212.8036119832993,45,167.8036119832993,598.5101696026326,65,533.5101696026326,1170.4198659081462,85,1085.4198659081462
169.1775,1062.5,40.0,0.99,391.5,137.025,137.025,0.0,1.05,251.5,96.1225,4.0,0.0,6.0,0.0,45.33333333,0.0,215.3333333,0.0,95.66666667,0.0,161.6666667,0.0,1.0,4.333333333,3.823333333,30.66666667,0.333333333,346.0533333,0.0,391.3533333,31.0,27.20666667,15.0,36.83666667,110.6666667,0.0,398.32,0.0,142.0,0.0,339.0933333,0.0,10.0,215.3333333,161.6666667,0.0,6.0,16,1054130,1,1,U,BA,N,2804,7537.0,972.05,912.06,7529.0,2801,60.8,501.93,186.73,979,271,137,681.0,216.0,87.0,S,HOUSTON AREA,Y,N,149.9899902,1.0,1.0,WCMB,0.0,0.0,O,,M,U,1.0,M,4.0,2.0,C,,0.0,N,U,U,U,U,U,Y,464.0,365-730,0,0.15907616361071933,3.3420731707317075,0.0009873060648801129,16.0,25.914634146341463,2706.84,0.1871932427805045,0,0,0,1,0,0,0,0,0,0,1,1,0.6549961,212.75636916017535,45,167.75636916017535,598.3772983467579,65,533.3772983467579,1170.1600303809644,85,1085.1600303809644
251.3975,1465.75,46.2825,4.2075,681.75,204.885,203.325,1.56,3.5225,-1447.75,-276.2375,14.33333333,0.0,7.333333333,0.0,125.3333333,0.0,469.3333333,1.666666667,166.0,0.0,325.3333333,1.666666667,0.333333333,0.333333333,0.016666667,125.6666667,2.333333333,1160.906667,4.573333333,261.1433333,18.66666667,28.63333333,5.0,13.46,225.6666667,0.333333333,744.1433333,0.116666667,172.3333333,1.333333333,677.9033333,4.456666667,21.66666667,471.0,327.0,0.0,0.333333333,35,1006904,2,2,U,A,N,3857,16055.0,3321.34,3272.35,15936.0,3838,96.25,468.71,112.88,1948,448,343,1071.0,253.0,203.0,S,OHIO AREA,Y,N,149.9899902,6.0,4.0,WCMB,0.0,0.0,O,3.0,S,A,2.0,M,9.0,,C,A,0.0,N,U,U,U,U,U,Y,29.0,<180,1,0.171397647860917,4.33320996140221,0.0024015680927220043,11.666666655,30.9998413789457,8798.9125,0.176474430361781,0,0,0,0,0,0,0,0,1,0,0,0,0.44069624,212.71669027614595,45,167.71669027614595,598.2656614327431,65,533.2656614327431,1169.9417965188027,85,1084.9417965188027
207.7825,751.5,74.99,15.5925,32.0,8.07,7.875,0.195,39.135,758.5,-3.1825,8.333333333,0.0,7.0,0.0,20.0,0.0,208.0,0.666666667,25.0,0.0,173.0,0.666666667,6.666666667,16.33333333,12.27666667,14.0,0.0,221.7033333,0.25,27.03333333,59.66666667,47.99,0.0,0.0,82.66666667,0.333333333,133.7566667,0.1,114.3333333,0.333333333,114.98,0.15,15.33333333,208.6666667,173.6666667,0.0,0.0,15,1069730,2,1,U,A,N,3823,8136.0,1613.87,1477.74,7607.0,3606,113.67,585.15,277.38,499,231,209,633.0,290.0,150.0,S,HOUSTON AREA,Y,R,129.9899902,2.0,2.0,WCMB,1.0,1.0,O,5.0,M,A,2.0,M,6.0,1.0,I,A,0.0,S,U,U,U,U,U,Y,35.0,<180,1,0.27612292358803986,0.10619818397157522,0.05200664451827242,100.000000005,9.889459139360444,3116.7375,0.12865269359147602,0,0,0,0,0,0,0,0,0,0,0,0,0.533114,212.6817890021801,45,167.6817890021801,598.1675129914283,65,533.1675129914283,1169.7498395119906,85,1084.7498395119906
162.51,924.0,49.7875,0.0,287.0,114.8,114.8,0.0,0.0,-748.0,-115.02,26.33333333,0.0,2.666666667,0.0,82.33333333,0.0,348.6666667,0.0,140.6666667,0.0,245.6666667,0.0,0.0,0.0,0.0,69.0,0.0,499.7866667,0.0,375.85,64.0,97.02333333,4.333333333,15.54,251.3333333,0.0,703.1033333,0.0,94.33333333,0.0,172.5333333,0.0,29.0,348.6666667,245.6666667,0.0,8.0,25,1023721,1,1,U,AA,N,8161,26912.0,2606.19,2578.86,26891.0,8151,128.94,1344.55,407.55,1173,355,201,1194.0,389.0,145.0,S,NEW ENGLAND AREA,N,N,129.9899902,4.0,2.0,WCMB,0.0,0.0,O,2.0,S,M,2.0,M,6.0,1.0,C,A,0.0,I,U,U,U,U,U,Y,412.0,365-730,1,0.17568648648648647,2.260398720157519,0.0,0.0,18.193453113462958,4062.75,0.30671095342341664,0,0,0,0,0,0,0,0,0,0,0,1,0.6803823,212.29235687828066,45,167.29235687828066,597.0722440338135,65,532.0722440338135,1167.6079628305436,85,1082.6079628305436
166.0225,850.5,57.61,0.0,276.5,110.6,110.6,0.0,0.0,2057.5,292.6275,17.33333333,0.0,3.333333333,0.0,41.33333333,0.0,184.3333333,0.0,36.66666667,0.0,124.3333333,0.0,0.0,0.0,0.0,19.33333333,0.0,222.3266667,0.0,63.84666667,54.0,74.02333333,16.0,40.65,80.66666667,0.0,128.53,0.0,70.33333333,0.0,157.6433333,0.0,20.66666667,184.3333333,124.3333333,0.0,3.666666667,20,1034113,1,1,U,BA,N,1746,3282.0,855.86,820.48,3277.0,1742,54.7,218.47,116.13,165,74,68,214.0,101.0,58.0,U,PHILADELPHIA AREA,N,N,29.98999023,2.0,1.0,,,,,,,,,,,,,,,,,,,,,,104.0,<180,1,0.19497651203758076,1.8870499914690324,0.0,0.0,14.511175567309333,3320.4500000000003,0.3463743277584067,0,1,1,1,1,1,1,1,1,1,1,1,0.6651471,212.02443576550488,45,167.02443576550488,596.3187404340506,65,531.3187404340506,1166.1343967102769,85,1081.1343967102769
220.525,2324.5,76.8525,4.2075,289.0,115.5925,115.3,0.2925,0.0,762.5,197.565,88.33333333,0.0,16.33333333,0.0,135.6666667,0.0,879.6666667,0.0,480.3333333,0.0,666.0,0.0,7.666666667,33.66666667,28.82,322.0,0.0,961.7633333,0.0,528.0866667,399.0,455.6133333,196.6666667,359.78,507.0,0.0,821.89,0.0,432.3333333,0.0,667.96,0.0,104.6666667,879.6666667,666.0,0.0,1.333333333,35,1099582,1,1,U,D4,Y,9689,26285.0,3409.63,3035.75,24024.0,8879,275.98,2184.0,807.18,2070,848,155,1587.0,625.0,164.0,U,LOS ANGELES AREA,N,N,129.9899902,6.0,4.0,WCMB,0.0,0.0,,,,U,,,,,,,0.0,N,U,U,U,U,U,N,259.0,180-365,1,0.09482906901741561,1.4847628528306733,0.0,268.333333345,29.85774381041071,7718.375,0.0985082936394834,0,0,1,1,1,1,1,1,1,1,1,1,0.5006808,211.99225796699525,45,166.99225796699525,596.2281992435455,65,531.2281992435455,1165.957418818474,85,1080.957418818474
176.0475,1347.25,42.735,6.6825,318.25,96.875,95.25,0.225,7.69,1201.75,217.3425,11.0,0.0,9.0,0.0,26.0,0.0,190.0,3.333333333,101.0,10.66666667,148.0,3.333333333,2.666666667,4.0,3.053333333,44.0,0.666666667,321.7433333,11.93333333,269.3833333,44.33333333,50.02666667,11.0,23.61333333,137.6666667,1.0,249.5733333,3.513333333,104.0,2.333333333,341.5533333,8.42,20.0,193.3333333,151.3333333,0.0,3.0,13,1082339,1,1,U,AA,N,4549,15371.0,2044.27,1934.53,14759.0,4411,175.87,1341.73,401.0,947,354,104,1313.0,414.0,158.0,S,OHIO AREA,Y,N,199.9899902,2.0,2.0,WCMB,0.0,0.0,,2.0,S,S,1.0,M,1.0,,B,A,0.0,B,U,U,U,U,U,N,157.0,<180,1,0.13057481921008715,2.2150451583400024,0.005703689968477656,34.666666671,30.804847376243284,2288.6175000000003,0.1700185302672821,0,0,1,0,0,0,0,0,1,0,0,1,0.6271664,211.98927765655523,45,166.98927765655523,596.2198434090615,65,531.2198434090615,1165.9410271110537,85,1080.9410271110537
179.055,951.25,69.99,3.2175,385.25,115.6875,115.2,0.4875,0.16,199.75,33.665,6.666666667,0.0,1.666666667,0.0,87.33333333,0.0,341.3333333,1.0,73.66666667,0.0,246.3333333,1.0,0.0,0.0,0.0,34.0,0.0,526.4733333,0.8,187.74,73.33333333,121.46,23.0,53.99666667,260.3333333,0.0,606.6633333,0.0,45.0,1.0,107.5466667,0.8,8.333333333,342.3333333,247.3333333,0.0,2.666666667,15,1056901,2,2,U,AA,N,3111,8463.0,1755.01,1675.03,8454.0,3107,119.65,603.86,221.93,885,296,168,795.0,276.0,159.0,T,GREAT LAKES AREA,Y,N,59.98999023,1.0,1.0,WCMB,1.0,0.0,O,2.0,S,M,2.0,M,6.0,2.0,I,A,0.0,S,Y,Y,U,U,U,Y,444.0,365-730,0,0.18803360462063534,1.629630933934357,0.00016802310317668679,0.0,13.39977461614312,2685.8250000000003,0.38028150152000106,0,0,0,0,0,0,0,0,0,0,0,1,0.61629444,211.87315507221226,45,166.87315507221226,595.8932593131066,65,530.8932593131066,1165.3023528971673,85,1080.3023528971673
181.2625,2008.5,72.365,4.455,231.75,86.2,86.2,0.0,23.2425,-353.5,71.5875,27.33333333,0.0,17.33333333,0.0,205.0,0.0,596.0,0.0,240.6666667,0.0,359.0,0.0,0.333333333,1.0,0.926666667,109.3333333,0.666666667,727.3266667,0.0,485.0766667,186.0,340.8133333,158.6666667,339.41,293.0,0.0,651.3,0.0,270.6666667,0.0,561.1033333,0.0,44.66666667,596.0,359.0,0.0,17.66666667,15,1059986,1,1,Y,BA,N,4586,12030.0,1492.85,1422.87,12030.0,4586,177.86,1503.75,573.25,2126,767,157,1829.0,701.0,193.0,S,ATLANTIC SOUTH AREA,Y,N,79.98999023,2.0,2.0,WCMB,0.0,0.0,,,,U,,,,,,,0.0,G,U,U,U,U,U,N,243.0,180-365,1,0.09020278676287634,1.1749471818987256,0.011566310027369993,4.9999999950000005,27.376814557350237,2718.9375,0.3986794914126166,0,0,1,1,1,1,1,1,1,1,1,1,0.60618556,210.9671355819702,45,165.9671355819702,593.3450688242912,65,528.3450688242912,1160.3192457008363,85,1075.3192457008363
143.125,2954.75,10.0,0.0,532.5,133.125,133.125,0.0,0.0,1802.25,340.875,18.0,0.0,34.33333333,0.0,131.6666667,0.0,595.0,0.0,89.33333333,0.0,412.3333333,0.0,8.333333333,32.66666667,26.79333333,50.33333333,0.0,1892.636667,0.0,310.7433333,23.33333333,33.73333333,5.333333333,33.71666667,232.6666667,0.0,1025.056667,0.0,261.6666667,0.0,1178.316667,0.0,52.33333333,595.0,412.3333333,0.0,6.333333333,8,1086821,2,2,U,AA,N,3055,15429.0,430.38,365.21,15407.0,3042,52.17,2201.0,434.57,2354,422,30,2241.0,433.0,47.0,S,ATLANTIC SOUTH AREA,Y,N,129.9899902,2.0,2.0,WCMB,0.0,0.0,,,,U,,,,,,,0.0,O,U,U,U,U,U,N,77.0,<180,1,0.04842256618455553,12.102272727272727,0.0,66.666666664,268.6136363636364,1145.0,0.0466513518296705,0,0,1,1,1,1,1,1,1,1,1,1,0.7668597,210.73305928707123,45,165.73305928707123,592.6867377758026,65,527.6867377758026,1159.0318260788918,85,1074.0318260788918
144.2375,592.5,53.9825,4.455,271.5,82.55,82.55,0.0,0.0,827.5,183.9225,0.0,0.0,0.0,0.0,0.0,0.0,20.33333333,0.0,2.666666667,0.0,20.33333333,0.0,0.0,0.0,0.0,2.0,0.0,94.61333333,0.0,16.13666667,2.666666667,1.453333333,0.0,0.0,18.66666667,0.0,82.27,0.0,4.333333333,0.0,28.48,0.0,0.0,20.33333333,20.33333333,0.0,0.0,50,1001154,1,1,N,A,N,15254,40141.06,6618.11,6472.79,39763.06,15120,134.85,828.4,315.0,317,61,83,241.0,49.0,69.0,T,NORTHWEST/ROCKY MOUNTAIN AREA,Y,R,29.98999023,5.0,3.0,WCMB,0.0,0.0,,,,U,,,,,,,0.0,N,U,U,U,U,U,N,518.0,365-730,1,0.24302864363942714,1.5013868048924657,0.0,0.0,10.776156049652162,7211.875000000001,0.3997782342355443,0,0,1,1,1,1,1,1,1,1,1,1,0.76093227,210.7295382142067,45,165.7295382142067,592.6768692135811,65,527.6768692135811,1159.012460178137,85,1074.012460178137
163.3325,520.25,29.99,0.99,291.75,131.2875,131.2875,0.0,1.065,-9.25,-14.5425,6.0,0.0,0.666666667,0.0,75.33333333,0.0,224.6666667,0.0,75.33333333,0.0,142.6666667,0.0,0.333333333,0.333333333,0.043333333,35.66666667,0.333333333,208.82,0.0,202.9333333,15.33333333,10.29333333,6.0,11.98666667,105.3333333,0.0,212.4433333,0.0,94.33333333,0.0,199.31,0.0,6.666666667,224.6666667,142.6666667,0.0,0.0,22,1035527,3,2,Y,AA,N,1901,3653.0,1241.69,1210.73,3653.0,1901,57.65,173.95,90.52,523,234,168,322.0,153.0,103.0,S,NEW YORK CITY AREA,Y,N,59.98999023,1.0,1.0,WCMB,0.0,0.0,,,,U,,,,,,,0.0,I,U,U,U,U,U,N,643.0,365-730,0,0.313347721822542,4.236447241045498,0.0020431654676258994,7.333333326,16.787673443046145,3593.315,0.1795402864988755,0,0,1,1,1,1,1,1,1,1,1,1,0.6716686,210.63418241548538,45,165.63418241548538,592.4086672496796,65,527.4086672496796,1158.4880032851697,85,1073.4880032851697
181.27,1093.75,49.99,4.7025,296.5,118.6,118.6,0.0,0.64,-177.75,-64.18,37.66666667,0.0,5.0,0.0,35.66666667,0.0,256.0,0.0,111.0,0.0,187.3333333,0.0,0.333333333,0.666666667,0.426666667,53.33333333,2.0,522.59,0.0,249.0966667,34.66666667,89.74,14.33333333,32.20666667,163.0,0.0,477.6866667,0.0,104.3333333,0.0,294.0033333,0.0,42.66666667,256.0,187.3333333,0.0,1.333333333,11,1091356,3,3,U,BA,N,2231,8494.0,1238.21,1110.95,7999.0,2090,123.44,888.78,232.22,1153,283,203,1004.0,250.0,152.0,S,DC/MARYLAND/VIRGINIA AREA,Y,N,129.9899902,1.0,1.0,WCMB,1.0,0.0,O,9.0,M,M,3.0,M,4.0,1.0,I,G,0.0,Z,U,U,U,U,U,Y,311.0,180-365,0,0.16558118291847454,2.3259462639733277,0.0005846083580726193,3.666666663,21.450284369484212,1993.97,0.2732778333820467,0,0,0,0,0,0,0,0,0,0,0,0,0.6050809,210.59139611816408,45,165.59139611816408,592.2883015823364,65,527.2883015823364,1158.2526786499025,85,1073.2526786499025
261.3775,2425.0,160.595,0.7425,170.5,42.55,42.55,0.0,61.07,-59.0,-107.1475,33.66666667,0.0,5.333333333,0.0,109.6666667,0.0,586.6666667,0.0,108.0,0.0,440.3333333,0.0,6.333333333,43.33333333,39.38666667,81.66666667,0.333333333,1273.456667,0.0,228.5366667,102.0,64.65,1.333333333,0.696666667,327.3333333,0.0,1051.403333,0.0,164.3333333,0.0,450.5866667,0.0,39.0,586.6666667,440.3333333,0.0,5.666666667,24,1016459,1,1,U,B,N,9683,39612.0,4896.01,4712.84,38463.0,9424,214.22,1748.32,428.36,2445,618,297,2335.0,536.0,252.0,C,LOS ANGELES AREA,Y,R,39.98999023,3.0,3.0,WCMB,0.0,0.0,O,2.0,M,M,4.0,M,3.0,1.0,,D,0.0,H,U,U,U,U,U,Y,128.0,<180,1,0.10774010717230008,0.26331260249388905,0.02517312448474856,151.999999992,15.006652433553018,6273.0599999999995,0.13163704199081985,0,0,0,0,0,0,0,0,0,1,0,0,0.41926953,210.40824438595774,45,165.40824438595774,591.7731639665366,65,526.7731639665366,1157.2453441227676,85,1072.2453441227676
142.52,1293.0,72.49,4.455,255.5,63.875,63.5625,0.3125,0.0,-1293.0,-42.54,16.66666667,0.333333333,0.666666667,0.0,76.33333333,0.0,486.3333333,2.0,235.3333333,0.0,396.6666667,1.666666667,0.666666667,4.333333333,4.103333333,150.6666667,3.333333333,738.7066667,1.816666667,328.02,53.66666667,90.44,2.0,4.88,427.0,0.666666667,910.12,1.166666667,97.33333333,1.0,156.6066667,0.65,17.66666667,488.3333333,398.3333333,0.0,11.66666667,16,1047171,1,1,Y,BA,N,10946,28394.0,4481.7,3853.49,28394.0,10946,256.9,1892.93,729.73,1724,666,157,1743.0,683.0,181.0,,SOUTHWEST AREA,Y,R,129.9899902,3.0,2.0,WCMB,0.0,0.0,,,,U,,,,,,,0.0,H,U,U,U,U,U,N,276.0,180-365,1,0.11013910355486864,0.8691658729078787,0.0,10.666666672,17.594230507552048,2280.32,0.39434780659306784,1,0,1,1,1,1,1,1,1,1,1,1,0.7680491,210.16774343872072,45,165.16774343872072,591.096812400818,65,526.096812400818,1155.922588912964,85,1070.922588912964
168.54,1311.75,34.98,2.2275,431.75,129.525,129.525,0.0,0.0,310.25,82.65,4.666666667,0.0,4.333333333,0.0,70.66666667,0.0,376.0,0.0,178.6666667,0.0,297.6666667,0.0,0.0,0.0,0.0,68.66666667,0.0,411.0166667,0.0,387.6366667,61.66666667,50.20666667,2.0,20.72,231.0,0.0,378.29,0.0,243.0,0.0,420.3633333,0.0,9.0,376.0,297.6666667,0.0,8.0,20,1025422,1,1,Y,DA,N,6496,11055.0,1094.67,1031.71,10731.0,6272,57.32,596.17,348.44,1208,626,141,966.0,534.0,98.0,S,TENNESSEE AREA,Y,N,79.98999023,1.0,1.0,WCMB,1.0,0.0,O,9.0,S,M,4.0,M,9.0,1.0,,A,0.0,N,Y,U,Y,Y,Y,Y,609.0,365-730,0,0.12838697390973147,3.5999166203446364,0.0,0.0,36.45775430794886,3370.7999999999997,0.21739524485665082,0,0,0,0,0,0,0,0,0,1,0,1,0.64795417,209.67590428733826,45,164.67590428733826,589.7134757852554,65,524.7134757852554,1153.2174735803605,85,1068.2174735803605
184.0525,2074.0,59.99,2.7225,319.25,127.7,127.7,0.0,0.39,765.0,4.9375,20.0,0.0,8.666666667,0.0,71.33333333,0.0,405.0,0.0,167.6666667,0.0,313.6666667,0.0,9.333333333,26.0,20.86666667,37.0,0.0,881.4233333,0.0,831.4,104.6666667,218.6166667,29.33333333,137.5266667,181.3333333,0.0,459.11,0.0,291.3333333,0.0,1253.713333,0.0,28.66666667,405.0,313.6666667,0.0,15.66666667,14,1055183,1,1,U,CA,Y,3187,13316.0,1506.54,1443.3,13310.0,3182,120.28,1109.17,265.17,1819,399,182,1722.0,385.0,151.0,,NORTH FLORIDA AREA,Y,R,129.9899902,2.0,2.0,WCMB,0.0,0.0,O,5.0,,U,1.0,M,5.0,2.0,C,,0.0,H,U,U,U,U,U,Y,107.0,<180,1,0.0887,2.0937858665354976,0.00018795180722891566,130.666666662,34.00557468437449,2576.735,0.0804691726170437,1,0,0,0,1,0,0,0,0,0,1,1,0.59261435,209.41853756022456,45,164.41853756022456,588.9896423733235,65,523.9896423733235,1151.8019565812351,85,1066.8019565812351
159.47,1525.25,92.3225,7.425,143.75,35.9375,35.9375,0.0,33.785,-460.25,-25.45,15.0,0.0,3.666666667,0.0,83.33333333,0.0,492.0,0.0,16.0,0.0,390.0,0.0,0.0,0.0,0.0,15.33333333,0.0,1053.743333,0.0,4.706666667,21.66666667,25.16333333,0.0,0.0,290.0,0.0,824.9933333,0.0,105.0,0.0,233.4566667,0.0,18.66666667,492.0,390.0,0.0,0.0,11,1078533,3,2,U,B,N,6701,22209.0,2754.61,2648.28,22209.0,6701,264.83,2220.9,670.1,1679,522,168,2037.0,629.0,237.0,C,LOS ANGELES AREA,Y,N,129.9899902,2.0,1.0,WCMB,0.0,0.0,O,5.0,S,B,1.0,M,4.0,2.0,C,A,0.0,D,U,U,U,U,U,Y,272.0,180-365,1,0.10448484848484849,0.38508934072704865,0.022135954135954133,0.0,16.343861341048513,1754.17,0.7219750889679716,0,0,0,0,0,0,0,0,0,0,0,1,0.68312764,209.1616608352661,45,164.1616608352661,588.2672091197968,65,523.2672091197968,1150.3891345939637,85,1065.3891345939637
147.08,863.0,69.99,0.2475,273.5,82.1175,81.825,0.2925,4.725,-111.0,8.16,9.0,0.0,0.666666667,0.0,4.333333333,0.0,285.3333333,1.0,202.6666667,0.0,274.6666667,1.0,0.0,0.0,0.0,124.6666667,0.0,300.33,0.306666667,237.8166667,64.33333333,45.16,44.66666667,62.71,298.3333333,0.666666667,361.5966667,0.216666667,173.6666667,0.333333333,176.55,0.09,9.666666667,286.3333333,275.6666667,0.0,2.0,12,1064969,3,2,N,CA,N,4595,8270.0,1475.21,1183.96,7885.0,4354,118.4,788.5,435.4,900,491,144,833.0,451.0,131.0,U,NEW YORK CITY AREA,Y,N,149.9899902,3.0,2.0,WCMB,0.0,0.0,O,2.0,M,U,3.0,M,5.0,1.0,I,N,0.0,U,U,U,U,U,U,Y,86.0,<180,1,0.17023148148148148,1.1567474292153825,0.00546875,0.0,12.15664178053247,1764.96,0.46366115311137596,0,0,0,0,0,0,0,0,0,0,0,1,0.74027854,209.049928100586,45,164.049928100586,587.952922782898,65,522.952922782898,1149.774604553223,85,1064.774604553223
206.0475,1570.5,52.61,7.425,396.5,146.0125,146.0125,0.0,0.0,635.5,82.4725,10.0,0.0,13.0,0.0,74.66666667,0.0,511.0,0.0,222.3333333,0.0,415.6666667,0.0,19.0,55.66666667,41.02333333,158.3333333,10.0,979.7533333,0.0,384.3566667,124.0,273.7133333,22.66666667,143.4433333,264.3333333,0.0,585.4666667,0.0,256.0,0.0,778.6433333,0.0,23.0,511.0,415.6666667,0.0,0.0,8,1086486,1,1,U,EA,Y,2227,6340.0,764.55,698.94,6324.0,2221,99.85,903.43,317.29,1359,430,179,940.0,325.0,110.0,U,DC/MARYLAND/VIRGINIA AREA,N,N,129.9899902,1.0,1.0,WCMB,0.0,0.0,,,,U,,,,,,,0.0,S,U,U,U,U,U,N,248.0,180-365,0,0.1311151765828826,2.7236056705838463,0.0,152.0,29.294907666480135,1648.38,0.044007100567429736,0,0,1,1,1,1,1,1,1,1,1,1,0.5282522,208.98249628973008,45,163.98249628973008,587.7632585334778,65,522.7632585334778,1149.4037295935154,85,1064.4037295935154
183.9275,1961.75,50.0,5.94,1212.25,121.225,121.225,0.0,0.0,907.25,87.5125,26.0,0.0,3.0,0.0,114.0,0.0,529.0,0.0,236.3333333,0.0,394.0,0.0,0.0,0.0,0.0,102.6666667,0.0,793.1033333,0.0,556.3266667,65.66666667,75.33333333,0.333333333,1.2,452.3333333,0.0,957.6133333,0.0,133.3333333,0.0,391.8166667,0.0,29.0,529.0,394.0,0.0,7.666666667,51,1000647,1,1,Y,B,N,23097,54985.03333,5039.67,4955.8,54656.03,22944,101.14,1115.43,468.24,1659,675,155,1490.0,616.0,135.0,,SOUTHWEST AREA,N,N,29.98999023,1.0,1.0,,0.0,0.0,O,7.0,,A,2.0,M,7.0,2.0,C,,0.0,H,U,U,U,U,U,Y,1527.0,730+,0,0.09370908164565024,2.3769607843137255,0.0,0.0,38.46568627450981,9380.3025,0.2961242560603861,1,1,0,0,1,0,0,0,0,0,1,1,0.59163606,208.93084615898135,45,163.93084615898135,587.618004822135,65,522.618004822135,1149.1196538743975,85,1064.1196538743975
165.9025,1383.0,75.0,9.9,280.25,70.0975,70.0,0.0975,0.0,-138.0,-58.6525,8.666666667,0.0,1.666666667,0.0,80.0,0.0,396.3333333,0.333333333,49.0,0.0,307.0,0.333333333,0.333333333,0.666666667,0.616666667,27.33333333,0.0,916.6833333,0.026666667,137.5333333,10.66666667,12.7,2.0,10.14,303.0,0.333333333,942.6733333,0.026666667,39.66666667,0.0,111.5433333,0.0,10.33333333,396.6666667,307.3333333,0.0,2.333333333,13,1049545,1,1,U,AA,N,3112,10925.0,1482.59,1407.6,10917.0,3108,117.3,909.75,259.0,1429,391,185,1246.0,331.0,154.0,S,LOS ANGELES AREA,Y,N,79.98999023,1.0,1.0,WCMB,0.0,0.0,O,3.0,S,M,2.0,M,9.0,2.0,C,A,0.0,F,U,U,U,U,U,Y,395.0,365-730,0,0.1198717485549133,0.9223355263157894,0.0,4.333333329,18.19736842105263,2156.7325,0.44332748393898974,0,0,0,0,0,0,0,0,0,0,0,0,0.653728,208.23382557010652,45,163.23382557010652,585.6576146388054,65,520.6576146388054,1145.2860406355858,85,1060.2860406355858
179.67,2883.5,49.585,0.0,288.0,115.135,112.6,2.535,10.95,914.5,191.38,56.0,0.0,6.666666667,0.0,167.3333333,0.0,667.3333333,3.666666667,392.6666667,0.0,453.0,3.666666667,1.0,4.666666667,3.933333333,261.0,0.333333333,1257.406667,4.633333333,480.7366667,171.0,392.7433333,97.0,200.7266667,247.6666667,0.333333333,536.6433333,0.316666667,408.3333333,3.333333333,1201.486667,4.316666667,62.66666667,671.0,456.6666667,0.0,10.33333333,12,1074104,2,2,U,BA,N,6172,20207.0,1809.82,1749.84,20203.0,6168,159.08,1836.64,560.73,2579,725,116,2260.0,666.0,166.0,C,GREAT LAKES AREA,Y,N,199.9899902,2.0,2.0,WCMB,0.0,0.0,R,2.0,S,S,1.0,M,1.0,,C,A,0.0,H,U,U,Y,U,U,Y,77.0,<180,1,0.062288091523660945,2.276069981219729,0.0037961518460738427,12.0,57.00306414945142,2156.04,0.23385959640322693,0,0,0,0,0,0,0,0,1,0,0,1,0.60227734,207.76543841171267,45,162.76543841171267,584.3403597879409,65,519.3403597879409,1142.7099112644196,85,1057.7099112644196
135.425,535.0,42.815,6.1875,223.0,81.3125,81.3125,0.0,5.11,324.0,62.145,4.333333333,0.0,1.333333333,0.0,20.66666667,0.0,134.0,0.0,54.0,0.0,108.3333333,0.0,0.666666667,2.0,1.61,23.33333333,0.333333333,255.7766667,0.0,232.5033333,26.66666667,45.49666667,2.0,13.01666667,102.6666667,0.0,353.1333333,0.0,45.0,0.0,135.1433333,0.0,5.666666667,134.0,108.3333333,0.0,0.0,22,1025601,1,1,Y,AA,N,1271,4184.0,1013.96,963.96,3973.0,1210,74.15,305.62,93.08,427,120,115,275.0,82.0,77.0,U,SOUTHWEST AREA,Y,N,149.9899902,1.0,1.0,WCMB,0.0,0.0,,2.0,S,B,1.0,M,6.0,,C,A,0.0,I,U,U,U,U,U,N,669.0,365-730,0,0.2526585820895523,1.8558142188748146,0.00953358208955224,14.666666674,12.210430217961886,2979.3500000000004,0.2838908236550014,0,0,1,0,0,0,0,0,1,0,0,1,0.79794925,207.47958111047748,45,162.47958111047748,583.5363178372384,65,518.5363178372384,1141.1376961076262,85,1056.1376961076262
193.6225,1506.75,74.575,3.2175,196.25,78.5,78.5,0.0,9.515,1187.25,156.8275,13.66666667,0.0,4.666666667,0.0,34.33333333,0.0,322.0,0.0,125.6666667,0.0,272.6666667,0.0,2.666666667,5.666666667,4.343333333,63.66666667,0.0,809.01,0.0,317.4133333,147.0,195.31,59.66666667,151.2133333,195.3333333,0.0,565.1266667,0.0,190.6666667,0.0,561.2933333,0.0,18.33333333,322.0,272.6666667,0.0,7.666666667,9,1089242,2,2,Y,AA,N,3363,11140.0,1311.98,1071.22,11140.0,3363,133.9,1392.5,420.38,1111,332,141,1256.0,391.0,129.0,U,NEW YORK CITY AREA,Y,N,129.9899902,2.0,2.0,WCMB,0.0,0.0,O,,M,U,1.0,M,6.0,2.0,C,,0.0,S,U,U,U,U,U,Y,266.0,180-365,1,0.128418172774001,1.038703274892491,0.006310727905819931,24.000000003,19.937148527952363,1742.6025,0.2125231410811882,0,0,0,1,0,0,0,0,0,0,1,0,0.5576688,207.31627818202975,45,162.31627818202975,583.0770554685593,65,518.0770554685593,1140.2395300011638,85,1055.2395300011638
163.85,510.75,24.9075,0.0,7.0,2.8,2.8,0.0,134.625,263.25,403.5,1.333333333,0.0,4.333333333,0.0,33.33333333,0.0,146.6666667,0.0,45.0,0.0,108.0,0.0,0.333333333,0.333333333,0.183333333,19.0,0.0,123.6366667,0.0,88.41333333,5.666666667,6.466666667,0.0,0.0,79.66666667,0.0,110.3033333,0.0,73.0,0.0,101.7466667,0.0,5.666666667,146.6666667,108.0,0.0,1.333333333,10,1060602,1,1,U,DA,Y,1694,4336.0,437.17,377.19,4319.0,1686,41.91,479.89,187.33,423,201,29,450.0,209.0,34.0,S,DALLAS AREA,Y,N,79.98999023,1.0,1.0,WCMB,1.0,0.0,O,5.0,S,A,4.0,M,5.0,2.0,,,0.0,H,U,U,U,U,U,Y,318.0,180-365,0,0.3201758671226185,0.10807681173405384,0.2630679042501221,3.3333333300000003,19.71436842613143,1638.5,0.6937650630900091,0,0,0,0,0,0,0,0,0,1,1,1,0.65839344,207.1252974033356,45,162.1252974033356,582.5399282455444,65,517.5399282455444,1139.1891357183458,85,1054.1891357183458
217.6,2316.75,74.9975,2.475,454.25,115.9425,109.3125,6.63,0.7375,-1040.75,-122.48,31.33333333,0.666666667,2.333333333,0.0,59.0,0.0,526.0,5.666666667,412.3333333,0.0,447.6666667,5.0,1.666666667,5.333333333,4.26,178.3333333,3.333333333,840.6333333,17.18,986.5933333,89.0,82.92666667,17.0,71.36,575.0,2.333333333,1317.206667,8.153333333,225.3333333,2.666666667,510.0266667,9.026666667,34.33333333,531.6666667,452.6666667,0.0,26.0,49,1097936,4,1,U,A,N,23189,53485.0,3784.75,3688.47,52647.0,22854,131.73,1880.25,816.21,2664,1118,258,2220.0,979.0,167.0,C,LOS ANGELES AREA,N,N,79.98999023,4.0,3.0,WC,0.0,0.0,O,14.0,S,M,4.0,M,6.0,2.0,C,A,0.0,I,U,U,U,U,U,Y,24.0,<180,1,0.09388415489159745,1.5256093950458895,0.00031819652680401255,81.666666683,30.484555413007005,10662.4,0.23853390979027891,0,0,0,0,0,0,0,0,0,0,0,0,0.49474907,206.70219482421876,45,161.70219482421876,581.3499877929687,65,516.3499877929687,1136.8620715332033,85,1051.8620715332033
187.72,2582.0,122.4925,4.2075,307.0,46.05,45.9,0.15,22.47,-523.0,-77.59,9.333333333,3.0,1.0,0.333333333,166.3333333,0.0,566.0,122.6666667,239.3333333,0.0,391.3333333,119.3333333,20.0,89.33333333,76.27,140.3333333,0.0,1003.433333,469.3933333,453.0433333,46.66666667,67.38333333,1.0,4.876666667,386.0,43.0,1040.056667,151.11,146.0,76.33333333,416.4166667,318.2833333,13.66666667,688.6666667,510.6666667,0.0,0.0,7,1095330,2,0,U,EA,Y,3855,13404.0,1432.12,1354.42,13192.0,3788,270.88,2638.4,757.6,2756,789,214,,,,U,GREAT LAKES AREA,Y,N,149.9899902,1.0,1.0,WCMB,0.0,0.0,,,,U,,,,,,,0.0,N,U,U,U,U,U,N,188.0,180-365,0,0.07267518389469609,0.3728971395023989,0.008699186991869919,140.0,20.908152316942324,1314.04,0.04678822873066435,0,0,1,1,1,1,1,1,1,1,1,0,0.573322,206.63808337402344,45,161.63808337402344,581.1696542453766,65,516.1696542453766,1136.509458557129,85,1051.509458557129
166.3825,1330.25,85.3925,3.7125,187.0,70.0,70.0,0.0,4.53,547.75,75.8375,29.0,0.0,5.333333333,0.0,70.33333333,0.0,389.3333333,0.0,210.6666667,0.0,296.3333333,0.0,4.333333333,9.666666667,7.1,90.66666667,0.0,537.1733333,0.0,399.57,71.66666667,61.91333333,15.33333333,28.84,374.6666667,0.0,756.9866667,0.0,108.0,0.0,179.7566667,0.0,34.33333333,389.3333333,296.3333333,0.0,10.33333333,15,1048961,1,1,U,G,N,3499,8677.0,1205.89,1125.91,8643.0,3481,80.42,617.36,248.64,1148,452,141,898.0,338.0,112.0,S,NORTHWEST/ROCKY MOUNTAIN AREA,Y,N,129.9899902,2.0,2.0,WCMB,1.0,1.0,O,1.0,S,A,3.0,M,9.0,1.0,,A,0.0,N,U,U,U,U,U,Y,101.0,<180,1,0.12498215962441314,0.8102555198657291,0.003402816901408451,64.999999995,15.39774864716266,2495.7374999999997,0.16277130907507614,0,0,0,0,0,0,0,0,0,1,0,1,0.6466528,206.57607520103454,45,161.57607520103454,580.9952511715888,65,515.9952511715888,1136.16841360569,85,1051.16841360569
309.9225,1617.75,299.99,6.6825,0.0,0.0,0.0,0.0,0.0,-47.75,2.2275,3.666666667,0.0,12.33333333,0.0,65.66666667,0.0,453.6666667,0.0,115.3333333,0.0,372.6666667,0.0,0.333333333,1.333333333,1.026666667,45.66666667,0.0,952.3166667,0.0,387.4933333,77.0,81.47,23.66666667,60.26333333,438.0,0.0,1208.033333,0.0,49.33333333,0.0,131.7766667,0.0,16.0,453.6666667,372.6666667,0.0,15.66666667,23,1027857,2,2,U,AA,N,14277,42146.0,7349.13,7236.48,42072.0,14253,328.93,1912.36,647.86,1634,456,309,1586.0,451.0,311.0,S,NORTH FLORIDA AREA,Y,N,79.98999023,2.0,2.0,WCMB,0.0,0.0,O,1.0,S,U,,M,,,,,0.0,U,U,U,U,U,U,N,681.0,365-730,1,0.19145791505791507,0.0,0.0,7.6666666590000005,5.3747632811721315,7128.217500000001,0.7500000001874999,0,0,0,0,0,1,0,1,1,1,1,1,0.34676552,206.34323771667482,45,161.34323771667482,580.3403930237889,65,515.3403930237889,1134.8878074417116,85,1049.8878074417116
188.3775,1383.75,44.99,0.0,383.75,153.3875,149.0,4.3875,0.0,70.25,27.7725,11.0,0.0,0.0,0.0,66.0,0.0,234.6666667,4.0,563.3333333,0.0,162.6666667,4.0,1.0,1.333333333,0.796666667,447.0,0.666666667,453.2633333,10.83666667,685.5233333,26.0,72.44666667,1.333333333,3.063333333,128.0,4.0,337.55,10.83666667,196.6666667,0.0,801.2366667,0.0,11.0,238.6666667,166.6666667,0.0,1.0,19,1037646,1,1,U,DA,N,4263,12729.0,1455.23,1414.75,12674.0,4236,78.6,704.11,235.33,1360,318,179,1130.0,294.0,135.0,U,DC/MARYLAND/VIRGINIA AREA,Y,N,79.98999023,1.0,1.0,WCMB,0.0,0.0,O,5.0,,U,2.0,M,6.0,1.0,C,,0.0,U,U,U,Y,Y,U,Y,575.0,365-730,0,0.13603719082866944,3.3352359208523588,0.0,19.0,30.088062622309195,3579.1725,0.1874331360102703,0,0,0,0,1,0,0,0,0,0,1,0,0.5697387,206.0658263218403,45,161.0658263218403,579.5601196879148,65,514.5601196879148,1133.3620447701217,85,1048.3620447701217
249.38,2071.75,199.9875,7.1775,329.75,49.4625,49.4625,0.0,0.0,-1668.75,-99.39,72.0,0.333333333,7.0,0.0,200.6666667,0.0,937.0,2.333333333,214.6666667,0.0,665.6666667,2.0,19.33333333,93.0,82.32333333,162.6666667,0.333333333,958.3933333,0.603333333,189.1066667,82.66666667,60.62666667,9.0,8.806666667,559.3333333,1.0,840.53,0.26,236.0,1.0,306.9733333,0.343333333,79.33333333,939.3333333,667.6666667,0.0,11.0,7,1076949,2,2,U,CA,Y,6550,14916.0,1766.89,1660.56,14792.0,6489,276.76,2465.33,1081.5,2628,1080,283,2465.0,1082.0,277.0,S,DC/MARYLAND/VIRGINIA AREA,T,N,99.98999023,1.0,1.0,WCMB,0.0,0.0,O,1.0,S,S,1.0,M,8.0,3.0,C,A,0.0,Z,U,U,U,U,U,Y,221.0,180-365,0,0.12031359305270775,0.24609739411654952,0.0,135.33333331,10.307854966104857,1745.6599999999999,0.048592209056012595,0,0,0,0,0,0,0,0,0,0,0,1,0.4302882,206.02612833786011,45,161.02612833786011,579.4485008144378,65,514.4485008144378,1133.1437058582308,85,1048.1437058582308
220.2775,2636.5,108.2825,1.2375,480.5,120.125,120.125,0.0,0.0,30.5,35.4525,30.0,0.0,12.66666667,0.0,120.3333333,0.0,578.0,0.0,349.6666667,0.0,429.6666667,0.0,6.333333333,20.0,16.63666667,140.6666667,3.333333333,820.21,0.0,1014.786667,146.6666667,180.8066667,95.33333333,256.7533333,388.6666667,0.0,959.7533333,0.0,376.0,0.0,875.24,0.0,42.66666667,578.0,429.6666667,0.0,36.33333333,15,1057630,2,1,U,EA,N,10518,33139.0,2188.44,2110.2,33139.0,10518,150.73,2367.07,751.29,2626,828,209,2949.0,939.0,219.0,U,HOUSTON AREA,Y,N,199.9899902,4.0,3.0,WCMB,0.0,0.0,,,M,U,1.0,M,,,C,,0.0,N,U,U,U,U,U,N,36.0,<180,1,0.0835175355450237,1.0992153363987829,0.0,94.999999995,24.125546176194725,3304.1625,0.1185881089105291,0,0,1,1,0,0,0,1,1,0,1,0,0.48686993,205.9132548441887,45,160.9132548441887,579.1310686379671,65,514.1310686379671,1132.522901643038,85,1047.522901643038
178.4125,2424.0,29.9925,2.475,358.25,143.3,143.3,0.0,0.0,-1587.0,-130.6925,5.333333333,0.0,0.0,0.0,44.33333333,0.0,298.0,0.0,198.6666667,0.0,250.6666667,0.0,9.666666667,52.0,46.34,118.0,0.0,1831.633333,0.0,549.48,58.66666667,136.2566667,46.0,208.7033333,122.3333333,0.0,378.26,0.0,259.6666667,0.0,2002.84,0.0,5.333333333,298.0,250.6666667,0.0,0.0,25,1024202,2,1,U,A,N,5774,28300.0,3281.17,3049.92,27202.0,5565,132.61,1182.7,241.96,2953,388,222,2326.0,358.0,183.0,U,NEW YORK CITY AREA,Y,N,149.9899902,2.0,2.0,WCMB,0.0,0.0,,,M,B,1.0,M,4.0,,C,,0.0,U,U,U,U,U,U,Y,228.0,180-365,1,0.0735721649484536,4.623699282084376,0.0,241.666666675,78.21247075905461,4460.3125,0.06540065838384218,0,0,1,1,0,0,0,0,1,0,1,1,0.60076064,205.79177192449572,45,160.79177192449572,578.7893691718579,65,513.7893691718579,1131.8547455847265,85,1046.8547455847265
196.96,1850.5,104.375,3.7125,164.75,65.375,64.5,0.875,32.54,683.5,72.24,21.0,0.666666667,9.0,0.0,95.66666667,0.0,442.0,11.0,74.33333333,0.0,323.0,10.33333333,0.0,0.0,0.0,27.66666667,0.0,849.2733333,16.75666667,325.9266667,63.0,161.0933333,16.66666667,211.1533333,288.3333333,6.0,901.7166667,8.623333333,89.33333333,4.333333333,273.4833333,8.133333333,30.66666667,453.0,333.3333333,0.0,2.666666667,10,1062405,1,1,U,AA,N,4564,13439.0,1824.48,1667.52,13199.0,4491,185.28,1466.56,499.0,1623,442,173,1493.0,479.0,179.0,S,NEW YORK CITY AREA,Y,N,199.9899902,1.0,1.0,WCMB,0.0,0.0,,,,U,1.0,M,7.0,,C,,0.0,S,U,U,U,U,U,Y,306.0,180-365,0,0.1063786119362679,0.6204033214709371,0.017574939238455305,0.0,17.561091340450773,1969.6000000000001,0.6171303074670571,0,0,1,1,1,0,0,0,1,0,1,1,0.5436824,205.6006672973633,45,160.6006672973633,578.2519472122193,65,513.2519472122193,1130.8036701354981,85,1045.8036701354981
164.88,816.75,10.0,0.495,582.5,150.385,137.125,13.26,0.0,402.25,45.09,1.333333333,0.0,0.666666667,6.666666667,2.333333333,0.333333333,19.33333333,10.33333333,5.0,0.0,15.0,3.333333333,0.0,0.0,0.0,2.666666667,0.0,24.50333333,13.16,25.81333333,8.666666667,6.323333333,1.666666667,1.103333333,6.666666667,1.0,22.49333333,5.55,13.33333333,2.333333333,27.82333333,7.61,8.666666667,29.66666667,18.33333333,0.0,0.0,13,1077471,3,3,U,A,N,841,3259.0,689.19,644.95,3259.0,841,53.75,271.58,70.08,683,83,150,412.0,78.0,88.0,S,CHICAGO AREA,Y,R,99.98999023,2.0,2.0,WCMB,0.0,0.0,O,7.0,S,M,2.0,M,9.0,2.0,C,A,0.0,U,U,U,U,U,U,Y,47.0,<180,1,0.20162641394069092,13.671363636363635,0.0,0.0,74.25,2143.44,0.06815999008581963,0,0,0,0,0,0,0,0,0,0,0,1,0.6490979,205.48468130493166,45,160.48468130493166,577.9256465148926,65,512.9256465148926,1130.165747177124,85,1045.165747177124
201.4625,1524.5,110.395,5.6925,223.0,87.8375,87.8375,0.0,6.63,248.5,-101.4725,15.66666667,0.0,1.333333333,0.0,55.33333333,0.0,322.3333333,0.0,233.3333333,0.0,256.3333333,0.0,4.666666667,28.66666667,26.56333333,126.3333333,1.666666667,498.79,0.0,539.9833333,39.33333333,80.05333333,10.33333333,26.85333333,337.6666667,0.0,838.0966667,0.0,99.66666667,0.0,200.68,0.0,17.0,322.3333333,256.3333333,0.0,8.333333333,7,1082789,2,2,U,AA,N,2306,6721.0,1312.51,1231.63,6721.0,2306,205.27,1120.17,384.33,1442,469,235,1120.0,384.0,206.0,S,CHICAGO AREA,Y,N,149.9899902,1.0,1.0,WCMB,,,,,,,,,,,,,,,,,,,,,202.0,180-365,0,0.1320632579482137,0.7885228241842094,0.0043461160275319564,32.666666669,13.685533462004578,1410.2375,0.15491412008364594,0,0,1,1,1,1,1,1,1,1,1,1,0.5299562,204.99130615711215,45,159.99130615711215,576.5380245506764,65,511.53802455067637,1127.452183864117,85,1042.452183864117
204.73,1955.25,116.44,11.6325,311.75,78.1475,77.5625,0.585,0.0,-346.25,-183.98,35.33333333,0.0,6.666666667,0.0,81.66666667,0.0,518.0,1.333333333,205.6666667,0.0,399.0,1.333333333,0.333333333,2.333333333,2.306666667,133.3333333,0.0,1022.876667,1.51,425.4666667,180.0,374.52,29.33333333,132.1366667,260.0,0.666666667,752.7233333,0.9,249.6666667,0.666666667,695.6233333,0.61,42.0,519.3333333,400.3333333,0.0,2.333333333,44,1098133,1,1,U,J,N,11636,36990.0,4869.02,4680.03,35593.0,11178,246.32,1873.32,588.32,2071,639,266,1935.0,600.0,253.0,T,LOS ANGELES AREA,N,N,129.9899902,3.0,3.0,WCMB,0.0,0.0,,2.0,S,B,1.0,M,9.0,,B,A,0.0,N,U,U,U,U,U,N,314.0,180-365,1,0.10465431309904152,0.6654248978201635,0.0,14.666666652,16.64892711171662,9008.119999999999,0.5003106351635452,0,0,1,0,0,0,0,0,1,0,0,0,0.5212959,204.91183236026765,45,159.91183236026765,576.3145224118232,65,511.3145224118232,1127.0150779814721,85,1042.0150779814721
168.1525,1598.0,94.99,2.475,313.0,78.25,78.25,0.0,1.1875,-392.0,-77.6925,24.66666667,0.0,5.0,0.0,71.0,0.0,416.6666667,0.0,147.0,0.0,324.6666667,0.0,2.0,6.333333333,5.563333333,58.0,0.0,844.6333333,0.0,399.0633333,34.0,33.20333333,3.333333333,18.54333333,364.0,0.0,1066.453333,0.0,74.66666667,0.0,177.2433333,0.0,29.66666667,416.6666667,324.6666667,0.0,9.0,12,1061922,1,1,Y,AA,N,4400,18413.0,3553.05,3483.07,18413.0,4400,316.64,1673.91,400.0,1729,462,194,1947.0,491.0,285.0,C,CHICAGO AREA,Y,N,29.98999023,1.0,1.0,WC,1.0,0.0,O,9.0,S,M,4.0,M,7.0,1.0,C,A,0.0,G,U,U,U,U,U,N,371.0,365-730,0,0.10516103814884303,0.8151890821960621,0.0007426516572858037,24.0,16.647567454943225,2017.83,0.2621102069794113,0,0,0,0,0,0,0,0,0,0,0,0,0.63460785,204.88492817497254,45,159.88492817497254,576.2388604921102,65,511.23886049211023,1126.867104962349,85,1041.867104962349
144.6,1949.75,10.0,0.0,336.5,134.6,134.6,0.0,0.0,678.25,43.0,4.666666667,0.0,13.33333333,0.0,38.33333333,0.0,241.3333333,0.0,187.3333333,0.0,188.6666667,0.0,1.333333333,2.0,1.003333333,78.0,0.666666667,570.3133333,0.0,842.0233333,70.0,51.22,86.66666667,356.0266667,166.6666667,0.0,496.4833333,0.0,205.6666667,0.0,915.8466667,0.0,18.0,241.3333333,188.6666667,0.0,12.33333333,14,1063070,2,2,U,AA,N,2443,7527.0,605.46,558.47,7376.0,2346,46.54,614.67,195.5,1724,399,130,1046.0,279.0,83.0,,CENTRAL/SOUTH TEXAS AREA,Y,N,29.98999023,1.0,1.0,,,,,,,,,,,,,,,,,,,,,,411.0,365-730,0,0.07412533640907343,12.236363636363636,0.0,18.666666661999997,177.25,2024.3999999999999,0.06863560732270173,1,1,1,1,1,1,1,1,1,1,1,1,0.7377927,204.8348630332947,45,159.8348630332947,576.0980479717255,65,511.09804797172546,1126.5917466831208,85,1041.5917466831208
149.08,1461.5,66.785,3.2175,240.25,78.425,78.425,0.0,7.0,210.5,-53.67,42.33333333,0.0,16.33333333,8.0,245.3333333,0.0,590.3333333,8.0,77.0,0.0,298.3333333,0.0,10.66666667,51.66666667,46.98,26.0,3.666666667,822.7366667,0.0,320.67,80.66666667,159.81,15.0,97.04333333,224.3333333,0.0,636.0133333,0.0,136.6666667,0.0,507.3933333,0.0,66.66666667,598.3333333,298.3333333,0.0,3.0,10,1061243,2,2,Y,BA,N,2285,6858.0,660.27,608.19,6482.0,2129,76.02,810.25,266.13,1391,389,167,952.0,298.0,98.0,R,SOUTHWEST AREA,Y,N,199.9899902,1.0,1.0,WCMB,0.0,0.0,O,2.0,M,U,3.0,M,5.0,,B,C,0.0,N,U,U,U,U,U,Y,314.0,180-365,0,0.10193504273504274,1.156966880578299,0.004786324786324786,106.6666667,21.560817289960905,1490.8000000000002,0.07798101809879804,0,0,0,0,0,0,0,0,1,0,0,1,0.7153176,204.74793946075442,45,159.74793946075442,575.8535886192323,65,510.85358861923226,1126.1136670341493,85,1041.1136670341493
220.9275,1085.75,59.99,0.0,196.5,58.95,58.95,0.0,19.36,-479.75,-148.9275,3.666666667,0.0,7.0,0.0,14.0,0.0,153.3333333,0.0,34.0,0.0,129.6666667,0.0,0.0,0.0,0.0,9.666666667,0.666666667,514.5266667,0.0,144.1533333,35.33333333,57.06,0.333333333,0.36,132.3333333,0.0,567.4666667,0.0,24.33333333,0.0,91.21333333,0.0,10.66666667,153.3333333,129.6666667,0.0,1.0,22,1025947,1,1,U,AA,N,2608,12687.0,2640.54,2570.54,12673.0,2602,128.53,633.65,130.1,1246,221,270,964.0,182.0,214.0,S,GREAT LAKES AREA,Y,N,79.98999023,1.0,1.0,WCMB,0.0,0.0,O,4.0,S,M,2.0,M,7.0,2.0,C,A,0.0,U,U,U,U,U,Y,Y,665.0,365-730,0,0.20329192546583852,0.9665518937530743,0.01781458477110651,0.0,17.80209870470569,4860.405000000001,0.5085042521260631,0,0,0,0,0,0,0,0,0,0,0,1,0.48084587,203.96558521413806,45,158.96558521413806,573.653195246458,65,508.65319524645804,1121.8107186777593,85,1036.8107186777593
302.445,1842.25,39.99,7.92,746.5,261.275,261.275,0.0,0.0,378.75,86.975,8.0,0.0,0.0,0.0,74.0,0.0,365.3333333,0.0,252.3333333,0.0,284.6666667,0.0,14.33333333,38.0,28.08666667,161.6666667,2.333333333,711.3866667,0.0,550.2833333,89.0,124.0,27.66666667,114.4066667,245.0,0.0,663.6566667,0.0,189.6666667,0.0,598.0133333,0.0,8.0,365.3333333,284.6666667,0.0,14.66666667,21,1042032,1,1,U,EA,N,7578,24908.0,3476.97,3439.43,24809.0,7540,171.97,1240.45,377.0,1716,429,273,1622.0,434.0,225.0,S,PHILADELPHIA AREA,N,N,129.9899902,4.0,4.0,WCMB,0.0,0.0,O,2.0,M,S,1.0,M,2.0,2.0,C,O,0.0,S,U,U,U,U,U,Y,66.0,<180,1,0.16408246304082463,6.374115637960477,0.0,300.99999993,44.94388875335447,6351.345,0.04606713582401917,0,0,0,0,0,0,0,0,0,0,0,0,0.35065222,203.62179079914094,45,158.62179079914094,572.686268595457,65,507.686268595457,1119.9198493952752,85,1034.9198493952752
155.3875,972.25,32.49,7.6725,373.25,111.975,111.975,0.0,0.0,28.75,6.7125,15.33333333,0.0,2.666666667,0.0,69.66666667,0.0,327.6666667,0.0,94.66666667,0.0,241.0,0.0,3.0,4.333333333,2.833333333,54.33333333,1.0,616.26,0.0,209.57,38.0,73.95333333,8.666666667,59.90333333,219.6666667,0.0,532.2166667,0.0,93.0,0.0,293.6066667,0.0,18.0,327.6666667,241.0,0.0,0.666666667,23,1036959,2,2,U,AA,N,5008,14108.0,1787.68,1752.05,14096.0,5006,79.64,640.73,227.55,963,346,153,834.0,299.0,116.0,U,GREAT LAKES AREA,Y,N,149.9899902,2.0,2.0,WCMB,0.0,0.0,O,12.0,S,S,3.0,M,6.0,2.0,,A,0.0,Z,U,U,U,U,U,Y,329.0,180-365,1,0.1596583611610583,3.3435353836966253,0.0,69.0,29.031054045983876,3573.9125,0.1361741923679021,0,0,0,0,0,0,0,0,0,1,0,0,0.68222415,203.53749203324318,45,158.53749203324318,572.4491824507713,65,507.44918245077133,1119.4562061828376,85,1034.4562061828376
184.405,1675.5,84.99,9.1575,182.5,72.99,72.6,0.39,25.79,1254.5,239.305,24.66666667,0.0,6.333333333,0.0,96.0,0.0,462.0,0.333333333,99.0,0.0,339.3333333,0.333333333,4.0,7.666666667,5.683333333,52.66666667,2.0,781.2833333,0.383333333,160.56,80.33333333,93.33666667,4.333333333,15.26666667,222.0,0.0,485.42,0.0,183.0,0.333333333,456.4133333,0.383333333,31.0,462.3333333,339.6666667,0.0,1.333333333,14,1075783,1,1,Y,EA,Y,5834,17386.0,1956.61,1890.64,17293.0,5796,157.55,1441.08,483.0,1257,422,105,1602.0,535.0,150.0,R,OHIO AREA,Y,R,99.98999023,2.0,2.0,WCMB,0.0,0.0,O,7.0,M,S,2.0,M,5.0,,B,B,0.0,N,U,U,U,U,U,Y,103.0,<180,1,0.10999403519236504,0.8488196301895569,0.01538323889054578,56.0,19.484823816722876,2581.67,0.17097466894659402,0,0,0,0,0,0,0,0,1,0,0,0,0.5745835,203.43565874767305,45,158.43565874767305,572.1628012192249,65,507.1628012192249,1118.8961231122018,85,1033.8961231122018
169.955,751.0,29.665,0.2475,309.5,123.8,123.8,0.0,0.0,318.0,146.075,3.666666667,0.0,33.33333333,0.0,68.33333333,0.0,282.6666667,0.0,73.66666667,0.0,178.3333333,0.0,1.0,10.0,9.55,25.0,1.0,312.17,0.0,210.7166667,54.33333333,40.20333333,25.0,68.28333333,135.0,0.0,297.92,0.0,115.6666667,0.0,224.9666667,0.0,37.0,282.6666667,178.3333333,0.0,3.0,13,1048807,1,1,U,DA,N,2307,6043.0,1205.04,1175.06,6040.0,2304,97.92,503.33,192.0,645,247,121,589.0,230.0,114.0,S,OHIO AREA,Y,N,149.9899902,3.0,1.0,WCMB,0.0,0.0,O,7.0,S,U,4.0,M,5.0,1.0,I,A,0.0,N,U,U,U,U,U,Y,130.0,<180,1,0.22600398936170216,4.0371759334746455,0.0,13.0,24.49046143812164,2209.415,0.1656403608275266,0,0,0,0,0,0,0,0,0,0,0,0,0.62315756,203.34479028177265,45,158.34479028177265,571.9072074723244,65,506.90720747232444,1118.3963465497495,85,1033.3963465497495
145.265,1445.5,52.215,3.465,158.25,55.6,55.6,0.0,43.46,193.5,-29.775,33.0,0.0,4.666666667,0.0,85.0,0.0,448.3333333,0.0,101.0,0.0,331.3333333,0.0,0.333333333,1.666666667,1.64,62.0,0.666666667,707.32,0.0,210.27,105.0,111.5866667,4.333333333,15.49,179.3333333,0.0,308.5333333,0.0,212.0,0.0,609.0566667,0.0,37.66666667,448.3333333,331.3333333,0.0,1.0,11,1082733,3,2,U,AA,N,2886,8672.0,1149.81,1114.19,8672.0,2886,111.42,867.2,288.6,1381,438,155,1042.0,336.0,113.0,U,NEW YORK CITY AREA,Y,N,59.98999023,1.0,1.0,WCMB,0.0,0.0,O,7.0,M,S,5.0,M,6.0,,,A,0.0,I,U,U,U,U,U,Y,310.0,180-365,0,0.10042516418942274,1.044818190359861,0.030044936052540615,3.666666663,27.16339377994926,1597.915,0.42049465316961654,0,0,0,0,0,0,0,0,1,1,0,1,0.7290483,203.33800084400175,45,158.33800084400175,571.8881187152862,65,506.88811871528617,1118.3590046420097,85,1033.3590046420097
219.0925,1625.75,65.155,3.465,295.0,117.9725,116.9,1.0725,0.0,234.25,-130.2025,4.666666667,0.0,14.66666667,0.0,114.3333333,0.333333333,764.6666667,1.666666667,503.3333333,0.0,633.3333333,1.333333333,0.0,0.0,0.0,377.0,0.333333333,349.4433333,2.076666667,431.5133333,93.33333333,41.67,18.33333333,13.17333333,564.3333333,0.666666667,416.99,0.843333333,570.0,0.666666667,363.97,1.233333333,19.33333333,766.3333333,634.6666667,0.0,30.66666667,9,1090990,3,2,Y,A,N,9252,12774.0,1744.7,1551.63,11588.0,8448,221.66,1655.43,1206.86,1548,1086,262,1621.0,1178.0,217.0,S,SOUTH FLORIDA AREA,N,N,129.9899902,1.0,1.0,WCMB,1.0,0.0,O,6.0,S,M,3.0,M,6.0,2.0,I,A,0.0,S,U,U,U,Y,Y,Y,253.0,180-365,0,0.13468111264791763,1.7832741289396115,0.0,0.0,24.57486206635931,1971.8325,0.3592890795780098,0,0,0,0,0,0,0,0,0,0,0,1,0.48269984,203.0513483874798,45,158.0513483874798,571.0819761049747,65,506.08197610497473,1116.782416131139,85,1031.782416131139
164.1,1398.25,84.99,0.0,7.0,1.75,1.75,0.0,0.0,-233.25,249.41,0.0,0.0,0.0,0.0,0.0,0.0,0.0,0.0,0.0,0.0,0.0,0.0,0.0,0.0,0.0,0.0,0.0,0.0,0.0,0.0,0.0,0.0,0.0,0.0,0.0,0.0,0.0,0.0,0.0,0.0,0.0,0.0,0.0,0.0,0.0,0.0,0.0,11,1069158,1,1,U,BA,N,2548,15006.0,973.1,893.12,14987.0,2542,89.31,1498.7,254.2,1476,163,81,1641.0,193.0,86.0,S,CALIFORNIA NORTH AREA,Y,N,199.9899902,1.0,1.0,WCMB,0.0,0.0,,,,U,,,,,,,0.0,H,U,U,U,U,U,N,325.0,180-365,0,0.11727711273896729,0.020351203628328877,0.0,0.0,16.260611699034772,1805.1,0.980054707089127,0,0,1,1,1,1,1,1,1,1,1,1,0.6441633,202.9578319644928,45,157.9578319644928,570.8188975095749,65,505.81889750957487,1116.2680758047104,85,1031.2680758047104
178.9475,1227.25,79.99,2.475,405.25,101.3125,101.3125,0.0,5.58,-487.25,-103.4875,3.0,0.0,28.33333333,0.0,12.66666667,0.0,278.6666667,0.0,45.0,0.0,235.0,0.0,0.0,0.0,0.0,18.33333333,0.0,770.8766667,0.0,159.1866667,74.0,56.81,8.333333333,8.11,160.3333333,0.0,482.9066667,0.0,117.3333333,0.0,447.1566667,0.0,31.33333333,278.6666667,235.0,0.0,2.0,16,1046466,1,1,U,BA,N,3951,12200.0,1636.1,1532.87,12159.0,3932,102.19,810.6,262.13,1390,345,214,1029.0,288.0,144.0,T,DC/MARYLAND/VIRGINIA AREA,Y,N,149.9899902,1.0,1.0,WCMB,0.0,0.0,O,,,U,1.0,M,7.0,2.0,C,,0.0,S,U,U,U,U,U,Y,486.0,365-730,0,0.14569305923061265,1.250926040251883,0.004543049053531447,0.0,15.153105321644649,2863.16,0.4442615981678803,0,0,0,1,1,0,0,0,0,0,1,1,0.58796656,202.01307393789293,45,157.01307393789293,568.1618024486303,65,503.1618024486303,1111.071906658411,85,1026.071906658411
135.7875,299.25,29.99,0.0,35.25,12.3375,12.3375,0.0,92.4025,-291.25,-105.7975,3.666666667,0.0,1.0,0.0,12.0,0.0,46.66666667,0.0,10.0,0.0,30.66666667,0.0,0.333333333,0.666666667,0.473333333,2.666666667,0.0,82.05666667,0.0,31.14333333,11.33333333,12.09,3.333333333,12.88,29.66666667,0.0,86.86333333,0.0,8.666666667,0.0,26.33666667,0.0,4.666666667,46.66666667,30.66666667,0.0,0.0,22,1020072,2,2,Y,AA,N,1268,2949.0,1203.84,1160.25,2915.0,1244,55.25,138.81,59.24,396,124,171,232.0,78.0,101.0,S,DC/MARYLAND/VIRGINIA AREA,Y,N,29.98999023,1.0,1.0,WC,0.0,0.0,O,1.0,M,S,2.0,M,6.0,2.0,B,C,0.0,N,U,U,U,U,U,Y,680.0,365-730,0,0.452248126561199,0.39811229428848016,0.307751873438801,7.333333326,9.656340755082285,2987.325,0.577552066457925,0,0,0,0,0,0,0,0,0,0,0,1,0.7746674,201.96509032845498,45,156.96509032845498,568.0268367826939,65,503.02683678269386,1110.8079968065024,85,1025.8079968065024
243.515,3402.25,167.49,4.2075,274.5,41.175,41.175,0.0,9.06,-643.25,-60.565,24.66666667,0.0,1.0,0.0,131.6666667,0.0,1056.333333,0.0,802.6666667,9.0,904.3333333,0.0,9.333333333,43.66666667,38.52666667,548.6666667,2.0,1563.99,0.0,917.8133333,378.3333333,456.1633333,160.0,231.65,1190.666667,0.0,1715.563333,0.0,467.6666667,0.0,766.24,0.0,25.66666667,1056.333333,904.3333333,0.0,58.66666667,22,1020804,2,2,Y,DA,N,17938,39941.0,4061.14,3895.64,39053.0,17584,194.78,1952.65,879.2,3617,1433,263,3051.0,1280.0,259.0,,CALIFORNIA NORTH AREA,Y,N,149.9899902,10.0,3.0,WCMB,0.0,0.0,,,,U,,,,,,,0.0,N,U,U,U,U,U,N,70.0,<180,1,0.07155366194079188,0.2443765208617722,0.0026621611694703593,205.333333326,20.192593032227432,5357.33,0.09453842219305289,1,0,1,1,1,1,1,1,1,1,1,0,0.43179214,201.88389690971374,45,156.88389690971374,567.7984310293198,65,502.7984310293198,1110.3614330034256,85,1025.3614330034256
195.17,1336.25,57.815,11.88,333.0,133.18,132.4,0.78,0.0,621.75,70.38,19.33333333,0.666666667,1.333333333,0.0,65.33333333,0.0,307.3333333,1.0,105.3333333,0.0,227.0,0.333333333,3.0,6.333333333,4.08,48.33333333,0.666666667,489.1266667,0.026666667,250.5133333,19.66666667,35.08666667,3.666666667,7.663333333,223.0,0.333333333,599.4,0.026666667,87.66666667,0.0,140.24,0.0,21.33333333,308.3333333,227.3333333,0.0,5.666666667,15,1057089,1,1,Y,CA,N,6699,20238.0,2824.16,2740.93,20200.0,6693,210.84,1553.85,514.85,1674,606,207,2067.0,735.0,281.0,S,SOUTHWEST AREA,Y,N,79.98999023,1.0,1.0,WCMB,0.0,0.0,O,15.0,S,S,6.0,M,3.0,1.0,B,B,0.0,H,U,U,U,U,U,Y,443.0,365-730,0,0.14594877547205085,2.264388336308765,0.0,45.0,22.71954433392842,2927.5499999999997,0.1596325046140484,0,0,0,0,0,0,0,0,0,0,0,1,0.53830695,201.71781859397888,45,156.71781859397888,567.3314229607581,65,502.3314229607581,1109.4480022668838,85,1024.4480022668838
184.0175,757.25,49.99,0.0,0.0,0.0,0.0,0.0,134.0275,-432.25,-134.0275,3.666666667,0.0,0.0,0.0,16.0,0.0,75.0,0.0,37.33333333,0.0,57.0,0.0,0.0,0.0,0.0,17.66666667,0.0,143.22,0.0,117.5933333,16.0,13.56666667,2.333333333,5.476666667,63.66666667,0.0,190.2966667,0.0,18.66666667,0.0,70.51666667,0.0,3.666666667,75.0,57.0,0.0,0.666666667,32,1013270,2,2,U,A,N,3580,11981.0,3141.73,3030.44,11888.0,3540,101.01,396.27,118.0,901,230,229,953.0,211.0,251.0,T,NEW ENGLAND AREA,Y,N,199.9899902,2.0,2.0,WCMB,1.0,0.0,O,13.0,S,M,2.0,M,6.0,2.0,C,A,0.0,D,U,U,U,U,U,Y,65.0,<180,1,0.24268710847345865,0.0,0.17675898450379163,0.0,14.850951166895468,5888.56,1.0,0,0,0,0,0,0,0,0,0,0,0,0,0.5704175,201.53627570962908,45,156.53627570962908,566.8207864016294,65,501.82078640162945,1108.44951640296,85,1023.44951640296
118.42,373.5,56.12,0.0,195.75,78.3,78.3,0.0,0.0,-373.5,-68.43,0.0,0.0,0.0,0.0,0.0,0.0,0.0,0.0,0.0,0.0,0.0,0.0,0.0,0.0,0.0,0.0,0.0,0.0,0.0,0.0,0.0,0.0,0.0,0.0,0.0,0.0,0.0,0.0,0.0,0.0,0.0,0.0,0.0,0.0,0.0,0.0,0.0,11,1088859,1,1,N,AA,N,5084,11916.0,2024.89,1939.01,11916.0,5084,193.9,1191.6,508.4,498,158,141,1289.0,459.0,272.0,S,NEW YORK CITY AREA,Y,N,149.9899902,1.0,1.0,WCMB,0.0,0.0,O,6.0,S,M,2.0,M,8.0,2.0,I,A,0.0,I,U,U,U,Y,Y,Y,334.0,180-365,0,0.3162082777036048,1.370798319327731,0.0,0.0,6.538865546218488,1302.6200000000001,0.4217988480283562,0,0,0,0,0,0,0,0,0,0,0,1,0.8846229,201.13350870132447,45,156.13350870132447,565.6880426311493,65,500.6880426311493,1106.2342978572847,85,1021.2342978572847
186.17,1275.0,71.36,1.485,315.0,113.325,113.325,0.0,0.0,348.0,-16.99,22.33333333,0.0,1.666666667,0.0,62.33333333,0.0,398.3333333,0.0,128.3333333,0.0,316.6666667,0.0,0.333333333,1.333333333,1.05,75.0,0.666666667,651.1366667,0.0,244.25,36.0,61.24,1.333333333,1.02,344.6666667,0.0,744.46,0.0,64.66666667,0.0,150.9266667,0.0,24.0,398.3333333,316.6666667,0.0,2.333333333,17,1058077,1,1,U,AA,N,6718,20753.0,2748.34,2688.35,20733.0,6708,168.02,1295.81,419.25,1159,377,192,1013.0,333.0,157.0,S,LOS ANGELES AREA,N,N,129.9899902,1.0,1.0,WCMB,0.0,0.0,,,,U,,,,,,,0.0,N,U,U,U,U,U,N,498.0,365-730,0,0.1459012539184953,1.5661276948590381,0.0,5.666666661,17.620232172470978,3164.89,0.34489168517584795,0,0,1,1,1,1,1,1,1,1,1,1,0.562682,201.12863848495485,45,156.12863848495485,565.6743623185157,65,500.6743623185157,1106.2075116672518,85,1021.2075116672518
172.29,2177.5,10.0,0.7425,568.5,151.65,131.4625,20.1875,2.2825,177.5,-22.69,22.0,2.0,0.666666667,0.0,36.0,0.0,336.6666667,135.3333333,259.3333333,0.666666667,286.6666667,133.3333333,0.333333333,22.66666667,22.46666667,149.0,0.333333333,794.6766667,291.1633333,699.0066667,151.3333333,294.0933333,64.33333333,285.6966667,207.6666667,52.33333333,510.64,81.40333333,231.0,81.0,983.0366667,209.7566667,24.66666667,472.0,420.0,0.0,5.0,16,1053676,2,0,U,AA,N,4495,18666.0,1078.51,1014.88,18655.0,4490,67.66,1243.67,299.33,2118,513,180,1693.0,381.0,98.0,,GREAT LAKES AREA,Y,R,29.98999023,3.0,3.0,WCMB,0.0,0.0,,,,U,1.0,M,5.0,,C,,0.0,R,U,U,U,U,U,N,259.0,180-365,1,0.07908652742712875,13.786363636363637,0.0010477392701400048,5.333333328,197.95454545454547,2756.64,0.06613889167397038,1,0,1,1,1,0,0,0,1,0,1,1,0.6069434,200.7749570789337,45,155.7749570789337,564.6795565152167,65,499.67955651521675,1104.2622639341355,85,1019.2622639341355
133.98,1071.5,59.99,4.455,103.75,31.125,31.125,0.0,11.2725,-408.5,-71.19,12.66666667,0.0,2.0,0.0,66.33333333,0.0,301.3333333,0.0,70.0,0.0,222.6666667,0.0,1.0,3.333333333,2.88,31.66666667,0.333333333,387.8666667,0.0,151.7166667,76.66666667,81.1,4.666666667,24.97333333,210.6666667,0.0,410.15,0.0,68.0,0.0,129.4333333,0.0,14.66666667,301.3333333,222.6666667,0.0,2.0,14,1065815,1,1,U,AA,N,4931,13036.0,1864.93,1780.95,13035.0,4930,148.41,1086.25,410.83,1208,439,158,1230.0,441.0,167.0,S,GREAT LAKES AREA,Y,R,9.989997864,4.0,1.0,WC,0.0,0.0,O,13.0,S,U,4.0,M,6.0,1.0,C,A,1.0,I,Y,U,Y,U,Y,Y,113.0,<180,1,0.12492307692307691,0.5103295622233153,0.010510489510489511,14.0,17.568453844892606,1875.7199999999998,0.39835407073576956,0,0,0,0,0,0,0,0,0,0,0,1,0.7799574,200.6374828033447,45,155.6374828033447,564.2929523277282,65,499.29295232772824,1103.506155418396,85,1018.506155418396
120.91,905.0,49.99,0.0,214.25,64.275,64.275,0.0,0.0,-561.0,-70.92,8.666666667,0.0,11.0,0.0,72.33333333,0.0,287.3333333,0.0,101.6666667,0.0,196.3333333,0.0,1.666666667,2.666666667,1.823333333,62.0,0.0,473.9333333,0.0,202.5566667,33.0,52.23,11.66666667,16.01666667,177.6666667,0.0,381.3133333,0.0,119.3333333,0.0,295.17,0.0,19.66666667,287.3333333,196.3333333,0.0,1.333333333,12,1054829,4,4,U,AA,N,3058,8350.0,972.91,848.97,8131.0,2934,84.9,813.1,293.4,1092,362,145,964.0,330.0,103.0,S,DALLAS AREA,Y,N,79.98999023,2.0,1.0,WCMB,0.0,0.0,,,M,S,1.0,M,4.0,2.0,C,,0.0,N,U,U,U,U,U,Y,320.0,180-365,1,0.13345474613686534,1.2605412826044322,0.0,20.000000004,17.748578152578936,1450.92,0.25463382963989084,0,0,1,1,0,0,0,0,0,0,1,1,0.8638782,200.54691229438782,45,155.54691229438782,564.0381692075729,65,499.0381692075729,1103.008017619133,85,1018.0080176191329
188.955,723.5,34.99,0.0,380.25,152.1,152.1,0.0,1.865,21.5,-16.775,5.666666667,0.0,11.33333333,0.0,11.33333333,0.0,101.0,0.0,41.66666667,0.0,76.0,0.0,0.0,0.0,0.0,9.0,0.0,330.99,0.0,303.3233333,15.0,20.27,0.0,0.0,89.66666667,0.0,527.5833333,0.0,24.66666667,0.0,106.7266667,0.0,17.0,101.0,76.0,0.0,1.0,32,1013147,2,2,Y,A,N,1207,5850.0,1775.26,1723.21,5832.0,1193,57.44,194.4,39.77,716,123,195,489.0,87.0,132.0,S,MIDWEST AREA,Y,N,29.98999023,1.0,1.0,WC,0.0,0.0,O,15.0,S,A,3.0,M,6.0,1.0,I,A,0.0,N,U,U,U,U,U,Y,957.0,730+,0,0.2608074534161491,4.226173937204779,0.0025741890959282265,0.0,20.10280633509308,6046.56,0.19134456908926578,0,0,0,0,0,0,0,0,0,0,0,0,0.55206215,200.2846306228638,45,155.2846306228638,563.3005236268044,65,498.3005236268044,1101.5654684257509,85,1016.5654684257509
189.5525,1171.25,107.99,18.5625,234.5,65.625,61.775,3.85,0.0,-170.25,-69.8225,16.66666667,1.333333333,2.0,0.333333333,46.66666667,0.0,293.0,18.33333333,171.3333333,0.0,231.3333333,16.66666667,2.333333333,10.33333333,9.146666667,122.0,0.0,466.89,38.40666667,232.0933333,90.33333333,112.0866667,31.66666667,50.71,165.0,9.666666667,403.8333333,16.82,146.6666667,7.0,295.1533333,21.58666667,20.33333333,311.3333333,248.0,0.0,0.0,22,1021516,1,1,U,CA,N,5952,17710.0,2927.28,2843.9,17387.0,5865,142.2,869.35,293.25,1228,417,213,1005.0,344.0,170.0,T,NEW ENGLAND AREA,Y,N,199.9899902,2.0,2.0,WCMB,0.0,0.0,,,,U,,M,,,,,0.0,N,U,U,U,U,U,N,348.0,180-365,1,0.16169972275538494,0.6021194605009634,0.0,51.333333326,10.746398752179099,4170.155000000001,0.25410036721858476,0,0,1,1,1,1,0,1,1,1,1,1,0.5502924,200.273849971056,45,155.273849971056,563.2701973944903,65,498.2701973944903,1101.506174840808,85,1016.506174840808
264.79,1401.25,44.755,0.0,879.75,219.9375,219.9375,0.0,0.0975,-1158.25,-235.76,7.333333333,0.0,0.0,0.0,17.0,0.0,44.33333333,0.0,102.6666667,0.0,22.0,0.0,0.666666667,2.666666667,2.423333333,31.66666667,0.0,312.97,0.0,1221.526667,1.0,0.35,0.0,0.0,49.66666667,0.0,256.7533333,0.0,64.66666667,0.0,1277.746667,0.0,7.333333333,44.33333333,22.0,0.0,0.333333333,38,1005840,1,1,U,A,N,2565,17046.0,3403.88,3326.16,16995.0,2540,92.39,472.08,70.56,1787,189,343,1490.0,158.0,285.0,U,GREAT LAKES AREA,Y,N,129.9899902,2.0,2.0,WCMB,0.0,0.0,,3.0,M,B,1.0,M,1.0,,C,B,0.0,Z,U,U,U,U,U,N,223.0,180-365,1,0.18883223390978784,4.806851710195607,6.953111071492245e-05,25.333333346,30.625068298546605,10062.02,0.15447550184189174,0,0,1,0,0,0,0,0,1,0,0,1,0.3938991,200.25705864238742,45,155.25705864238742,563.2230011057854,65,498.22300110578544,1101.4138225331308,85,1016.4138225331308
135.0625,1253.0,27.3675,3.96,308.0,107.8,107.8,0.0,0.0,-668.0,-121.1025,16.0,0.0,2.0,0.0,47.0,0.0,271.0,0.0,58.66666667,0.0,212.0,0.0,8.333333333,39.0,33.22333333,23.66666667,0.0,733.5133333,0.0,267.86,26.33333333,45.63333333,10.33333333,53.48,94.66666667,0.0,332.8133333,0.0,155.6666667,0.0,668.5566667,0.0,18.0,271.0,212.0,0.0,0.0,19,1031570,1,1,U,ZA,N,2608,10388.0,1166.06,1099.91,9810.0,2420,99.99,891.82,220.0,1476,343,176,1195.0,285.0,132.0,S,CENTRAL/SOUTH TEXAS AREA,Y,N,79.98999023,1.0,1.0,WCMB,0.0,0.0,,0.0,,S,1.0,M,1.0,,A,,0.0,S,U,U,U,U,U,N,567.0,365-730,0,0.10770534290271132,3.800123380629241,0.0,158.33333332700002,44.17026526835287,2566.1875,0.07614141667381827,0,0,1,0,1,0,0,0,1,0,1,1,0.7719184,200.1738913714886,45,155.1738913714886,562.9890896081924,65,497.98908960819244,1100.9564025431873,85,1015.9564025431873
181.37,1685.5,149.99,0.0,228.0,57.0,57.0,0.0,9.8775,-1488.5,-0.58,11.66666667,0.0,20.66666667,0.0,139.6666667,0.0,724.0,0.0,319.6666667,0.0,557.0,0.0,3.333333333,11.33333333,9.693333333,123.6666667,0.0,556.68,0.0,519.0866667,207.6666667,207.48,116.3333333,176.5366667,781.0,0.0,988.3966667,0.0,90.66666667,0.0,87.37,0.0,32.33333333,724.0,557.0,0.0,13.66666667,35,1003847,3,1,N,A,N,36962,59317.0,5710.34,5600.26,58777.0,36689,169.7,1781.12,1111.79,2182,1397,182,2307.0,1498.0,207.0,S,DALLAS AREA,Y,N,29.98999023,2.0,1.0,WC,1.0,1.0,O,15.0,S,M,6.0,M,4.0,2.0,C,A,0.0,H,U,U,U,Y,Y,Y,733.0,730+,1,0.10754224725763416,0.3775084442678323,0.005856804032018974,116.666666655,11.162990926551426,6347.95,0.2122762867616357,0,0,0,0,0,0,0,0,0,0,0,1,0.57454926,200.07551092910768,45,155.07551092910768,562.7124393510819,65,497.7124393510819,1100.4153101100922,85,1015.4153101100922
182.22,2218.5,86.4475,1.2375,95.25,30.325,30.325,0.0,73.1075,-237.5,-57.75,0.0,0.0,0.0,0.0,0.0,0.0,0.0,0.0,0.0,0.0,0.0,0.0,0.0,0.0,0.0,0.0,0.0,0.0,0.0,0.0,0.0,0.0,0.0,0.0,0.0,0.0,0.0,0.0,0.0,0.0,0.0,0.0,0.0,0.0,0.0,0.0,0.0,8,1074766,3,2,N,AA,N,2125,11475.0,1088.81,938.51,10822.0,1975,156.42,1803.67,329.17,2298,405,202,1804.0,329.0,157.0,,NORTHWEST/ROCKY MOUNTAIN AREA,Y,N,129.9899902,1.0,1.0,WCMB,0.0,0.0,,,,U,,,,,,,0.0,N,U,U,U,U,U,N,231.0,180-365,0,0.0820995719756702,0.3467794962691901,0.03293872493804911,0.0,25.369507418736955,1457.76,0.7425120465303869,1,0,1,1,1,1,1,1,1,1,1,1,0.57039315,199.55911815834045,45,154.55911815834045,561.260003528595,65,496.260003528595,1097.5751498708726,85,1012.5751498708726
175.175,1948.25,85.3925,1.7325,167.75,60.55,60.55,0.0,0.0,-51.25,-23.595,10.0,0.0,0.333333333,0.0,133.6666667,0.0,454.3333333,0.0,244.3333333,0.0,314.0,0.0,0.333333333,15.66666667,15.54,144.3333333,0.333333333,1112.906667,0.0,412.1333333,18.0,18.65,10.0,10.18,339.3333333,0.0,832.7066667,0.0,195.3333333,0.0,692.3333333,0.0,10.33333333,454.3333333,314.0,0.0,15.0,14,1055025,1,1,U,CA,N,4562,13001.0,1149.54,1089.55,12999.0,4560,90.8,1083.25,380.0,1965,585,183,1618.0,508.0,132.0,S,LOS ANGELES AREA,N,N,129.9899902,1.0,1.0,WCMB,0.0,0.0,,,,U,,,,,,,0.0,H,U,U,U,U,U,N,412.0,365-730,0,0.08986789790945236,0.7008710246838556,0.0,4.666666662,22.551147379691525,2452.4500000000003,0.4915926938326883,0,0,1,1,1,1,1,1,1,1,1,0,0.5922136,199.182743639946,45,154.182743639946,560.2014560461045,65,495.20145604610445,1095.505090019703,85,1010.505090019703
246.5925,853.75,46.6025,0.99,403.75,161.5,161.5,0.0,0.0,-13.75,30.8375,36.0,0.0,5.333333333,0.0,41.33333333,0.0,244.3333333,0.0,223.6666667,0.0,174.6666667,0.0,4.0,45.33333333,43.09333333,108.6666667,1.0,340.04,0.0,371.12,38.66666667,34.95333333,16.0,12.62,281.3333333,0.0,553.15,0.0,70.66666667,0.0,158.01,0.0,41.33333333,244.3333333,174.6666667,0.0,4.666666667,19,1049350,4,4,U,EA,N,6485,15397.0,1911.8,1857.43,15272.0,6412,103.19,848.44,356.22,858,347,236,1049.0,412.0,157.0,U,LOS ANGELES AREA,N,N,129.9899902,3.0,3.0,WCMB,0.0,0.0,O,4.0,,S,4.0,M,9.0,1.0,,,0.0,J,U,U,U,U,U,Y,342.0,180-365,1,0.2884966364434045,3.392678955937188,0.0,76.0,17.93498240638622,4685.2575,0.11915146584900346,0,0,0,0,1,0,0,0,0,1,1,1,0.42032343,199.00531369113924,45,154.00531369113924,559.7025329446793,65,494.7025329446793,1094.5292253012658,85,1009.5292253012658
163.9425,1787.5,84.99,7.1775,304.5,76.125,76.125,0.0,0.0,100.5,31.8775,26.66666667,0.0,33.66666667,0.0,110.0,0.0,461.6666667,0.0,275.6666667,0.0,305.3333333,0.0,1.666666667,8.666666667,7.66,104.0,0.0,641.9166667,0.0,532.18,37.0,36.57666667,22.66666667,44.36333333,422.0,0.0,864.19,0.0,145.0,0.0,309.9033333,0.0,60.33333333,461.6666667,305.3333333,0.0,11.0,15,1059081,1,1,U,AA,N,7790,20903.0,1826.42,1718.19,20865.0,7779,122.73,1490.36,555.64,1754,621,153,1507.0,540.0,119.0,R,DALLAS AREA,Y,R,129.9899902,4.0,2.0,WCMB,1.0,0.0,O,0.0,S,M,1.0,M,4.0,1.0,C,A,0.0,H,U,U,U,U,U,Y,52.0,<180,1,0.09166480290746436,0.8852773578323061,0.0,25.000000005,20.787300848935924,2459.1375,0.28153596819342097,0,0,0,0,0,0,0,0,0,0,0,0,0.6321953,198.99586916470528,45,153.99586916470528,559.6758966833353,65,494.6758966833353,1094.4772804058791,85,1009.4772804058791
210.9225,1211.0,85.0,7.6725,69.0,17.635,16.5625,1.0725,1.52,228.0,71.6375,3.666666667,0.0,6.333333333,0.333333333,49.0,0.0,338.3333333,0.666666667,58.66666667,0.0,280.3333333,0.333333333,0.0,0.0,0.0,34.33333333,0.0,551.2366667,1.8,143.7533333,37.33333333,32.32666667,1.333333333,4.413333333,268.0,0.0,613.4666667,0.0,62.0,0.333333333,81.52333333,1.8,10.33333333,339.0,280.6666667,0.0,2.666666667,13,1050639,2,2,U,B,N,3509,10682.0,2126.09,1947.69,10153.0,3292,177.06,923.0,299.27,1135,374,187,906.0,300.0,171.0,T,TENNESSEE AREA,Y,N,79.98999023,1.0,1.0,WCMB,1.0,0.0,O,3.0,S,M,2.0,M,6.0,2.0,C,A,0.0,N,U,Y,Y,Y,Y,Y,386.0,365-730,0,0.17402846534653466,0.20505813953488375,0.0012541254125412542,0.0,14.081395348837209,2741.9925000000003,0.8298354802914073,0,0,0,0,0,0,0,0,0,0,0,0,0.49031356,198.5628746995926,45,153.5628746995926,558.4580599486828,65,493.45805994868283,1092.0958108477594,85,1007.0958108477594
175.225,1462.75,73.0525,0.0,116.5,34.95,34.95,0.0,0.0,445.25,78.145,59.66666667,0.0,4.333333333,0.0,150.0,0.0,577.6666667,0.0,331.0,0.0,398.6666667,0.0,2.0,5.333333333,4.17,180.3333333,0.666666667,430.5233333,0.0,386.85,113.3333333,111.6033333,78.33333333,94.68666667,283.0,0.0,341.3433333,0.0,378.0,0.0,476.0266667,0.0,64.0,577.6666667,398.6666667,0.0,17.66666667,13,1056603,1,1,U,CA,N,7698,15661.0,1460.17,1380.19,15602.0,7663,115.02,1300.17,638.58,1314,655,149,1224.0,584.0,117.0,U,NEW ENGLAND AREA,N,N,129.9899902,2.0,2.0,WCMB,0.0,0.0,,,,U,,,,,,,0.0,U,U,U,U,U,U,N,122.0,<180,1,0.11970964987190436,0.4719624590662031,0.0,26.0,19.752878025724993,2277.9249999999997,0.2880215474072129,0,0,1,1,1,1,1,1,1,1,1,0,0.58963895,198.3734107017517,45,153.3734107017517,557.9252175986767,65,492.9252175986767,1091.0537588596344,85,1006.0537588596344
137.7575,891.75,69.99,0.0,253.75,76.215,75.825,0.39,1.5525,89.25,13.6725,5.666666667,0.0,5.333333333,0.0,11.66666667,0.0,94.33333333,0.333333333,69.0,0.0,75.0,0.333333333,0.0,0.0,0.0,21.66666667,0.333333333,188.7566667,1.11,255.71,30.0,33.55666667,6.333333333,14.9,66.0,0.333333333,198.3266667,1.11,72.66666667,0.0,246.1366667,0.0,11.0,94.66666667,75.33333333,0.0,1.666666667,11,1069651,2,2,U,BA,N,1964,7727.0,1207.89,1127.91,7605.0,1932,125.32,845.0,214.67,862,225,133,881.0,231.0,133.0,C,OHIO AREA,Y,N,149.9899902,1.0,1.0,WCMB,0.0,0.0,O,2.0,,U,1.0,M,7.0,2.0,C,,0.0,G,U,U,U,U,U,Y,322.0,180-365,0,0.1543069168300196,1.0736019157627836,0.001739008681041725,0.0,12.561628398365968,1515.3325,0.4822526408749702,0,0,0,0,1,0,0,0,0,0,1,1,0.7492955,198.1844644625187,45,153.1844644625187,557.3937775623798,65,492.3937775623798,1090.014554543853,85,1005.0145545438529
193.1075,1384.75,89.4475,2.2275,395.5,118.65,118.65,0.0,0.0975,-534.75,-116.1375,13.66666667,0.0,0.333333333,0.0,74.33333333,0.0,411.6666667,0.0,208.0,0.0,330.6666667,0.0,0.0,0.0,0.0,89.0,0.666666667,486.0633333,0.0,467.24,105.0,111.4233333,22.66666667,44.33,241.6666667,0.0,575.1266667,0.0,258.0,0.0,378.1766667,0.0,14.0,411.6666667,330.6666667,0.0,10.0,36,1003083,1,1,N,A,N,9063,24259.0,4470.13,4430.3,24189.0,9022,126.58,691.11,257.77,1563,603,232,1617.0,624.0,292.0,U,CALIFORNIA NORTH AREA,Y,N,199.9899902,2.0,2.0,WCMB,0.0,0.0,,3.0,M,B,1.0,M,6.0,,B,C,0.0,O,U,U,U,U,U,Y,378.0,365-730,1,0.13935233627999277,1.3118107189253434,7.035901136568645e-05,0.0,15.309986456231515,6951.87,0.4325613649134973,0,0,1,0,0,0,0,0,1,0,0,0,0.53387964,197.94463499331474,45,152.94463499331474,556.7192801636457,65,491.71928016364575,1088.6954924632312,85,1003.6954924632312
145.4,785.5,57.1575,0.99,262.5,85.395,84.7125,0.6825,0.0,320.5,119.91,7.333333333,0.0,0.666666667,0.0,44.66666667,0.0,173.6666667,2.0,56.0,0.0,122.6666667,2.0,0.666666667,1.333333333,0.8,20.66666667,0.333333333,433.6066667,1.233333333,175.1333333,11.66666667,8.783333333,0.666666667,0.833333333,113.6666667,0.333333333,412.5133333,0.14,53.33333333,1.666666667,196.23,1.093333333,8.0,175.6666667,124.6666667,0.0,1.0,14,1046509,1,1,Y,AA,N,3052,12319.0,1878.99,1764.01,12311.0,3048,135.69,947.0,234.46,679,157,105,641.0,147.0,95.0,U,CALIFORNIA NORTH AREA,Y,R,129.9899902,2.0,2.0,WCMB,0.0,0.0,,,,U,,,,,,,0.0,J,U,U,U,U,U,N,277.0,180-365,1,0.1848696757787667,1.4683402828525984,0.0,9.333333338,13.50642651420711,2035.6000000000001,0.31897855921723495,0,0,1,1,1,1,1,1,1,1,1,0,0.70889723,197.90143106460573,45,152.90143106460573,556.5977618694305,65,491.59776186943054,1088.4578708553315,85,1003.4578708553315
222.97,2994.25,139.34,4.7025,240.0,60.425,60.425,0.0,2.1875,432.75,-52.45,42.0,0.666666667,56.66666667,1.0,265.0,0.0,891.0,1.666666667,315.0,0.0,539.3333333,0.0,9.666666667,60.0,53.61,150.0,5.333333333,1280.343333,0.0,674.1733333,120.6666667,145.2366667,52.33333333,118.5866667,398.3333333,0.0,897.9666667,0.0,444.0,0.0,1056.553333,0.0,100.3333333,892.6666667,539.3333333,0.0,37.0,16,1040122,1,1,U,DA,Y,10315,33941.0,3779.32,3724.24,33889.0,10292,248.28,2259.27,686.13,2850,946,240,2755.0,830.0,270.0,C,SOUTHWEST AREA,Y,R,129.9899902,8.0,4.0,WCMB,1.0,1.0,O,3.0,S,A,2.0,M,2.0,2.0,C,A,0.0,N,U,U,U,U,U,Y,102.0,<180,1,0.07444119856439363,0.43056149351574746,0.0007303230114347717,154.666666672,21.33568476556933,3567.52,0.09011259258037321,0,0,0,0,0,0,0,0,0,0,0,0,0.46215782,197.85087433052064,45,152.85087433052064,556.4555707645417,65,491.4555707645417,1088.1798088178634,85,1003.1798088178634
145.7425,776.5,27.8225,0.0,66.5,23.275,23.275,0.0,76.735,553.5,232.3475,29.66666667,0.0,6.333333333,0.0,13.0,0.0,102.0,0.0,47.66666667,0.0,67.66666667,0.0,5.0,14.33333333,10.94333333,11.66666667,0.0,134.5933333,0.0,174.7833333,10.33333333,9.25,2.333333333,22.03,34.33333333,0.0,132.32,0.0,66.33333333,0.0,177.06,0.0,36.0,102.0,67.66666667,0.0,0.333333333,11,1059760,1,1,U,CA,Y,1236,4806.0,639.17,579.18,4806.0,1236,57.92,480.6,123.6,592,154,68,435.0,107.0,64.0,C,TENNESSEE AREA,Y,N,59.98999023,1.0,1.0,WCMB,0.0,0.0,,,,U,,,,,,,0.0,J,U,U,U,U,U,N,322.0,180-365,0,0.18745016077170418,0.8075288403157255,0.09869453376205788,55.0,26.94075808829907,1603.1675,0.14689618266143417,0,0,1,1,1,1,1,1,1,1,1,1,0.705048,197.2904920873642,45,152.2904920873642,554.8795263695717,65,489.87952636957175,1085.0977064805033,85,1000.0977064805033
139.225,978.0,44.99,5.445,237.75,95.1,95.1,0.0,0.0,201.0,81.905,6.666666667,0.0,1.0,0.0,14.33333333,0.0,224.3333333,0.0,104.0,0.0,204.6666667,0.0,1.666666667,5.333333333,4.246666667,30.66666667,0.0,361.56,0.0,376.48,56.0,41.31666667,4.666666667,20.77666667,143.0,0.0,346.68,0.0,155.0,0.0,391.36,0.0,7.666666667,224.3333333,204.6666667,0.0,2.666666667,21,1024243,2,1,N,C,N,4949,16411.0,2004.45,1915.75,16290.0,4914,100.83,857.37,258.63,911,279,112,971.0,269.0,104.0,S,SOUTHWEST AREA,N,R,9.989997864,5.0,2.0,WC,0.0,0.0,,,M,S,1.0,M,,2.0,C,,0.0,N,U,U,U,U,U,Y,373.0,365-730,1,0.1422114402451481,2.0678408349641226,0.0,35.000000007000004,21.26549249836921,2923.725,0.21121521078700317,0,0,1,1,0,0,0,1,0,0,1,0,0.7378794,197.2440249323845,45,152.2440249323845,554.7488076746464,65,489.7488076746464,1084.8421371281147,85,999.8421371281147
225.71,1920.25,139.3675,0.7425,377.25,91.7875,91.7875,0.0,0.0,-398.25,-75.72,6.333333333,0.0,95.0,0.0,56.0,0.0,752.3333333,0.0,383.0,0.0,597.0,0.0,0.666666667,12.66666667,12.29,206.6666667,2.333333333,632.4066667,0.0,569.0733333,75.33333333,43.93666667,39.33333333,56.56333333,849.6666667,0.0,1001.406667,0.0,126.6666667,0.0,200.0666667,0.0,101.3333333,752.3333333,597.0,0.0,2.333333333,15,1049446,1,1,U,AA,N,11585,21509.0,2522.87,2472.89,21485.0,11575,176.64,1534.64,826.79,2053,1057,251,1800.0,958.0,215.0,T,DC/MARYLAND/VIRGINIA AREA,N,N,29.98999023,1.0,1.0,WCMB,0.0,0.0,O,10.0,S,S,3.0,M,5.0,2.0,I,A,0.0,G,U,U,U,U,U,Y,458.0,365-730,0,0.11748080676642811,0.6539084902131903,0.0,10.000000005,13.68016100593086,3385.65,0.4309276503678999,0,0,0,0,0,0,0,0,0,0,0,1,0.45487332,197.12536765098574,45,152.12536765098574,554.415083065033,65,489.41508306503295,1084.1895220804215,85,999.1895220804215
161.2275,1272.0,169.99,1.2375,0.0,0.0,0.0,0.0,0.0,392.0,1.7325,19.0,0.333333333,43.0,0.333333333,28.33333333,0.0,264.0,0.666666667,56.66666667,0.0,178.3333333,0.0,4.666666667,19.0,16.29,23.66666667,0.0,659.72,0.0,239.3,29.0,41.72333333,9.666666667,22.02333333,156.6666667,0.0,583.1366667,0.0,66.66666667,0.0,315.8833333,0.0,62.66666667,264.6666667,178.3333333,0.0,5.333333333,6,1092416,3,3,Y,AA,N,1739,9095.0,1110.98,868.77,8444.0,1606,173.75,1688.8,321.2,1141,212,161,,,,T,DC/MARYLAND/VIRGINIA AREA,T,N,99.98999023,1.0,1.0,WCMB,0.0,0.0,O,3.0,S,M,2.0,M,5.0,,H,A,0.0,I,U,Y,U,U,U,N,191.0,180-365,0,0.12665161036920658,0.0,0.0,28.000000002,7.439031522311246,967.365,0.1764705882249135,0,0,0,0,0,0,0,0,1,0,0,1,0.63671815,197.10044039011,45,152.10044039011,554.3449982070922,65,489.3449982070922,1084.052422145605,85,999.0524221456051
186.8575,1546.0,87.99,0.7425,0.0,0.0,0.0,0.0,82.05,-287.0,-92.3175,5.0,0.0,44.33333333,0.0,66.66666667,0.0,393.0,0.0,128.3333333,0.0,279.0,0.0,1.666666667,1.666666667,0.116666667,45.33333333,0.0,691.7033333,0.0,354.5433333,74.33333333,101.5266667,18.33333333,44.18666667,207.6666667,0.0,556.4066667,0.0,193.3333333,0.0,489.8366667,0.0,49.33333333,393.0,279.0,0.0,6.0,13,1067647,4,4,N,A,N,5151,17870.0,1615.05,1439.15,16077.0,4647,130.83,1461.55,422.45,1642,454,218,1496.0,422.0,163.0,R,SOUTHWEST AREA,N,N,,1.0,1.0,WC,,,,,,,,,,,,,,,,,,,,,382.0,365-730,0,0.12078700711053651,0.0,0.05303813833225598,21.666666671,17.372738509944938,2429.1475,0.37499999995312494,0,0,1,1,1,1,1,1,1,1,1,1,0.54916805,197.02305865335464,45,152.02305865335464,554.1273636001348,65,489.1273636001348,1083.6268225934505,85,998.6268225934505
134.1275,1555.0,44.99,0.0,283.25,99.1375,99.1375,0.0,0.0,853.0,218.6625,0.0,0.0,3.333333333,0.0,158.3333333,0.0,293.0,0.0,11.0,0.0,131.3333333,0.0,6.0,18.0,15.78333333,5.666666667,0.0,1241.056667,0.0,62.15666667,31.33333333,34.49,0.0,0.0,71.33333333,0.0,360.8833333,0.0,71.0,0.0,942.3266667,0.0,3.333333333,293.0,131.3333333,0.0,0.0,13,1084066,2,1,U,AA,N,2137,8419.0,668.31,605.11,8258.0,2061,55.01,750.73,187.36,1271,134,61,968.0,183.0,59.0,C,MIDWEST AREA,Y,N,149.9899902,1.0,1.0,WCMB,0.0,0.0,,,,U,,,,,,,0.0,H,U,U,U,U,U,N,367.0,365-730,0,0.08620019280205655,2.1556316590563167,0.0,78.0,33.81169819525984,1743.6575,0.10922239308424421,0,0,1,1,1,1,1,1,1,1,1,0,0.7647942,196.9534735658169,45,151.9534735658169,553.931624417305,65,488.931624417305,1083.244104611993,85,998.244104611993
149.105,728.25,60.15,0.0,234.75,89.755,89.4625,0.2925,0.0,856.75,164.645,7.666666667,0.0,0.333333333,0.0,65.66666667,0.0,304.0,0.333333333,312.0,0.0,231.0,0.333333333,2.333333333,4.333333333,2.93,265.3333333,2.0,391.5766667,0.783333333,150.9,53.33333333,82.48,16.0,46.15333333,183.3333333,0.0,336.8166667,0.0,139.6666667,0.333333333,205.6666667,0.783333333,8.0,304.3333333,231.3333333,0.0,0.0,22,1021657,3,2,Y,BA,N,2397,4178.0,1018.86,988.87,4086.0,2347,82.41,340.5,195.58,443,295,94,464.0,279.0,105.0,S,CALIFORNIA NORTH AREA,Y,N,149.9899902,2.0,2.0,WCMB,0.0,0.0,O,1.0,M,M,1.0,M,6.0,,C,K,0.0,N,U,U,U,U,U,Y,45.0,<180,1,0.20446348988687005,1.4677841373671299,0.0,51.333333326,11.909239574816027,3280.31,0.20828484330410113,0,0,0,0,0,0,0,0,1,0,0,0,0.6865129,196.53600784778595,45,151.53600784778595,552.7575487339496,65,487.75754873394965,1080.9480431628228,85,995.9480431628228
147.27,1906.75,84.99,1.98,175.75,70.3,70.3,0.0,0.0,-443.75,-71.29,17.33333333,0.0,2.0,0.0,59.66666667,0.0,398.0,0.0,192.3333333,0.0,325.0,0.0,0.0,0.0,0.0,106.0,0.0,1090.91,0.0,724.2133333,41.66666667,49.32333333,9.333333333,38.86,306.0,0.0,1089.426667,0.0,170.0,0.0,725.6966667,0.0,19.33333333,398.0,325.0,0.0,4.333333333,11,1090746,1,1,U,AA,N,3244,13971.0,1323.07,1322.29,13900.0,3229,132.23,1390.0,322.9,2055,438,171,1666.0,378.0,132.0,T,NEW ENGLAND AREA,Y,N,129.9899902,1.0,1.0,WCMB,0.0,0.0,O,6.0,M,M,3.0,M,7.0,1.0,I,B,0.0,F,U,U,U,U,U,Y,316.0,180-365,0,0.07719564932512123,0.8175369228980114,0.0,0.0,22.174090010466333,1619.97,0.5501951500415894,0,0,0,0,0,0,0,0,0,0,0,0,0.6933494,196.0503785476685,45,151.0503785476685,551.3916896653176,65,486.3916896653176,1078.2770820121766,85,993.2770820121766
123.2875,439.5,84.99,1.485,147.25,36.8125,36.3125,0.5,0.0,-406.5,-43.2975,0.333333333,0.0,1.666666667,0.0,10.0,0.0,51.0,0.666666667,38.0,0.0,39.33333333,0.666666667,0.0,0.0,0.0,17.66666667,0.0,102.3333333,1.483333333,78.05,13.33333333,28.25,11.33333333,19.39,57.33333333,0.666666667,141.16,1.483333333,19.66666667,0.0,39.22333333,0.0,2.0,51.66666667,40.0,0.0,0.666666667,11,1078076,4,2,U,AA,N,2127,5786.0,1202.28,1057.34,5540.0,2035,117.48,615.56,226.11,575,202,138,637.0,227.0,133.0,C,HOUSTON AREA,T,N,99.98999023,1.0,1.0,WCMB,0.0,0.0,,,,U,,,,,,,0.0,N,U,U,U,U,U,N,324.0,180-365,0,0.2798808172531214,0.42810210489591816,0.0,0.0,5.111059425514595,1356.1625,0.700230044176625,0,0,1,1,1,1,1,1,1,1,1,1,0.8281605,196.03553874731062,45,151.03553874731062,551.3499453783035,65,486.34994537830346,1078.1954631102085,85,993.1954631102085
148.5725,562.5,53.4575,3.465,239.75,95.9,95.9,0.0,0.0,350.5,173.4575,3.333333333,0.0,2.666666667,0.0,25.0,0.0,194.6666667,0.0,61.66666667,0.0,164.6666667,0.0,0.0,0.0,0.0,25.66666667,0.0,206.3933333,0.0,128.1333333,46.0,42.01666667,10.66666667,24.98,188.6666667,0.0,275.8866667,0.0,36.66666667,0.0,58.64,0.0,6.0,194.6666667,164.6666667,0.0,2.666666667,26,1021677,1,1,N,AA,N,18607,35192.0,4349.4,4156.86,34258.0,18197,173.2,1427.42,758.21,446,199,91,442.0,184.0,105.0,U,DALLAS AREA,Y,R,9.989997864,3.0,3.0,,1.0,0.0,O,4.0,S,B,1.0,M,3.0,2.0,C,A,0.0,U,U,U,U,U,U,Y,439.0,365-730,1,0.2636601597160603,1.7610062893081762,0.0,0.0,10.329155763668915,3862.8849999999998,0.36218678815489747,0,1,0,0,0,0,0,0,0,0,0,0,0.68692863,195.95271141529082,45,150.95271141529082,551.117053989172,65,486.11705398917195,1077.7399127840995,85,992.7399127840995
177.3675,1629.0,69.99,2.2275,320.0,112.0,112.0,0.0,0.0,-640.0,-114.0775,18.33333333,0.0,10.0,0.0,66.0,0.0,556.3333333,0.0,506.0,0.0,475.6666667,0.0,0.333333333,1.333333333,1.09,268.6666667,0.0,419.56,0.0,656.02,82.0,72.78,44.0,83.41333333,481.3333333,0.0,601.3133333,0.0,486.6666667,0.0,474.2666667,0.0,28.33333333,556.3333333,475.6666667,0.0,27.0,21,1036581,1,1,Y,BA,N,12167,25860.0,2778.32,2604.49,25526.0,12044,130.22,1276.3,602.2,1842,1004,215,1587.0,856.0,140.0,S,DALLAS AREA,Y,N,79.98999023,1.0,1.0,WCMB,0.0,0.0,,,,U,,,,,,,0.0,F,U,U,U,U,U,N,631.0,365-730,0,0.10881441717791411,1.5776869981687562,0.0,6.999999993,22.946893928722357,3724.7175,0.3435221627595113,0,0,1,1,1,1,1,1,1,1,1,1,0.5751892,195.87814887428286,45,150.87814887428286,550.9072937089205,65,485.9072937089205,1077.3298188085557,85,992.3298188085557
132.0875,1731.0,59.99,0.0,205.0,82.0,82.0,0.0,0.0975,949.0,189.9025,22.33333333,0.0,5.333333333,0.0,100.0,0.0,232.3333333,0.0,131.6666667,0.0,114.0,0.0,9.666666667,13.66666667,7.96,43.33333333,1.333333333,492.55,0.0,716.0366667,16.0,23.0,26.0,54.45666667,109.6666667,0.0,352.7033333,0.0,126.6666667,0.0,855.88,0.0,27.66666667,232.3333333,114.0,0.0,8.666666667,17,1049057,3,3,Y,AA,N,3127,15023.0,1168.29,1118.31,15017.0,3125,69.89,938.56,195.31,1415,273,69,1287.0,256.0,62.0,C,MIDWEST AREA,Y,N,29.98999023,1.0,1.0,WC,1.0,1.0,O,0.0,M,A,2.0,M,3.0,3.0,I,B,0.0,H,U,U,U,U,U,Y,507.0,365-730,0,0.07626299076212471,1.3444827020823085,5.6293302540415705e-05,164.33333333899998,28.381701918347268,2245.4875,0.08325597903012369,0,0,0,0,0,0,0,0,0,0,0,0,0.7716503,195.69668283939365,45,150.69668283939365,550.3969362318516,65,485.39693623185156,1076.331755616665,85,991.3317556166651
155.2875,1402.5,63.7425,0.2475,282.25,70.5625,70.5625,0.0,44.9825,-356.5,-155.2875,7.666666667,0.0,2.0,0.0,17.66666667,0.0,247.0,0.0,84.33333333,0.0,220.3333333,0.0,2.666666667,8.333333333,6.706666667,32.66666667,0.0,787.0833333,0.0,277.5333333,23.0,41.72,0.666666667,1.043333333,259.0,0.0,986.37,0.0,38.33333333,0.0,78.24666667,0.0,9.666666667,247.0,220.3333333,0.0,4.666666667,12,1063520,1,1,U,CA,Y,3447,14502.0,1772.77,1663.79,14423.0,3429,151.25,1311.18,311.73,1521,360,207,1275.0,308.0,149.0,C,DALLAS AREA,Y,N,59.98999023,1.0,1.0,WCMB,1.0,0.0,O,10.0,S,M,5.0,M,8.0,2.0,C,A,0.0,N,U,Y,U,U,Y,Y,362.0,180-365,0,0.11064303526897043,1.0898945823840598,0.032050231563947276,32.000000004,21.66274085801444,1863.4499999999998,0.21023591362972416,0,0,0,0,0,0,0,0,0,0,0,1,0.65627897,195.67087497711182,45,150.67087497711182,550.3243728965521,65,485.32437289655206,1076.189812374115,85,991.189812374115
164.5075,1788.0,74.99,1.98,330.5,82.625,82.625,0.0,0.975,-762.0,-81.1975,31.66666667,0.0,2.333333333,0.0,72.0,0.0,813.3333333,0.0,165.3333333,0.0,712.0,0.0,7.666666667,20.0,15.92333333,80.33333333,0.0,1496.246667,0.0,433.5233333,146.0,115.7066667,0.666666667,0.113333333,487.0,0.0,1002.323333,0.0,351.0,0.0,927.4466667,0.0,34.0,813.3333333,712.0,0.0,26.66666667,19,1050859,1,1,U,AA,N,11505,30465.0,2181.25,2111.27,30434.0,11486,117.29,1690.78,638.11,2042,686,192,1903.0,677.0,143.0,C,CHICAGO AREA,U,N,,4.0,4.0,UNKW,0.0,0.0,,6.0,M,S,1.0,M,3.0,,C,F,0.0,S,U,U,U,U,U,N,22.0,<180,1,0.09195500279485745,1.0873141202789842,0.0005449972051425377,145.666666673,23.529411764705884,3125.6425,0.1025222441799544,0,0,1,0,0,0,0,0,1,0,0,0,0.6191287,195.55453789806367,45,150.55453789806367,549.9971182274818,65,484.9971182274818,1075.5499584393501,85,990.5499584393501
168.0,1413.25,42.57,1.2375,257.75,92.5675,73.2625,19.305,0.0,-143.25,-113.37,7.0,2.0,26.33333333,3.0,41.33333333,0.0,336.0,32.66666667,100.0,0.0,262.6666667,27.66666667,1.333333333,3.333333333,2.54,51.0,0.333333333,837.6366667,47.20666667,291.12,73.0,144.4,19.66666667,97.68666667,169.6666667,19.0,386.7966667,34.42,169.3333333,8.666666667,741.9633333,12.78666667,38.33333333,368.6666667,290.3333333,0.0,1.666666667,13,1056715,2,1,U,CA,N,3046,10990.0,1077.56,1077.56,10957.0,3029,89.8,913.08,252.42,1461,363,206,1250.0,318.0,126.0,C,ATLANTIC SOUTH AREA,N,N,129.9899902,2.0,2.0,WCMB,0.0,0.0,O,1.0,M,S,1.0,M,4.0,,C,,0.0,N,U,U,U,U,U,Y,284.0,180-365,1,0.11879087855753934,2.1245696580215743,0.0,17.333333329,32.43630938719302,2184.0,0.22432071806274093,0,0,0,0,0,0,0,0,1,0,1,1,0.60545176,195.29452056884767,45,150.29452056884767,549.2658290863037,65,484.2658290863037,1074.1198631286622,85,989.1198631286622
172.7125,1643.75,10.0,3.465,527.5,158.2725,158.175,0.0975,0.975,-1487.75,-162.7125,9.666666667,0.0,25.66666667,0.0,19.0,0.0,216.6666667,0.666666667,218.3333333,0.0,168.0,0.666666667,0.0,0.0,0.0,41.0,0.666666667,483.0966667,0.366666667,1992.123333,41.0,40.27666667,20.33333333,41.59666667,240.3333333,0.666666667,1079.063333,0.366666667,140.3333333,0.0,1396.163333,0.0,35.33333333,217.3333333,168.6666667,0.0,9.333333333,14,1075557,5,3,U,BA,N,1958,9263.0,896.33,852.09,9255.0,1951,71.01,771.25,162.58,2140,337,227,1234.0,228.0,120.0,T,CHICAGO AREA,Y,N,149.9899902,2.0,2.0,WCMB,0.0,0.0,O,4.0,S,M,1.0,M,5.0,2.0,C,A,0.0,G,U,U,U,U,U,Y,91.0,<180,1,0.10500835993312053,14.388409090909091,0.0005927952576379389,0.0,149.4318181818182,2417.975,0.06498397554239466,0,0,0,0,0,0,0,0,0,0,0,1,0.5883956,195.11668664932253,45,150.11668664932253,548.7656812012195,65,483.76568120121954,1073.141776571274,85,988.141776571274
163.9975,1368.5,59.99,0.0,339.25,101.775,101.775,0.0,0.0,-637.5,-99.1275,7.666666667,0.0,14.0,0.0,141.3333333,0.0,437.0,0.0,259.3333333,0.0,278.6666667,0.0,0.0,0.0,0.0,132.6666667,0.0,297.0933333,0.0,422.7866667,87.66666667,25.96333333,105.3333333,207.82,330.3333333,0.0,450.5666667,0.0,203.0,0.0,269.3133333,0.0,21.66666667,437.0,278.6666667,0.0,11.33333333,37,1006527,2,2,Y,B,N,18053,41269.0,4023.99,3893.0,41101.0,17918,108.14,1141.69,497.72,1581,731,197,1334.0,588.0,139.0,C,CENTRAL/SOUTH TEXAS AREA,N,N,129.9899902,4.0,4.0,WCMB,1.0,0.0,O,12.0,S,A,5.0,M,3.0,3.0,,A,0.0,H,U,U,U,U,U,Y,405.0,365-730,1,0.11974990872581234,1.6687161829808166,0.0,0.0,22.438104607312674,6067.9075,0.3747120081098516,0,0,0,0,0,0,0,0,0,1,0,1,0.6193943,195.031898581028,45,150.031898581028,548.5272636342049,65,483.5272636342049,1072.675442195654,85,987.6754421956541
164.225,1006.75,78.14,8.6625,103.5,41.2125,33.9,7.3125,0.0,-381.75,-68.335,4.666666667,0.0,19.66666667,0.0,11.33333333,0.666666667,115.6666667,7.666666667,47.0,0.0,81.0,7.0,6.0,38.33333333,35.28,15.33333333,0.333333333,327.15,22.16,628.27,25.33333333,51.00666667,10.0,43.28333333,57.0,1.333333333,216.71,1.72,62.66666667,5.666666667,738.7066667,20.44,24.33333333,123.3333333,88.0,0.0,0.666666667,14,1072444,5,2,U,CA,N,2183,10204.0,1754.59,1679.6,10087.0,2176,129.2,775.92,167.38,1134,156,187,728.0,143.0,147.0,S,CHICAGO AREA,Y,N,79.98999023,1.0,1.0,WCMB,0.0,0.0,,,,U,,,,,,,0.0,N,U,U,U,U,U,N,412.0,365-730,0,0.1629620441577772,0.5207543593631538,0.0,84.0,12.721127116502402,2299.15,0.13296538514850237,0,0,1,1,1,1,1,1,1,1,1,0,0.6177203,194.77461883544925,45,149.77461883544925,547.803654628992,65,482.80365462899204,1071.2604035949707,85,986.2604035949707
142.785,2473.0,84.99,0.0,279.5,69.875,69.875,0.0,0.0,-109.0,-20.615,29.66666667,0.0,17.66666667,0.0,81.66666667,0.0,525.6666667,0.0,153.6666667,0.0,404.6666667,0.0,12.0,30.0,23.12333333,39.0,0.0,1371.073333,0.0,695.2866667,126.3333333,326.7533333,49.33333333,271.63,320.6666667,0.0,1181.416667,0.0,215.0,0.0,884.9366667,0.0,47.33333333,525.6666667,404.6666667,0.0,12.33333333,13,1078378,4,2,U,B,N,5940,28320.0,1723.04,1646.7,28305.0,5936,137.23,2358.75,494.67,2509,526,149,2807.0,564.0,181.0,S,DALLAS AREA,N,R,9.989997864,3.0,1.0,,0.0,0.0,O,,S,U,2.0,M,,,G,,0.0,S,U,U,U,U,U,N,4.0,<180,1,0.05771422797089733,0.8125944877311315,0.0,156.0,28.759158041632748,1856.205,0.07239769479139041,0,1,0,1,0,0,0,1,1,0,1,1,0.7102667,194.7176350622177,45,149.7176350622177,547.6433571231365,65,482.6433571231365,1070.9469928421975,85,985.9469928421975
141.5025,852.75,81.025,2.2275,137.5,55.0,55.0,0.0,0.0,-11.75,-51.2825,9.333333333,0.0,1.666666667,0.0,29.66666667,0.0,248.6666667,0.0,65.0,0.0,210.6666667,0.0,0.333333333,1.0,0.783333333,22.0,1.666666667,354.1366667,0.0,151.0466667,126.6666667,228.7,35.66666667,86.22666667,189.0,0.0,329.29,0.0,80.66666667,0.0,175.8933333,0.0,11.0,248.6666667,210.6666667,0.0,3.333333333,21,1043284,2,2,U,AA,N,6532,15353.0,1561.81,1527.94,15331.0,6518,76.4,766.55,325.9,857,309,159,978.0,379.0,111.0,R,CHICAGO AREA,Y,R,29.98999023,2.0,2.0,WCMB,1.0,0.0,O,7.0,S,M,4.0,M,3.0,3.0,C,A,0.0,N,U,U,U,U,Y,Y,312.0,180-365,1,0.16574231332357248,0.6705272782688204,0.0,6.999999993,10.396220664431574,2971.5525,0.499036706633408,0,0,0,0,0,0,0,0,0,0,0,1,0.7154303,194.37153241968156,45,149.37153241968156,546.669960232973,65,481.66996023297304,1069.0434283082486,85,984.0434283082486
111.3575,1219.5,59.99,5.6925,172.25,51.675,51.675,0.0,0.0,-491.5,-57.3675,26.0,0.0,36.33333333,0.0,97.0,0.0,450.0,0.0,141.0,0.0,301.0,0.0,2.0,23.66666667,22.39666667,66.66666667,0.666666667,473.7166667,0.0,263.2533333,56.66666667,45.48,16.0,22.19333333,250.3333333,0.0,440.8733333,0.0,181.3333333,0.0,296.1,0.0,62.33333333,450.0,301.0,0.0,3.666666667,11,1076913,3,2,U,AA,N,4603,9687.0,1023.45,942.57,9665.0,4592,94.26,966.5,459.2,1383,641,130,1037.0,481.0,105.0,R,SOUTH FLORIDA AREA,Y,N,149.9899902,3.0,3.0,WCMB,1.0,1.0,O,9.0,S,M,1.0,M,3.0,,C,A,0.0,J,U,U,U,U,U,Y,211.0,180-365,1,0.09123924621056945,0.8472700442695523,0.0,22.0,19.99508116084604,1224.9325000000001,0.25992456689893245,0,0,0,0,0,0,0,0,1,0,0,1,0.9081561,194.16959421968463,45,149.16959421968463,546.1019903802871,65,481.10199038028713,1067.9327682082655,85,982.9327682082655
210.4175,1597.5,85.62,1.98,330.5,123.905,123.6125,0.2925,0.905,66.5,52.7125,8.0,0.0,19.66666667,0.0,109.3333333,0.0,457.6666667,0.0,157.0,0.0,324.6666667,0.0,1.333333333,11.66666667,10.77666667,74.66666667,0.0,753.4566667,0.0,345.6166667,74.33333333,55.5,45.33333333,79.03333333,384.6666667,0.0,892.5866667,0.0,89.0,0.0,206.49,0.0,27.66666667,457.6666667,324.6666667,0.0,11.0,19,1030565,3,3,Y,EA,N,7609,17841.0,1962.0,1883.86,17826.0,7605,104.66,990.33,422.5,1575,563,193,1316.0,518.0,141.0,T,SOUTHWEST AREA,Y,N,129.9899902,7.0,6.0,WCMB,0.0,0.0,O,15.0,S,M,4.0,M,4.0,1.0,I,A,0.0,N,U,U,U,U,U,Y,207.0,180-365,1,0.13163434469815452,1.4304433156314937,0.0005661557710353456,25.333333327,18.442622950819672,3997.9325,0.26569057979665167,0,0,0,0,0,0,0,0,0,0,0,1,0.48003435,193.93464599990844,45,148.93464599990844,545.4411918747425,65,480.44119187474246,1066.6405529994965,85,981.6405529994965
177.5775,1123.25,56.36,7.425,316.0,120.3825,118.725,1.6575,0.16,698.75,197.4825,15.33333333,0.0,2.333333333,0.0,88.0,0.0,339.3333333,1.333333333,212.3333333,0.0,239.6666667,1.333333333,0.666666667,4.333333333,4.05,145.6666667,0.333333333,463.8366667,4.843333333,281.5666667,40.66666667,45.71666667,11.66666667,18.35333333,178.0,1.333333333,445.2333333,4.843333333,178.6666667,0.0,300.1666667,0.0,17.66666667,340.6666667,241.0,0.0,7.0,33,1099149,1,1,N,A,N,7663,16832.0,2174.32,2048.78,16112.0,7293,75.88,596.74,270.11,890,372,112,815.0,332.0,111.0,S,SOUTHWEST AREA,Y,R,99.98999023,4.0,3.0,WCMB,0.0,0.0,O,15.0,S,S,1.0,M,1.0,2.0,,A,0.0,N,U,U,U,U,U,Y,209.0,180-365,1,0.15795196797865244,2.0987186192468616,0.0001423171002890816,22.000000011,19.582461645746164,5860.0575,0.26557707219298865,0,0,0,0,0,0,0,0,0,1,0,1,0.56861395,193.86824608826637,45,148.86824608826637,545.2544474154711,65,480.2544474154711,1066.275353485465,85,981.2753534854651
192.7475,2357.5,169.99,5.94,141.75,21.2625,21.2625,0.0,0.0,-1815.5,-32.7575,43.33333333,0.0,5.333333333,0.0,164.3333333,0.0,889.6666667,0.0,412.3333333,0.0,689.3333333,0.0,6.666666667,18.66666667,15.89666667,241.0,2.0,1393.583333,0.0,730.9933333,209.0,333.8666667,73.33333333,216.0266667,490.3333333,0.0,970.53,0.0,459.3333333,0.0,1154.033333,0.0,48.66666667,889.6666667,689.3333333,0.0,6.666666667,43,1002871,5,2,N,B,N,28104,79653.0,11851.47,11741.22,79372.0,27947,286.37,1935.9,681.63,2963,934,204,2947.0,919.0,201.0,U,NEW YORK CITY AREA,Y,N,199.9899902,7.0,4.0,WCMB,0.0,0.0,O,4.0,M,S,2.0,M,6.0,,C,N,0.0,N,U,U,U,U,U,Y,296.0,180-365,1,0.08172461310154759,0.12434937715655885,0.0,286.66666668100004,13.787355985730159,8288.1425,0.12835296376395258,0,0,0,0,0,0,0,0,1,0,0,1,0.5235807,193.76423600387574,45,148.76423600387574,544.9619137609005,65,479.96191376090053,1065.7032980213166,85,980.7032980213166
134.1725,883.25,97.57,5.6925,75.0,29.625,29.625,0.0,1.17,-478.25,-49.0125,12.66666667,0.0,1.0,0.0,32.33333333,0.0,304.3333333,0.0,125.0,0.0,262.0,0.0,1.333333333,4.333333333,3.646666667,62.0,0.0,419.2066667,0.0,237.1733333,117.6666667,208.8933333,25.0,47.11333333,223.6666667,0.0,438.32,0.0,135.3333333,0.0,218.06,0.0,13.66666667,304.3333333,262.0,0.0,4.0,25,1019451,2,2,Y,BA,N,5980,13426.0,1832.83,1780.13,13337.0,5920,77.4,579.87,257.39,1043,402,151,919.0,352.0,114.0,U,SOUTHWEST AREA,Y,R,129.9899902,5.0,5.0,WCMB,0.0,0.0,,,M,U,3.0,M,6.0,2.0,C,,0.0,U,U,U,U,U,U,Y,100.0,<180,1,0.15173593440769015,0.30054783402658014,0.0013231552162849872,33.333333325,8.960637110682764,3354.3125000000005,0.37966785006056747,0,0,1,1,0,0,0,0,0,0,1,0,0.7515521,193.60824729609493,45,148.60824729609493,544.523199518919,65,479.523199518919,1064.845360128522,85,979.8453601285221
172.7825,863.75,69.99,4.2075,278.5,98.585,87.7625,10.8225,0.0,801.25,225.7575,10.66666667,0.666666667,0.666666667,0.0,44.33333333,0.0,279.0,11.66666667,139.6666667,0.0,225.6666667,11.0,0.0,0.0,0.0,84.66666667,0.333333333,346.6666667,14.0,225.9633333,53.33333333,82.19,15.0,28.24666667,157.6666667,5.666666667,206.05,8.713333333,189.0,5.333333333,366.58,5.286666667,12.0,290.6666667,236.6666667,0.0,7.0,7,1094511,2,1,U,AA,N,1774,4145.0,684.57,549.18,3534.0,1491,109.84,706.8,298.2,597,249,98,,,,T,LOS ANGELES AREA,Y,N,249.9899902,2.0,2.0,WCMB,1.0,0.0,O,15.0,S,U,3.0,M,6.0,2.0,,A,0.0,X,Y,U,U,U,Y,N,15.0,<180,1,0.19980630239953745,1.3887167206648825,0.0,0.0,12.167206648823779,1209.4775,0.4186348223499926,0,0,0,0,0,0,0,0,0,1,0,0,0.583363,193.52623396492004,45,148.52623396492004,544.2925742208957,65,479.29257422089574,1064.3942868070603,85,979.3942868070603
191.8175,1263.75,49.99,0.7425,279.5,104.8375,104.8375,0.0,0.0,804.25,-17.2375,8.666666667,0.0,5.333333333,0.0,48.0,0.0,244.6666667,0.0,107.3333333,0.0,184.3333333,0.0,1.333333333,2.666666667,1.9,47.0,0.0,448.1033333,0.0,307.5833333,81.33333333,94.11333333,43.66666667,91.09333333,132.3333333,0.0,284.48,0.0,157.6666667,0.0,471.2033333,0.0,14.0,244.6666667,184.3333333,0.0,6.0,27,1013860,1,1,U,A,N,3247,7699.0,1524.87,1480.37,7661.0,3226,56.94,294.65,124.08,996,329,198,658.0,236.0,120.0,U,CENTRAL/SOUTH TEXAS AREA,N,N,29.98999023,2.0,1.0,WC,0.0,0.0,O,,,A,3.0,M,9.0,,,,0.0,N,U,U,U,U,U,Y,831.0,730+,1,0.15166436054556237,2.0560404000784467,0.0,35.999999990999996,24.78427142576976,5179.0725,0.22782293347772398,0,0,0,1,1,0,0,0,1,1,1,1,0.5250174,193.35844113636017,45,148.35844113636017,543.8206385624409,65,478.8206385624409,1063.471426249981,85,978.471426249981
140.9725,1545.75,59.99,1.98,213.25,85.2975,85.2,0.0975,0.705,654.25,181.8775,8.666666667,0.0,6.666666667,0.0,39.33333333,0.0,276.6666667,0.333333333,41.0,0.0,223.6666667,0.333333333,7.666666667,10.33333333,7.63,13.66666667,0.0,850.67,0.26,289.2766667,27.66666667,22.57333333,2.0,1.37,138.3333333,0.333333333,374.8466667,0.26,124.6666667,0.0,765.0933333,0.0,15.33333333,277.0,224.0,0.0,2.333333333,16,1052998,1,1,U,AA,N,2594,9124.0,1046.76,986.77,9102.0,2589,65.78,606.8,172.6,1328,229,81,945.0,195.0,89.0,,TENNESSEE AREA,Y,N,199.9899902,1.0,1.0,WCMB,0.0,0.0,,,,U,,,,,,,0.0,U,U,U,U,U,U,N,474.0,365-730,0,0.09114110231129788,1.3985489424495818,0.00045579440762889926,122.666666672,25.344318740777176,2255.56,0.09935206942424209,1,0,1,1,1,1,1,1,1,1,1,1,0.7132757,193.06032869911195,45,148.06032869911195,542.9822080767154,65,477.98220807671544,1061.8318078451157,85,976.8318078451157
154.7725,1464.75,75.26,3.7125,218.0,81.8,81.8,0.0,0.0,-797.75,-184.7225,2.666666667,0.0,11.33333333,0.0,108.0,0.0,747.6666667,0.0,115.3333333,0.0,626.0,0.0,4.333333333,15.0,13.41666667,50.66666667,0.0,1171.69,0.0,314.0233333,161.6666667,108.32,11.66666667,15.92,480.3333333,0.0,1007.55,0.0,260.6666667,0.0,478.1633333,0.0,14.0,747.6666667,626.0,0.0,16.33333333,35,1009411,2,2,U,A,N,9908,24743.0,3394.76,3076.45,23347.0,9468,93.23,707.48,286.91,1731,630,216,1073.0,404.0,124.0,C,HOUSTON AREA,Y,N,149.9899902,3.0,3.0,WCMB,0.0,0.0,,,,U,,,,,,,0.0,N,U,U,U,U,U,N,231.0,180-365,1,0.10559269998294389,1.072646210333071,0.0,151.666666655,19.20731707317073,5417.0375,0.15610415132229627,0,0,1,1,1,1,1,1,1,1,1,0,0.64958215,193.03190964317324,45,148.03190964317324,542.9022827720643,65,477.90228277206427,1061.675503037453,85,976.6755030374529
126.1875,1233.75,19.99,2.97,290.0,87.0,87.0,0.0,15.3775,-94.75,-11.9075,12.33333333,0.0,18.0,0.0,64.0,0.0,317.3333333,0.0,123.3333333,0.0,228.6666667,0.0,0.0,0.0,0.0,57.0,0.333333333,548.0833333,0.0,399.1933333,14.33333333,5.356666667,0.0,0.0,247.6666667,0.0,654.6466667,0.0,62.66666667,0.0,292.6266667,0.0,30.33333333,317.3333333,228.6666667,0.0,0.666666667,11,1059806,2,2,U,AA,N,2311,7718.0,789.6,669.62,7718.0,2311,74.4,857.56,256.78,1265,372,130,1015.0,303.0,90.0,R,ATLANTIC SOUTH AREA,Y,N,29.98999023,1.0,1.0,WC,0.0,0.0,O,1.0,,M,2.0,M,9.0,2.0,C,,0.0,N,U,U,U,U,Y,Y,321.0,180-365,0,0.10219680097185666,4.144830871843736,0.01245393804413849,0.0,58.77798951881849,1388.0625,0.19436984906009813,0,0,0,0,1,0,0,0,0,0,1,1,0.7956889,192.77951327562334,45,147.77951327562334,542.1924186944962,65,477.19241869449615,1060.2873230159285,85,975.2873230159285
178.805,687.5,31.2825,2.7225,180.75,72.3,72.3,0.0,0.0,-118.5,-26.825,8.333333333,0.0,1.666666667,0.0,3.0,0.0,111.6666667,0.0,62.33333333,0.0,103.3333333,0.0,1.0,2.666666667,2.033333333,25.0,0.0,207.9333333,0.0,183.4733333,19.0,14.82333333,7.666666667,15.86,91.0,0.0,243.5966667,0.0,67.66666667,0.0,147.8033333,0.0,10.0,111.6666667,103.3333333,0.0,0.666666667,9,1094572,1,1,U,AA,N,1573,4671.0,1158.16,1087.55,4665.0,1571,135.94,583.13,196.38,727,210,188,624.0,199.0,151.0,U,NEW YORK CITY AREA,N,N,129.9899902,1.0,1.0,WCMB,0.0,0.0,,,,U,,,,,,,0.0,S,U,U,U,U,U,N,264.0,180-365,0,0.25970225127087876,2.239603500348486,0.0,9.0,21.296368001239063,1609.2450000000001,0.23587111387133305,0,0,1,1,1,1,1,1,1,1,1,0,0.5612203,192.67007120943072,45,147.67007120943072,541.8845699477196,65,476.88456994771957,1059.685391651869,85,974.6853916518689
122.5275,740.0,59.99,0.2475,32.5,9.795,9.6,0.195,0.0,156.0,199.0425,17.0,0.0,9.0,0.0,30.66666667,0.0,184.6666667,0.333333333,69.33333333,0.0,134.0,0.333333333,0.333333333,4.0,3.76,23.33333333,0.0,327.8833333,0.59,157.72,11.33333333,11.12,0.0,0.0,107.3333333,0.333333333,272.3266667,0.59,90.0,0.0,213.2766667,0.0,26.0,185.0,134.3333333,0.0,3.0,12,1074037,1,1,Y,AA,N,2654,8592.0,749.6,669.62,8584.0,2649,60.87,780.36,240.82,688,217,56,796.0,247.0,69.0,T,ATLANTIC SOUTH AREA,Y,N,199.9899902,1.0,1.0,WCMB,0.0,0.0,O,1.0,S,M,1.0,M,5.0,2.0,C,A,0.0,N,U,U,U,U,U,Y,342.0,180-365,0,0.16535425101214576,0.16060009837678307,0.0,3.999999996,12.133136579767175,1470.33,0.6693738683379067,0,0,0,0,0,0,0,0,0,0,0,0,0.81890064,192.64867428016666,45,147.64867428016666,541.8244256258012,65,476.82442562580115,1059.5677085409166,85,974.5677085409166
129.2125,1595.5,44.99,0.2475,268.5,93.975,93.975,0.0,0.0,590.5,145.1175,10.0,0.0,5.0,0.0,81.66666667,0.0,406.6666667,0.0,68.33333333,0.0,313.3333333,0.0,0.0,0.0,0.0,20.66666667,0.0,901.9766667,0.0,444.8333333,72.66666667,64.17,5.333333333,23.77333333,144.6666667,0.0,404.0266667,0.0,233.3333333,0.0,942.7933333,0.0,15.0,406.6666667,313.3333333,0.0,8.333333333,11,1084025,1,1,Y,AA,N,2315,10350.0,748.63,680.72,10350.0,2315,75.64,1150.0,257.22,1399,284,81,1167.0,250.0,70.0,S,OHIO AREA,N,R,9.989997864,2.0,2.0,,1.0,0.0,O,3.0,S,U,5.0,M,6.0,2.0,,A,0.0,B,U,U,U,U,U,Y,262.0,180-365,1,0.08093485750078297,2.0433789954337898,0.0,0.0,34.69232441835182,1421.3375,0.3285821455363841,0,1,0,0,0,0,0,0,0,1,0,1,0.77341384,191.87470184087755,45,146.87470184087755,539.6476066291333,65,474.6476066291333,1055.3108601248266,85,970.3108601248266
160.185,1089.0,84.99,7.6725,66.25,16.5625,16.5625,0.0,0.0,-910.0,-83.215,13.0,0.0,4.666666667,0.0,26.0,0.0,207.3333333,0.0,50.66666667,0.0,167.0,0.0,0.333333333,0.333333333,0.05,29.33333333,0.0,364.39,0.0,122.63,33.0,47.76666667,0.666666667,1.906666667,145.3333333,0.0,321.7766667,0.0,48.33333333,0.0,165.2433333,0.0,17.66666667,207.3333333,167.0,0.0,0.333333333,6,1084986,1,1,N,BA,N,1860,8212.0,836.64,730.31,8066.0,1819,146.06,1613.2,363.8,1392,356,188,,,,U,DALLAS AREA,Y,N,29.98999023,2.0,2.0,,1.0,1.0,O,11.0,S,M,3.0,M,6.0,1.0,,A,0.0,N,U,U,U,U,U,Y,125.0,<180,1,0.14695871559633028,0.1926096057681126,0.0,1.999999998,12.664263286428655,961.11,0.6553324993969275,0,1,0,0,0,0,0,0,0,1,0,1,0.6233012,191.6995307478905,45,146.6995307478905,539.154935002327,65,474.15493500232697,1054.3474191133978,85,969.3474191133978
158.0125,566.5,30.0,0.0,159.75,55.9125,55.9125,0.0,0.0,136.5,70.1575,12.33333333,0.0,1.333333333,0.0,20.66666667,0.0,137.6666667,0.0,58.66666667,0.0,105.6666667,0.0,0.0,0.0,0.0,36.0,1.666666667,242.0433333,0.0,122.5933333,20.66666667,23.43,2.666666667,1.423333333,133.0,0.0,309.01,0.0,13.66666667,0.0,55.62666667,0.0,13.66666667,137.6666667,105.6666667,0.0,2.0,25,1029148,1,1,U,AA,N,2239,6362.0,1353.05,1320.05,6350.0,2232,55.0,264.58,93.0,521,160,135,379.0,117.0,97.0,C,DC/MARYLAND/VIRGINIA AREA,Y,N,129.9899902,1.0,1.0,WCMB,0.0,0.0,O,7.0,S,M,3.0,M,9.0,2.0,,A,0.0,G,U,U,U,U,U,Y,745.0,730+,0,0.2784361233480176,1.8036290322580646,0.0,0.0,18.274193548387096,3950.3124999999995,0.3566805695383288,0,0,0,0,0,0,0,0,0,1,0,1,0.63149124,191.58433952093125,45,146.58433952093125,538.8310019940137,65,473.8310019940137,1053.7138673651218,85,968.7138673651218
178.025,1836.25,94.99,3.7125,119.0,41.65,41.65,0.0,47.6725,340.75,62.505,14.33333333,0.0,9.333333333,0.0,53.66666667,0.0,383.3333333,0.0,40.33333333,0.0,307.0,0.0,0.0,0.0,0.0,11.0,0.333333333,1164.556667,0.0,127.35,17.33333333,12.33,2.666666667,24.89333333,236.3333333,0.0,794.7133333,0.0,105.3333333,0.0,497.2,0.0,23.66666667,383.3333333,307.0,0.0,0.0,11,1077530,1,1,U,AA,N,3155,14894.0,1665.45,1584.57,14894.0,3155,158.46,1489.4,315.5,1723,367,157,1678.0,364.0,167.0,R,MIDWEST AREA,Y,N,59.98999023,1.0,1.0,WCMB,1.0,0.0,O,1.0,S,A,4.0,M,8.0,1.0,,A,0.0,N,U,U,U,U,U,Y,327.0,180-365,0,0.09689753707987482,0.43389936451713723,0.02594774799292421,0.0,19.12959683300344,1958.275,0.697399011915141,0,0,0,0,0,0,0,0,0,1,0,1,0.56036705,191.53794326543812,45,146.53794326543812,538.700470739603,65,473.700470739603,1053.4586879599096,85,968.4586879599096
161.8225,479.75,62.4625,1.485,25.5,7.65,7.65,0.0,0.0,465.25,323.7375,5.666666667,0.0,3.0,0.0,31.33333333,0.0,140.3333333,0.0,43.66666667,0.0,101.6666667,0.0,0.0,0.0,0.0,26.66666667,0.666666667,165.3433333,0.0,55.69,33.66666667,34.98333333,9.333333333,21.86333333,59.66666667,0.0,107.1033333,0.0,69.33333333,0.0,113.9333333,0.0,8.666666667,140.3333333,101.6666667,0.0,0.666666667,22,1025379,1,1,U,BA,N,2541,6652.0,820.97,820.97,6227.0,2397,63.15,479.0,184.38,325,148,54,459.0,187.0,71.0,U,NEW YORK CITY AREA,N,N,79.98999023,1.0,1.0,WC,0.0,0.0,,,,B,1.0,M,,,A,,0.0,N,U,U,U,U,U,N,671.0,365-730,0,0.3366042641705668,0.12054362812684657,0.0,0.0,7.559582430569234,3560.095,0.8924239760942169,0,0,1,1,1,0,0,1,1,0,1,0,0.615449,191.21952780580523,45,146.21952780580523,537.8049123084545,65,472.8049123084545,1051.7074029319288,85,966.7074029319288
188.74,2672.75,111.615,14.1075,196.0,73.0175,72.725,0.2925,0.0,25.25,-57.64,26.33333333,0.333333333,4.333333333,0.0,194.0,0.0,1119.0,6.0,480.0,0.0,905.3333333,5.666666667,2.666666667,5.0,3.326666667,284.0,1.333333333,1067.046667,10.28,714.37,217.3333333,152.0366667,65.33333333,82.67,658.3333333,0.333333333,899.8833333,0.7,632.3333333,5.333333333,881.5333333,9.58,31.0,1125.0,911.0,0.0,43.66666667,8,1086454,1,1,N,ZA,Y,5994,13285.0,1648.19,1581.59,13244.0,5960,225.94,1892.0,851.43,2664,1219,208,2024.0,889.0,239.0,C,NORTHWEST/ROCKY MOUNTAIN AREA,N,R,79.98999023,3.0,2.0,WCMB,0.0,0.0,,,,U,,,,,,,0.0,N,U,U,U,U,U,N,79.0,<180,1,0.07058999532491819,0.6483816543089287,0.0,21.333333336,23.733516849442793,1509.92,0.2317471151045325,0,0,1,1,1,1,1,1,1,1,1,0,0.52741605,191.12545748901368,45,146.12545748901368,537.540349187851,65,472.540349187851,1051.1900161895753,85,966.1900161895753
218.3475,1610.75,219.99,5.94,0.0,0.0,0.0,0.0,2.4175,270.25,4.3025,12.66666667,0.0,7.0,0.0,37.66666667,0.0,289.0,0.0,145.6666667,0.0,234.6666667,0.0,0.666666667,1.333333333,1.063333333,62.0,0.0,671.29,0.0,480.4066667,108.0,206.05,40.66666667,166.6266667,239.6666667,0.0,749.24,0.0,116.3333333,0.0,402.4533333,0.0,19.66666667,289.0,234.6666667,0.0,15.0,12,1064933,4,2,U,B,N,4692,17499.0,3778.37,3548.39,17489.0,4690,322.58,1589.91,426.36,1521,377,217,1596.0,403.0,270.0,,CENTRAL/SOUTH TEXAS AREA,Y,N,199.9899902,1.0,1.0,WCMB,0.0,0.0,O,,M,B,1.0,M,7.0,,C,,0.0,D,U,U,U,U,U,Y,354.0,180-365,0,0.13547231270358306,0.0,0.0014999224445478518,8.000000004,7.288791348024797,2620.17,0.5999999998800001,1,0,0,1,0,0,0,0,1,0,1,1,0.4556505,191.02107848739627,45,146.02107848739627,537.2468353039026,65,472.24683530390257,1050.6159316806795,85,965.6159316806795
239.3675,1554.75,71.2425,2.97,274.5,109.8,109.8,0.0,1.2325,387.25,-79.0775,3.333333333,0.0,16.33333333,0.0,135.6666667,0.0,552.3333333,0.0,100.0,0.0,397.6666667,0.0,1.666666667,22.0,20.93333333,50.66666667,0.0,849.0233333,0.0,224.72,18.66666667,16.96333333,10.0,5.696666667,312.0,0.0,635.1066667,0.0,185.0,0.0,438.6366667,0.0,19.66666667,552.3333333,397.6666667,0.0,8.333333333,47,1001883,2,1,N,C,N,10250,28527.03,3243.84,3121.37,28259.0,10089,94.59,856.33,305.73,1426,493,266,1301.0,440.0,175.0,U,HOUSTON AREA,N,N,,7.0,3.0,WC,0.0,0.0,O,1.0,M,U,2.0,M,1.0,2.0,C,B,0.0,F,U,U,U,U,U,Y,90.0,<180,1,0.15385987465852483,1.5198809565006746,0.0007922224007713321,78.333333349,21.521265183237013,11250.272500000001,0.23886029490901328,0,0,0,0,0,0,0,0,0,0,0,1,0.41496676,190.71273919296266,45,145.71273919296266,536.3796360498667,65,471.3796360498667,1048.9200655612947,85,963.9200655612947
231.555,2338.25,123.0325,3.96,314.25,109.3375,109.3375,0.0,0.0,-445.25,-77.595,5.0,0.0,0.333333333,0.0,16.66666667,0.0,107.6666667,0.333333333,32.66666667,0.0,87.33333333,0.333333333,1.0,2.666666667,2.16,11.0,0.333333333,413.2333333,0.023333333,196.0,22.0,58.88666667,7.333333333,52.57666667,61.66666667,0.0,341.1033333,0.0,53.66666667,0.333333333,268.13,0.023333333,5.333333333,108.0,87.66666667,0.0,2.333333333,25,1029203,3,2,Y,AA,N,7713,36902.0,2854.98,2821.98,36902.0,7713,117.58,1537.58,321.38,2487,414,257,2175.0,386.0,195.0,S,GREAT LAKES AREA,Y,N,149.9899902,2.0,2.0,WCMB,1.0,1.0,O,6.0,M,A,2.0,M,9.0,1.0,C,B,0.0,S,U,U,U,U,U,Y,167.0,<180,1,0.0989868547611414,0.8815229879265516,0.0,25.0,18.85191381291194,5788.875,0.3470387028630186,0,0,0,0,0,0,0,0,0,0,0,0,0.4287149,190.60047158288955,45,145.60047158288955,536.0638056242466,65,471.0638056242466,1048.3025937058926,85,963.3025937058926
130.2025,1505.25,119.99,0.0,57.75,20.2125,20.2125,0.0,0.0,-566.25,-20.2125,17.33333333,0.0,14.33333333,0.0,58.0,0.666666667,363.0,3.0,256.3333333,0.0,281.0,2.333333333,0.666666667,1.0,0.54,98.66666667,0.0,432.3266667,6.563333333,727.5033333,79.66666667,115.2633333,43.33333333,78.36666667,225.3333333,0.0,411.6533333,0.0,304.3333333,2.333333333,748.1733333,6.563333333,31.66666667,366.0,283.3333333,0.0,16.66666667,11,1091683,3,3,Y,AA,N,4340,11340.0,1336.85,1200.07,11328.0,4331,133.34,1258.67,481.22,1694,626,137,1712.0,643.0,145.0,S,ATLANTIC SOUTH AREA,Y,N,199.9899902,1.0,1.0,WCMB,0.0,0.0,O,9.0,S,M,3.0,M,9.0,2.0,C,A,0.0,N,U,Y,Y,U,U,Y,307.0,180-365,0,0.0864414937759336,0.16705926109595834,0.0,7.333333337,12.44111083560625,1432.2275,0.5453377654087849,0,0,0,0,0,0,0,0,0,0,0,1,0.7618273,190.44829998254775,45,145.44829998254775,535.6358669829368,65,470.6358669829368,1047.4656499040127,85,962.4656499040127
156.32,1551.25,69.99,2.97,296.0,88.8,88.8,0.0,0.0,-390.25,-88.1,10.0,0.0,12.66666667,0.0,166.3333333,0.0,532.3333333,1.333333333,124.3333333,0.0,346.3333333,1.333333333,1.666666667,24.33333333,23.51,38.33333333,0.0,787.49,2.453333333,391.77,40.33333333,40.02666667,9.333333333,54.98333333,303.0,0.0,640.4033333,0.0,164.6666667,1.333333333,538.8533333,2.453333333,22.66666667,533.6666667,347.6666667,0.0,6.333333333,15,1043967,1,1,N,ZA,N,5917,19262.0,1736.77,1701.01,19262.0,5917,121.5,1375.86,422.64,1681,504,186,1277.0,382.0,125.0,,CENTRAL/SOUTH TEXAS AREA,Y,N,199.9899902,1.0,1.0,WCMB,0.0,0.0,O,,,S,1.0,M,3.0,2.0,C,,0.0,H,U,U,U,U,U,Y,448.0,365-730,0,0.10070542760508938,1.2508804056909424,0.0,25.000000005,21.851669249190028,2344.7999999999997,0.25526177004252437,1,0,0,1,1,0,0,0,0,0,1,0,0.63316727,190.03526580810546,45,145.03526580810546,534.4742409896851,65,469.4742409896851,1045.1939619445802,85,960.1939619445802
157.6325,724.0,43.78,0.0,143.25,50.675,50.675,0.0,71.115,-82.0,-11.0225,10.0,0.0,5.333333333,0.0,54.66666667,0.0,169.0,0.0,36.33333333,0.0,102.6666667,0.0,0.0,0.0,0.0,10.0,0.0,211.6966667,0.0,130.5233333,23.66666667,15.67333333,1.666666667,12.25,108.6666667,0.0,225.3666667,0.0,26.66666667,0.0,116.8533333,0.0,15.33333333,169.0,102.6666667,0.0,2.333333333,14,1075350,1,1,U,AA,N,1835,6054.0,1143.24,1078.26,6050.0,1833,89.86,504.17,152.75,751,233,161,650.0,199.0,117.0,S,DC/MARYLAND/VIRGINIA AREA,Y,N,149.9899902,1.0,1.0,WCMB,0.0,0.0,O,1.0,M,B,1.0,M,2.0,2.0,A,B,0.0,N,U,U,U,U,U,Y,397.0,365-730,0,0.21742413793103446,1.1316435908887896,0.09808965517241379,0.0,16.167932112550247,2206.855,0.46912157561154466,0,0,0,0,0,0,0,0,0,0,0,0,0.6278166,190.01146167612077,45,145.01146167612077,534.4072641509771,65,469.4072641509771,1045.0630392186642,85,960.0630392186642
137.8225,1433.75,66.2,2.7225,227.25,73.1,73.1,0.0,0.0,345.25,96.4275,29.66666667,0.0,0.666666667,0.0,103.0,0.0,471.0,0.0,181.0,0.0,347.0,0.0,6.666666667,21.66666667,18.36666667,72.0,0.0,606.5433333,0.0,419.6466667,72.0,79.89,11.33333333,21.15,236.3333333,0.0,478.1066667,0.0,266.6666667,0.0,548.0833333,0.0,30.33333333,471.0,347.0,0.0,12.33333333,15,1049003,1,1,U,EA,N,6420,17021.0,1287.44,1237.46,16939.0,6382,88.39,1209.93,455.86,1319,501,106,1374.0,516.0,114.0,T,NORTHWEST/ROCKY MOUNTAIN AREA,N,N,29.98999023,1.0,1.0,WCMB,0.0,0.0,R,3.0,M,M,1.0,M,3.0,,C,J,0.0,N,U,Y,U,U,U,Y,462.0,365-730,0,0.09606028924899808,1.0877976190476188,0.0,100.000000005,21.335565476190474,2067.3374999999996,0.11422743497780265,0,0,0,0,0,0,0,0,1,0,0,1,0.71800756,189.99859258127213,45,144.99859258127213,534.3710334199667,65,469.3710334199667,1044.9922591969967,85,959.9922591969967
166.46,917.75,50.0,0.0,365.75,109.725,109.725,0.0,0.4875,330.25,84.74,11.0,0.0,7.666666667,0.0,62.33333333,0.0,233.6666667,0.0,50.33333333,0.0,157.3333333,0.0,0.333333333,2.0,1.94,12.33333333,0.333333333,524.4833333,0.0,163.3366667,36.33333333,38.33,7.333333333,42.84333333,147.0,0.0,485.3666667,0.0,56.0,0.0,202.4533333,0.0,18.66666667,233.6666667,157.3333333,0.0,2.666666667,20,1034548,1,1,U,BA,N,3235,10146.0,1532.02,1475.57,10024.0,3209,77.66,527.58,168.89,808,236,138,656.0,208.0,118.0,C,CENTRAL/SOUTH TEXAS AREA,Y,R,129.9899902,2.0,2.0,WCMB,0.0,0.0,,,,U,,,,,,,0.0,N,U,U,U,U,U,N,128.0,<180,1,0.1811809523809524,2.151470588235294,0.0005306122448979592,6.666666660000001,17.995098039215687,3329.2000000000003,0.28696019133424294,0,0,1,1,1,1,1,1,1,1,1,1,0.5940814,189.87031073379518,45,144.87031073379518,534.0102985477448,65,469.0102985477448,1044.2867090358734,85,959.2867090358734
140.6775,1707.5,104.99,1.2375,127.0,44.45,44.45,0.0,0.0,-863.5,-44.6975,24.0,0.0,1.0,0.0,59.66666667,0.0,439.0,0.0,208.3333333,0.0,363.6666667,0.0,3.0,4.333333333,2.646666667,156.3333333,0.333333333,261.7666667,0.0,171.5033333,42.0,25.84333333,19.66666667,12.66333333,349.6666667,0.0,293.5,0.0,193.3333333,0.0,139.77,0.0,25.0,439.0,363.6666667,0.0,16.33333333,11,1078182,2,1,U,BA,N,9578,14525.0,1369.89,1289.01,14525.0,9578,128.9,1452.5,957.8,1995,1291,155,1626.0,1073.0,126.0,U,LOS ANGELES AREA,Y,N,79.98999023,4.0,2.0,WCMB,0.0,0.0,R,,M,M,1.0,M,1.0,2.0,C,,0.0,S,U,Y,U,Y,U,Y,58.0,<180,1,0.08233977172958737,0.41937918671572794,0.0,33.0,16.11001037833758,1547.4525,0.2262761256164471,0,0,0,1,0,0,0,0,0,0,1,1,0.7018654,189.57440734076502,45,144.57440734076502,533.1780164533853,65,468.17801645338534,1042.6592403742077,85,957.6592403742077
147.16,1701.0,58.3225,0.495,294.25,102.9875,102.9875,0.0,0.0,-156.0,-91.67,30.66666667,0.0,3.0,0.0,179.0,0.0,776.3333333,0.0,240.0,0.0,572.0,0.0,1.333333333,1.666666667,0.806666667,177.0,0.0,858.84,0.0,277.9366667,212.3333333,267.5833333,43.33333333,148.0033333,133.3333333,0.0,188.18,0.0,568.0,0.0,948.6,0.0,33.66666667,776.3333333,572.0,0.0,6.333333333,11,1084513,1,1,U,BA,N,5140,11992.0,941.29,869.94,11902.0,5097,96.66,1322.44,566.33,1753,706,178,1507.0,661.0,126.0,S,DC/MARYLAND/VIRGINIA AREA,Y,N,149.9899902,1.0,1.0,WCMB,0.0,0.0,O,10.0,S,U,4.0,M,9.0,1.0,C,A,1.0,F,U,U,U,Y,Y,Y,305.0,180-365,0,0.08646298472385429,1.7360613595178895,0.0,14.666666662999999,28.67377470605588,1618.76,0.24573679270743384,0,0,0,0,0,0,0,0,0,0,0,0,0.67023486,189.37298274993896,45,144.37298274993896,532.6115402984619,65,467.61154029846193,1041.5514051246644,85,956.5514051246644
139.89,632.5,54.99,0.0,239.75,95.9,95.9,0.0,0.0,153.5,18.5,17.0,0.0,4.0,0.0,23.66666667,0.0,154.6666667,0.0,43.33333333,0.0,113.0,0.0,2.0,4.333333333,3.093333333,27.0,0.0,364.4266667,0.0,90.62666667,21.0,28.84333333,0.0,0.0,85.33333333,0.0,246.5066667,0.0,49.33333333,0.0,208.5433333,0.0,21.0,154.6666667,113.0,0.0,0.0,14,1063378,1,1,U,ZA,Y,1537,4790.0,1014.0,925.02,4786.0,1535,71.16,368.15,118.08,581,140,134,397.0,112.0,89.0,S,LOS ANGELES AREA,N,N,129.9899902,1.0,1.0,WCMB,0.0,0.0,O,0.0,S,M,3.0,M,7.0,,,A,0.0,U,U,U,U,Y,U,Y,409.0,365-730,0,0.22082083662194157,1.7128058581889622,0.0,28.0,11.296660117878192,1958.4599999999998,0.2121878197597302,0,0,0,0,0,0,0,0,1,1,0,1,0.70365137,188.99288738822938,45,143.99288738822938,531.5425041174888,65,466.54250411748876,1039.4608806352617,85,954.4608806352617
146.3225,1188.5,44.99,1.2375,314.0,109.9,109.9,0.0,0.195,171.5,29.6375,0.0,0.0,0.0,0.0,0.0,0.0,0.0,0.0,0.0,0.0,0.0,0.0,0.0,0.0,0.0,0.0,0.0,0.0,0.0,0.0,0.0,0.0,0.0,0.0,0.0,0.0,0.0,0.0,0.0,0.0,0.0,0.0,0.0,0.0,0.0,0.0,0.0,12,1073019,1,1,U,AA,N,2254,7912.0,1212.75,1147.77,7912.0,2254,104.34,719.27,204.91,1131,323,136,1049.0,289.0,147.0,,LOS ANGELES AREA,Y,N,129.9899902,1.0,1.0,WCMB,0.0,0.0,O,2.0,M,B,1.0,M,7.0,2.0,C,,0.0,Z,U,U,U,U,U,Y,348.0,180-365,0,0.1230117696511139,2.389649923896499,0.0001639344262295082,0.0,25.84257447271146,1755.87,0.29501571621014816,1,0,0,0,0,0,0,0,0,0,1,1,0.67171746,188.7117560582161,45,143.7117560582161,530.7518400782346,65,465.75184007823464,1037.9146583201887,85,952.9146583201887
166.5975,1191.0,159.99,0.7425,0.0,0.0,0.0,0.0,1.865,-1191.0,-2.6075,0.0,0.0,0.0,0.0,0.0,0.0,0.0,0.0,0.0,0.0,0.0,0.0,0.0,0.0,0.0,0.0,0.0,0.0,0.0,0.0,0.0,0.0,0.0,0.0,0.0,0.0,0.0,0.0,0.0,0.0,0.0,0.0,0.0,0.0,0.0,0.0,0.0,22,1039944,1,1,N,AA,N,3125,14715.0,1900.2,1774.4,14487.0,3053,197.16,1609.67,339.22,1588,300,167,1555.0,320.0,178.0,S,CENTRAL/SOUTH TEXAS AREA,T,N,399.9899902,2.0,2.0,WCMB,0.0,0.0,O,1.0,S,M,2.0,M,9.0,3.0,C,A,0.0,U,Y,U,U,U,U,Y,166.0,<180,1,0.13976300335570468,0.0,0.0015645973154362416,0.0,7.397975029504938,3665.145,1.0,0,0,0,0,0,0,0,0,0,0,0,1,0.588548,188.25719595050813,45,143.25719595050813,529.4734231907129,65,464.4734231907129,1035.4145777277947,85,950.4145777277947
154.655,1177.5,51.36,0.495,182.0,72.8,72.8,0.0,0.0,-132.5,121.615,3.0,0.0,4.666666667,0.0,36.33333333,0.0,166.3333333,0.0,122.0,0.0,123.6666667,0.0,1.0,3.666666667,2.956666667,17.33333333,0.0,340.17,0.0,689.0,36.66666667,30.54333333,8.666666667,45.38,127.6666667,0.0,461.2733333,0.0,116.6666667,0.0,567.8966667,0.0,7.666666667,166.3333333,123.6666667,0.0,4.666666667,10,1086926,3,2,U,AA,N,2002,10688.0,933.91,891.4,10243.0,1952,99.04,1138.11,216.89,1222,253,114,1094.0,224.0,101.0,S,MIDWEST AREA,Y,N,149.9899902,1.0,1.0,WCMB,0.0,0.0,,,,U,,,,,,,0.0,J,U,U,U,U,U,N,292.0,180-365,0,0.13123037759864234,1.3903743315508021,0.0,10.0,22.48854087089381,1546.55,0.2949526813880126,0,0,1,1,1,1,1,1,1,1,1,0,0.6337806,188.193278087616,45,143.193278087616,529.2936314940453,65,464.29363149404526,1035.063029481888,85,950.063029481888
125.4,1287.5,69.99,4.2075,254.0,76.2,76.2,0.0,0.0,1760.5,247.31,3.333333333,0.0,13.33333333,0.0,81.66666667,0.0,419.0,0.333333333,107.0,0.0,322.3333333,0.333333333,0.666666667,1.333333333,1.26,58.66666667,0.0,522.1833333,0.116666667,267.7433333,46.66666667,103.8933333,9.0,48.93,197.3333333,0.0,277.2133333,0.0,230.3333333,0.333333333,512.71,0.116666667,16.66666667,419.3333333,322.6666667,0.0,9.333333333,11,1079122,3,2,U,A,N,2879,7722.0,729.2,518.57,7722.0,2879,51.86,772.2,287.9,701,264,43,731.0,259.0,53.0,,SOUTH FLORIDA AREA,Y,N,149.9899902,1.0,1.0,WCMB,1.0,1.0,O,10.0,S,M,3.0,M,6.0,2.0,I,A,0.0,N,U,U,Y,U,U,Y,320.0,180-365,0,0.09732246798603027,1.0733906183969575,0.0,7.333333337,18.136357233413158,1379.4,0.3649558734882903,1,0,0,0,0,0,0,0,0,0,0,1,0.78152764,188.16685123443605,45,143.16685123443605,529.219246673584,65,464.21924667358405,1034.9176817893983,85,949.9176817893983
140.8575,742.0,56.365,1.98,263.75,92.5125,92.5125,0.0,0.0,-324.0,-89.8775,8.333333333,0.0,0.666666667,0.0,10.66666667,0.0,122.0,0.0,124.6666667,0.0,107.6666667,0.0,1.0,5.0,4.323333333,62.33333333,0.0,268.68,0.0,349.3433333,42.0,45.5,15.0,84.44666667,155.0,0.0,451.3933333,0.0,29.0,0.0,166.6333333,0.0,9.0,122.0,107.6666667,0.0,0.666666667,16,1046661,2,1,U,EA,N,1963,7927.0,1468.39,1370.28,7782.0,1928,97.88,555.86,137.71,850,203,171,762.0,175.0,140.0,C,NORTHWEST/ROCKY MOUNTAIN AREA,Y,N,79.98999023,1.0,1.0,WCMB,0.0,0.0,O,,,U,1.0,M,6.0,2.0,C,,0.0,S,U,U,U,U,U,Y,484.0,365-730,0,0.1895794078061911,1.612699381155757,0.0,16.0,12.934716290420988,2253.72,0.2768013317731643,0,0,0,1,1,0,0,0,0,0,1,0,0.6953833,188.0639236421585,45,143.0639236421585,528.9298020350933,65,463.9298020350933,1034.3515800318717,85,949.3515800318717
171.2325,948.75,59.99,0.0,241.25,72.375,72.375,0.0,5.955,1140.25,261.5075,3.666666667,0.0,11.33333333,0.0,23.33333333,0.0,139.6666667,0.0,10.66666667,0.0,101.3333333,0.0,0.333333333,0.666666667,0.61,4.666666667,0.333333333,423.99,0.0,32.81,14.33333333,29.55,1.333333333,7.433333333,93.0,0.0,335.1366667,0.0,18.66666667,0.0,121.6633333,0.0,15.0,139.6666667,101.3333333,0.0,1.333333333,13,1049826,2,2,U,AA,N,1310,5858.0,967.36,911.41,5785.0,1298,75.95,482.08,108.17,569,122,84,566.0,114.0,90.0,U,OHIO AREA,Y,N,199.9899902,2.0,2.0,WCMB,1.0,0.0,O,6.0,S,M,2.0,M,6.0,1.0,C,A,0.0,N,Y,Y,Y,U,U,Y,177.0,<180,1,0.1802921821531982,1.1866699458927692,0.006270071071334562,4.333333329,15.555828824397441,2226.0225,0.39682488049752723,0,0,0,0,0,0,0,0,0,0,0,1,0.571294,187.82228143787384,45,142.82228143787384,528.2501461315155,65,463.2501461315155,1033.0225479083063,85,948.0225479083063
132.8925,1011.5,51.36,9.1575,200.0,74.025,74.025,0.0,0.0,-279.5,-71.9725,11.0,0.0,23.0,0.0,35.66666667,0.0,211.6666667,0.0,82.66666667,0.0,147.3333333,0.0,0.666666667,5.333333333,5.026666667,25.0,0.0,357.5366667,0.0,195.9133333,31.33333333,21.18,39.0,88.95666667,121.0,0.0,275.8166667,0.0,103.3333333,0.0,277.63,0.0,34.0,211.6666667,147.3333333,0.0,3.333333333,11,1076116,2,2,N,AA,N,2070,6478.0,956.71,891.73,6477.0,2069,89.17,647.7,206.9,1105,331,157,896.0,274.0,124.0,T,DC/MARYLAND/VIRGINIA AREA,Y,N,199.9899902,1.0,1.0,WCMB,0.0,0.0,,,,U,,,,,,,0.0,S,U,U,U,U,U,N,333.0,180-365,0,0.13125185185185187,1.4137700534759359,0.0,7.333333337,19.31818181818182,1461.8175,0.32462929472074903,0,0,1,1,1,1,1,1,1,1,1,0,0.73455083,187.42329467153553,45,142.42329467153553,527.1280241847039,65,462.1280241847039,1030.8281206934455,85,945.8281206934455
158.455,1486.5,59.99,4.95,320.5,96.24,95.85,0.39,0.0,-46.5,18.525,15.0,0.0,19.0,0.0,103.3333333,0.0,416.0,0.333333333,181.0,0.0,285.6666667,0.333333333,11.33333333,22.66666667,13.99666667,80.66666667,0.333333333,658.66,1.173333333,467.28,60.33333333,45.81,4.333333333,2.926666667,288.3333333,0.0,629.03,0.0,171.3333333,0.333333333,496.91,1.173333333,34.0,416.3333333,286.0,0.0,6.0,13,1059923,1,1,Y,DA,Y,4120,14593.0,1528.85,1448.09,14509.0,4093,131.64,1319.0,372.09,1502,437,152,1164.0,337.0,113.0,U,SOUTHWEST AREA,Y,N,199.9899902,2.0,2.0,WCMB,0.0,0.0,,,M,U,1.0,M,6.0,2.0,C,,0.0,H,U,U,U,U,U,Y,347.0,180-365,1,0.10652436974789917,1.5779636005902606,0.0,147.33333329,24.372848007870143,2059.915,0.07188402382534506,0,0,1,1,0,0,0,0,0,0,1,1,0.61562693,187.2944096221924,45,142.2944096221924,526.7655270624161,65,461.76552706241614,1030.1192529220582,85,945.1192529220582
170.0175,1410.5,68.1375,0.7425,199.75,79.8875,79.4,0.4875,0.0,-230.5,-80.0275,29.0,0.0,0.333333333,0.0,30.33333333,0.0,231.6666667,0.0,51.33333333,0.0,175.6666667,0.0,1.666666667,3.0,1.973333333,29.66666667,0.0,323.08,0.0,74.23333333,36.0,56.78666667,2.0,2.183333333,83.33333333,0.0,170.2033333,0.0,126.0,0.0,227.11,0.0,29.33333333,231.6666667,175.6666667,0.0,0.0,23,1022168,5,2,U,AA,N,7410,21813.0,2319.45,2278.49,21769.0,7393,103.57,989.5,336.05,1487,463,197,1370.0,417.0,140.0,C,CALIFORNIA NORTH AREA,N,N,129.9899902,2.0,2.0,WCMB,0.0,0.0,O,3.0,S,S,4.0,M,6.0,2.0,,A,0.0,N,U,U,U,U,U,Y,60.0,<180,1,0.12045164718384697,1.1554872536611824,0.0,38.333333341,20.401374073404448,3910.4025,0.2616325822448859,0,0,0,0,0,0,0,0,0,1,0,0,0.5736457,187.25724103403093,45,142.25724103403093,526.6610005420447,65,461.6610005420447,1029.9148256871702,85,944.9148256871702
233.8925,1050.25,64.8275,2.475,439.75,131.925,131.925,0.0,42.165,-641.25,-152.6825,12.0,0.0,19.33333333,0.0,22.66666667,0.0,229.0,0.0,52.0,0.0,177.6666667,0.0,0.0,0.0,0.0,16.66666667,0.0,352.3,0.0,242.8366667,39.33333333,38.34666667,6.0,7.83,200.0,0.0,556.0,0.0,22.33333333,0.0,39.13333333,0.0,31.33333333,229.0,177.6666667,0.0,2.666666667,28,1013301,2,1,Y,A,N,10216,34750.0,8171.47,8034.1,34065.0,9987,321.36,1362.6,399.48,1264,395,285,1363.0,404.0,311.0,T,ATLANTIC SOUTH AREA,Y,N,199.9899902,2.0,2.0,WCMB,0.0,0.0,O,7.0,S,M,2.0,M,9.0,2.0,I,A,0.0,N,U,Y,U,Y,U,Y,142.0,<180,1,0.22248989298454222,2.004101629258289,0.04010939357907253,0.0,15.954578253769322,6548.990000000001,0.3328782189858535,0,0,0,0,0,0,0,0,0,0,0,1,0.41677612,187.16316182231904,45,142.16316182231904,526.396420507431,65,461.396420507431,1029.3973900227547,85,944.3973900227547
142.4575,1166.75,45.0,13.6125,254.25,63.5625,63.5625,0.0,20.2825,-32.75,23.3825,13.33333333,0.0,6.333333333,0.0,45.66666667,0.0,389.0,0.0,74.0,0.0,326.6666667,0.0,0.0,0.0,0.0,21.66666667,0.0,543.9,0.0,226.2533333,86.66666667,43.96333333,5.333333333,13.08333333,218.6666667,0.0,428.96,0.0,177.0,0.0,341.1933333,0.0,19.66666667,389.0,326.6666667,0.0,5.666666667,21,1043176,2,2,U,AA,N,7770,19061.0,2333.77,2218.36,18765.0,7659,110.92,938.25,382.95,1178,494,135,1123.0,449.0,122.0,T,CENTRAL/SOUTH TEXAS AREA,Y,N,59.98999023,1.0,1.0,WCMB,1.0,0.0,O,5.0,S,M,2.0,M,8.0,1.0,C,A,0.0,N,U,U,U,U,Y,Y,625.0,365-730,0,0.12199314921858276,1.3817934782608696,0.017368871761935346,0.0,25.36413043478261,2991.6075,0.41985168282943525,0,0,0,0,0,0,0,0,0,0,0,1,0.6841273,187.12140747690205,45,142.12140747690205,526.2789670199156,65,461.2789670199156,1029.1677411229612,85,944.1677411229612
160.8325,1555.5,59.99,0.7425,265.25,106.1,106.1,0.0,0.0,-419.5,-105.2425,28.0,0.0,2.0,0.0,107.6666667,0.0,485.6666667,0.0,192.3333333,0.0,359.6666667,0.0,0.666666667,2.0,1.533333333,100.6666667,0.666666667,501.2466667,0.0,394.8266667,92.33333333,110.81,22.66666667,60.04,218.6666667,0.0,399.57,0.0,257.6666667,0.0,496.51,0.0,30.0,485.6666667,359.6666667,0.0,5.666666667,48,1001677,1,1,Y,A,N,7622,18998.0,2401.75,2344.91,18759.0,7514,65.14,521.08,208.72,1695,556,196,1441.0,487.0,177.0,C,NEW ENGLAND AREA,N,R,79.98999023,6.0,4.0,WCMB,1.0,1.0,,3.0,M,S,1.0,M,1.0,1.0,C,C,0.0,U,U,U,U,U,U,Y,277.0,180-365,1,0.10332958560873756,1.7396294474504015,0.0,32.000000016,25.504181013280864,7719.960000000001,0.2935740071914881,0,0,1,0,0,0,0,0,0,0,0,1,0.60592437,187.10847839760783,45,142.10847839760783,526.242609872818,65,461.242609872818,1029.096631186843,85,944.0966311868431
129.83,1753.25,63.6225,10.1475,135.0,47.25,47.25,0.0,6.3925,526.75,82.78,8.0,0.0,41.33333333,0.0,19.0,0.0,322.6666667,0.0,70.0,0.0,256.6666667,0.0,6.333333333,38.0,35.12,27.66666667,0.0,877.2966667,0.0,579.0166667,71.0,142.7,8.666666667,34.68666667,144.0,0.0,352.8466667,0.0,180.0,0.0,1103.473333,0.0,49.33333333,322.6666667,256.6666667,0.0,4.666666667,7,1084223,1,1,U,AA,N,1329,6949.0,481.69,416.08,6910.0,1322,83.22,1382.0,264.4,1578,295,102,,,,T,CHICAGO AREA,Y,N,149.9899902,1.0,1.0,WCMB,0.0,0.0,,,,U,,,,,,,0.0,U,U,U,U,U,U,N,198.0,180-365,0,0.07400883568476557,0.7311694843127393,0.0036440074105743197,44.333333331,27.130643351773763,908.8100000000001,0.12400020468133718,0,0,1,1,1,1,1,1,1,1,1,0,0.75061136,187.10758720970156,45,142.10758720970156,526.2401122426987,65,461.24011224269873,1029.0917296533587,85,944.0917296533587
159.4025,1443.25,44.6275,2.475,305.75,122.3,122.3,0.0,0.0,-367.25,-75.6125,37.0,0.0,2.666666667,0.0,107.0,0.0,351.3333333,0.0,141.3333333,0.0,213.6666667,0.0,6.333333333,9.333333333,5.856666667,73.33333333,0.333333333,598.5966667,0.0,561.7266667,46.33333333,47.48666667,15.0,22.50666667,122.6666667,0.0,251.7833333,0.0,206.6666667,0.0,908.5233333,0.0,39.66666667,351.3333333,213.6666667,0.0,9.666666667,7,1090720,1,1,Y,BA,N,2147,9443.0,1145.82,1075.21,9306.0,2123,179.2,1551.0,353.83,1566,327,185,1551.0,354.0,179.0,S,NEW ENGLAND AREA,N,N,29.98999023,1.0,1.0,WC,0.0,0.0,R,5.0,M,M,4.0,M,4.0,3.0,,B,0.0,O,U,U,U,U,U,Y,209.0,180-365,0,0.11037043448156483,2.680401073913758,0.0,44.333333331,31.631143498986358,1115.8175,0.09986284430607352,0,0,0,0,0,0,0,0,0,1,0,1,0.6109492,186.98271282958987,45,141.98271282958987,525.888917837739,65,460.888917837739,1028.4049205627443,85,943.4049205627443
135.03,636.5,44.99,4.7025,272.0,95.24,94.85,0.39,0.0975,347.5,117.03,15.33333333,0.0,0.333333333,0.0,46.66666667,0.0,191.6666667,1.0,83.66666667,0.0,137.0,1.0,0.333333333,1.0,0.96,51.66666667,0.0,239.42,0.05,74.74666667,78.66666667,79.98,42.33333333,49.64,154.0,0.333333333,266.11,0.01,39.33333333,0.666666667,48.05666667,0.04,15.66666667,192.6666667,138.0,0.0,0.0,12,1073448,2,2,U,AA,N,3705,12731.0,1440.83,1375.85,12710.0,3696,125.08,1155.45,336.0,521,210,96,424.0,191.0,72.0,S,LOS ANGELES AREA,T,N,99.98999023,2.0,2.0,WCMB,0.0,0.0,O,7.0,S,S,3.0,M,4.0,2.0,,A,0.0,N,U,U,U,Y,Y,Y,94.0,<180,1,0.21181176470588237,2.0708849749945637,0.00015294117647058825,3.999999996,13.839965209828224,1620.3600000000001,0.2937531936925347,0,0,0,0,0,0,0,0,0,1,0,0,0.72011447,186.69515939712525,45,141.69515939712525,525.0801519012451,65,460.08015190124513,1026.8233766841888,85,941.8233766841888
137.1375,1777.5,90.7175,2.97,114.75,43.45,43.45,0.0,0.0,-456.5,-40.2175,31.66666667,0.0,20.66666667,0.0,87.33333333,0.0,448.3333333,0.0,91.66666667,0.0,313.6666667,0.0,0.0,0.0,0.0,41.0,0.333333333,1336.856667,0.0,343.23,95.33333333,373.35,24.0,134.21,238.6666667,0.0,866.8966667,0.0,134.0,0.0,813.1866667,0.0,52.33333333,448.3333333,313.6666667,0.0,1.0,10,1087889,3,3,U,AA,N,2555,11051.0,1074.38,946.21,10665.0,2400,118.28,1333.13,300.0,1930,359,151,1517.0,319.0,131.0,T,HOUSTON AREA,Y,N,149.9899902,1.0,1.0,WCMB,1.0,1.0,O,7.0,S,M,4.0,M,8.0,2.0,C,A,0.0,N,U,U,U,U,Y,Y,284.0,180-365,0,0.07710851841439414,0.47373729113855045,0.0,0.0,19.380161910213427,1371.375,0.6785469879963749,0,0,0,0,0,0,0,0,0,0,0,1,0.70854145,186.56180394172668,45,141.56180394172668,524.7050735861062,65,459.7050735861062,1026.089921679497,85,941.0899216794969
148.9725,1300.75,59.99,1.7325,310.0,93.0,93.0,0.0,0.0,345.25,96.8875,11.0,0.0,5.0,0.0,46.0,0.0,265.3333333,0.0,66.33333333,0.0,206.0,0.0,0.0,0.0,0.0,15.33333333,0.0,512.0966667,0.0,267.55,53.66666667,46.91666667,7.0,13.84,134.6666667,0.0,348.82,0.0,135.0,0.0,430.8266667,0.0,16.0,265.3333333,206.0,0.0,4.666666667,20,1045157,1,1,U,ZA,N,4237,15363.0,1496.92,1416.94,15323.0,4222,74.58,806.47,222.21,1186,307,117,1024.0,271.0,84.0,S,HOUSTON AREA,N,N,79.98999023,1.0,1.0,WC,1.0,0.0,O,13.0,S,M,5.0,M,5.0,2.0,,A,0.0,N,U,U,U,U,Y,Y,605.0,365-730,0,0.11444017668523142,1.5248401377274963,0.0,0.0,21.32726676504345,2979.45,0.39606467952464447,0,0,0,0,0,0,0,0,0,1,0,1,0.6521313,186.52730090188982,45,141.52730090188982,524.608024907112,65,459.60802490711205,1025.900154960394,85,940.900154960394
117.1575,161.25,20.1625,0.495,90.25,89.945,89.75,0.195,2.6925,-160.25,-87.1675,1.333333333,0.0,0.0,0.0,7.666666667,0.0,22.0,0.666666667,17.0,0.0,14.0,0.666666667,0.0,0.0,0.0,6.333333333,0.0,44.66,1.3,41.91333333,0.0,0.0,0.0,0.0,23.0,0.0,74.58666667,0.0,5.333333333,0.666666667,11.98666667,1.3,1.333333333,22.66666667,14.66666667,0.0,0.0,15,1067122,2,2,U,I,N,1760,4684.0,1095.23,1049.39,4621.0,1730,74.96,330.07,123.57,215,62,146,164.0,50.0,104.0,C,NEW YORK CITY AREA,Y,N,199.9899902,1.0,1.0,WCMB,,,,,,,,,,,,,,,,,,,,,447.0,365-730,0,0.7220801232665639,4.2502067336089775,0.016594761171032358,0.0,7.619610159480212,1757.3625,0.19046869023243257,0,0,1,1,1,1,1,1,1,1,1,0,0.8291753,186.5166849975586,45,141.5166849975586,524.5781765556335,65,459.5781765556335,1025.8417674865723,85,940.8417674865723
151.29,1291.0,60.475,1.2375,237.75,92.0775,91.2,0.8775,0.0,-296.0,-60.13,21.33333333,0.0,5.333333333,0.0,73.0,0.0,274.6666667,1.0,121.0,0.0,181.3333333,1.0,1.333333333,2.333333333,1.603333333,56.33333333,3.0,839.0366667,2.43,426.5033333,3.333333333,3.973333333,10.33333333,105.3166667,171.3333333,0.333333333,623.0333333,0.023333333,113.0,0.666666667,642.5033333,2.406666667,26.66666667,275.6666667,182.3333333,0.0,1.333333333,11,1077913,2,2,U,A,N,2077,9031.0,1073.19,992.31,9009.0,2069,99.23,900.9,206.9,1390,246,171,1094.0,238.0,127.0,T,ATLANTIC SOUTH AREA,T,N,99.98999023,5.0,3.0,WCMB,0.0,0.0,O,15.0,S,M,3.0,M,6.0,,C,A,0.0,S,U,U,U,U,U,Y,111.0,<180,1,0.11709752321981423,1.4978039853599023,0.0,14.666666662999999,21.000406669377796,1664.1899999999998,0.26101909613307644,0,0,0,0,0,0,0,0,1,0,0,1,0.64178014,186.42222925186158,45,141.42222925186158,524.3125738763808,65,459.31257387638084,1025.3222608852386,85,940.3222608852386
129.845,1547.5,69.99,1.98,226.25,67.875,67.875,0.0,0.0,-572.5,-19.755,26.0,0.0,3.333333333,0.0,68.66666667,0.0,408.6666667,0.0,117.0,0.0,315.3333333,0.0,2.666666667,11.33333333,10.40333333,41.0,0.0,779.1333333,0.0,358.0366667,68.0,64.99,1.333333333,11.16666667,207.3333333,0.0,523.18,0.0,206.0,0.0,613.9866667,0.0,29.33333333,408.6666667,315.3333333,0.0,10.66666667,14,1075628,1,1,U,AA,N,4599,16069.0,1325.98,1246.0,16019.0,4583,103.83,1334.92,381.92,1738,431,136,1581.0,443.0,137.0,,NORTHWEST/ROCKY MOUNTAIN AREA,Y,N,199.9899902,3.0,2.0,WCMB,0.0,0.0,,,,U,,,,,,,0.0,N,U,U,U,U,U,N,122.0,<180,1,0.08385211494995157,0.9561205803634315,0.0,37.333333337999996,21.798844907733486,1817.83,0.21631971070490896,1,0,1,1,1,1,1,1,1,1,1,0,0.7466609,186.14436131954196,45,141.14436131954196,523.5310239505768,65,458.5310239505768,1023.7939872574808,85,938.7939872574808
194.4,1707.25,28.1775,0.2475,302.75,121.1,121.1,0.0,0.1725,-1707.25,-195.8,8.666666667,0.0,14.0,0.0,109.3333333,0.0,307.3333333,0.0,139.6666667,0.0,180.3333333,0.0,11.66666667,26.0,19.55666667,37.66666667,2.666666667,551.07,0.0,1191.533333,54.33333333,218.2033333,20.0,147.5833333,107.3333333,0.0,422.5633333,0.0,207.6666667,0.0,1320.036667,0.0,22.66666667,307.3333333,180.3333333,0.0,5.333333333,11,1057790,1,1,Y,DA,N,3225,12512.0,1337.43,1162.11,11502.0,2758,129.12,1278.0,306.44,2276,365,260,1358.0,262.0,157.0,S,ATLANTIC SOUTH AREA,Y,N,199.9899902,2.0,1.0,WCMB,0.0,0.0,O,4.0,M,S,2.0,M,1.0,,G,C,0.0,N,U,U,U,U,U,Y,167.0,<180,1,0.11380067320357092,4.150458401165282,0.00010098053563588467,128.33333337,58.512552480507246,2138.4,0.059463195746495605,0,0,0,0,0,0,0,0,1,0,0,0,0.49870446,186.1404434967041,45,141.1404434967041,523.5200031280518,65,458.5200031280518,1023.7724392318726,85,938.7724392318726
156.6925,1131.0,69.99,9.1575,200.5,70.175,70.175,0.0,14.38,-494.0,-83.5125,14.33333333,0.0,5.0,0.0,133.6666667,0.0,382.6666667,0.0,157.6666667,0.0,236.0,0.0,0.666666667,1.333333333,1.133333333,67.66666667,0.0,454.3533333,0.0,576.2,30.0,38.68333333,1.0,1.546666667,233.6666667,0.0,620.59,0.0,133.6666667,0.0,409.9633333,0.0,19.33333333,382.6666667,236.0,0.0,0.0,26,1025289,2,1,U,A,N,6031,16292.0,2040.72,1957.44,15474.0,5715,115.14,910.24,336.18,1296,373,184,861.0,253.0,132.0,S,CALIFORNIA NORTH AREA,Y,R,129.9899902,3.0,2.0,WCMB,0.0,0.0,,,,U,,,,,,,0.0,J,U,U,U,U,U,N,193.0,180-365,1,0.13842093639575972,0.9885195097901113,0.012703180212014135,17.333333342,15.931821383293423,4074.005,0.3766214244188756,0,0,1,1,1,1,1,1,1,1,1,1,0.6186165,186.11053898143768,45,141.11053898143768,523.4359095644951,65,458.4359095644951,1023.6079643979074,85,938.6079643979074
203.285,1790.0,96.98,7.6725,370.75,92.6875,92.0,0.6875,18.445,-1009.0,-111.355,25.0,0.666666667,3.0,0.0,69.66666667,0.0,465.0,10.0,207.6666667,0.666666667,379.0,9.333333333,0.333333333,0.333333333,0.073333333,80.0,1.666666667,786.5333333,22.59333333,590.42,119.6666667,149.8933333,20.66666667,60.85,381.3333333,5.0,968.68,14.73,174.0,4.333333333,408.2733333,7.863333333,28.66666667,475.0,388.3333333,0.0,21.0,25,1018998,2,2,U,EA,N,8647,27022.0,3132.08,3039.39,25907.0,8353,132.15,1126.39,363.17,2126,630,241,1498.0,449.0,162.0,S,LOS ANGELES AREA,Y,N,199.9899902,2.0,2.0,WCMB,0.0,0.0,,,,U,,,,,,,0.0,S,U,U,U,U,U,N,247.0,180-365,1,0.1135036292573981,0.945983874260053,0.010298715801228365,8.333333325,18.26903449683609,5082.125,0.4387278772848343,0,0,1,1,1,1,1,1,1,1,1,0,0.4767019,186.06018590402604,45,141.06018590402604,523.2942910301686,65,458.29429103016855,1023.3310224721432,85,938.3310224721432
311.7325,2823.0,219.99,7.425,158.75,39.7225,39.625,0.0975,6.5075,79.0,5.6075,39.0,0.0,9.0,0.0,66.66666667,0.0,572.0,0.333333333,223.3333333,0.0,469.3333333,0.333333333,0.333333333,4.333333333,4.29,114.3333333,0.666666667,1086.773333,0.04,548.6066667,92.0,138.86,7.666666667,28.99666667,549.6666667,0.333333333,1476.793333,0.04,90.0,0.0,158.58,0.0,48.0,572.3333333,469.6666667,0.0,14.0,16,1039043,1,1,U,AA,N,9882,34991.0,4789.54,4624.03,34918.0,9856,308.27,2327.87,657.07,2797,768,310,2634.0,727.0,341.0,S,CALIFORNIA NORTH AREA,Y,N,199.9899902,2.0,1.0,WCMB,0.0,0.0,O,13.0,S,M,3.0,M,9.0,,C,A,0.0,I,U,U,U,U,U,Y,492.0,365-730,1,0.1103868626062323,0.179747952396036,0.0023043555240793204,5.333333328,12.774333680257024,4987.72,0.6609030259324492,0,0,0,0,0,0,0,0,1,0,0,1,0.31043646,185.80441824662688,45,140.80441824662688,522.5749309638143,65,457.57493096381427,1021.9243003564478,85,936.9243003564478
224.395,1201.75,56.5225,2.2275,293.0,117.2,117.2,0.0,0.0,914.25,103.365,23.33333333,0.0,7.333333333,0.0,47.0,0.0,260.6666667,0.0,108.6666667,0.0,188.3333333,0.0,1.666666667,8.333333333,7.643333333,67.0,0.0,525.6,0.0,235.59,53.66666667,66.33666667,21.66666667,70.99666667,170.6666667,0.0,437.8833333,0.0,91.66666667,0.0,323.3033333,0.0,30.66666667,260.6666667,188.3333333,0.0,4.666666667,22,1025542,1,1,U,EA,N,7781,27134.0,2576.68,2516.58,27134.0,7781,119.84,1292.1,370.52,897,273,190,1205.0,335.0,138.0,U,CALIFORNIA NORTH AREA,N,N,29.98999023,5.0,4.0,,0.0,0.0,,,,U,,,,,,,0.0,N,U,U,U,U,U,N,180.0,<180,1,0.18656828102265643,2.037463601199531,0.0,36.666666674000005,20.891824938067714,4936.6900000000005,0.21257914704448483,0,1,1,1,1,1,1,1,1,1,1,1,0.43098333,185.68417894315724,45,140.68417894315724,522.2367465901375,65,457.2367465901375,1021.2629841873647,85,936.2629841873647
122.67,754.0,69.99,4.455,183.25,54.975,54.975,0.0,0.0,128.0,33.84,6.0,0.0,0.333333333,0.0,21.66666667,0.0,214.3333333,0.0,65.33333333,0.0,186.6666667,0.0,0.0,0.0,0.0,37.0,0.333333333,376.15,0.0,130.8966667,21.33333333,20.89666667,0.0,0.0,224.0,0.0,493.0966667,0.0,11.66666667,0.0,13.95333333,0.0,6.333333333,214.3333333,186.6666667,0.0,7.0,12,1074805,1,1,U,AA,N,2737,7384.0,967.45,887.47,7372.0,2735,80.68,670.18,248.64,711,240,111,750.0,274.0,100.0,T,NORTHWEST/ROCKY MOUNTAIN AREA,N,N,129.9899902,1.0,1.0,WCMB,0.0,0.0,O,5.0,S,M,2.0,M,4.0,2.0,I,A,1.0,S,U,U,U,U,U,Y,338.0,180-365,0,0.16247682119205298,0.774404845752923,0.0,0.0,10.62121425552895,1472.04,0.5635692454253166,0,0,0,0,0,0,0,0,0,0,0,1,0.7879836,185.59094906044007,45,140.59094906044007,521.9745515441895,65,456.97455154418947,1020.7502198324204,85,935.7502198324204
141.63,506.0,29.99,4.2075,299.25,104.7375,104.7375,0.0,0.47,-70.0,-31.32,1.666666667,0.0,5.333333333,0.0,24.66666667,0.0,130.0,0.0,12.0,0.0,98.66666667,0.0,0.666666667,4.666666667,4.09,1.666666667,0.0,255.6066667,0.0,50.6,9.666666667,9.806666667,1.333333333,4.12,75.0,0.0,170.3633333,0.0,35.33333333,0.0,135.8433333,0.0,7.0,130.0,98.66666667,0.0,0.0,12,1053726,1,1,U,BA,N,812,2585.0,773.9,713.92,2584.0,811,64.9,234.91,73.73,529,149,152,336.0,102.0,93.0,C,TENNESSEE AREA,Y,N,79.98999023,1.0,1.0,WCMB,0.0,0.0,,,,U,,,,,,,0.0,N,U,U,U,U,U,N,360.0,180-365,0,0.2793491124260355,3.3797192642788,0.0009270216962524654,8.000000004,16.32784769280413,1699.56,0.19816161776326746,0,0,1,1,1,1,1,1,1,1,1,1,0.681486,185.31622365760802,45,140.31622365760802,521.2018874788284,65,456.20188747882844,1019.2392301168442,85,934.2392301168442
127.73,392.75,82.4925,1.2375,40.0,14.0,14.0,0.0,0.0,-392.75,22.27,4.333333333,0.0,2.666666667,0.0,24.0,0.0,202.3333333,0.0,52.33333333,0.0,173.0,0.0,1.333333333,2.0,1.326666667,24.0,0.0,447.9133333,0.0,133.6233333,58.33333333,76.61333333,12.0,24.94666667,159.0,0.0,405.02,0.0,54.0,0.0,176.5166667,0.0,7.0,202.3333333,173.0,0.0,0.666666667,21,1044124,2,2,N,BA,N,3029,8267.0,2111.04,1884.46,8263.0,3028,94.22,413.15,151.4,524,159,120,444.0,150.0,116.0,U,CHICAGO AREA,Y,N,149.9899902,1.0,1.0,WCMB,0.0,0.0,,,,U,,,,,,,0.0,G,U,U,U,U,U,N,615.0,365-730,0,0.3243936507936508,0.16767973171242925,0.0,27.999999993,4.7040153307183274,2682.33,0.3998379753026127,0,0,1,1,1,1,1,1,1,1,1,0,0.7545042,185.03581814575196,45,140.03581814575196,520.4132994413376,65,455.4132994413376,1017.6969998016358,85,932.6969998016358
119.14,590.75,49.99,3.465,214.25,64.275,64.275,0.0,0.39,-476.75,-66.6,6.333333333,0.0,0.0,0.0,17.66666667,0.0,128.3333333,0.0,87.0,0.0,107.6666667,0.0,1.0,32.66666667,31.98666667,51.66666667,1.0,262.8766667,0.0,182.5366667,31.0,52.34,8.666666667,11.02666667,104.3333333,0.0,257.0233333,0.0,73.0,0.0,188.39,0.0,6.333333333,128.3333333,107.6666667,0.0,3.0,15,1043180,1,1,U,AA,N,3396,10628.0,1565.82,1532.92,10566.0,3378,109.49,754.71,241.29,750,220,141,751.0,232.0,133.0,C,CALIFORNIA NORTH AREA,Y,N,79.98999023,1.0,1.0,WCMB,0.0,0.0,,,,U,,,,,,,0.0,O,U,U,U,U,U,N,456.0,365-730,0,0.20133502323616392,1.2605412826044322,0.0006590621039290241,15.0,11.585605020592272,1787.1,0.3066975429310397,0,0,1,1,1,1,1,1,1,1,1,1,0.8077699,184.77639406585695,45,139.77639406585695,519.6836225128174,65,454.68362251281735,1016.2701673622132,85,931.2701673622132
158.2425,1896.25,59.99,1.485,356.5,107.6025,104.775,2.8275,0.0,-308.25,-52.9725,46.0,0.0,2.0,0.0,10.0,0.0,633.3333333,0.666666667,179.0,0.0,582.6666667,0.666666667,6.0,21.66666667,17.82,67.0,0.0,974.5766667,1.17,407.45,164.6666667,158.5766667,26.0,45.74666667,361.0,0.333333333,597.38,0.71,391.6666667,0.333333333,784.64,0.46,48.0,634.0,583.3333333,0.0,1.0,24,1015328,1,1,U,D,N,5404,13217.0,2003.55,1971.56,13214.0,5401,85.72,574.52,234.83,1999,783,176,1663.0,649.0,141.0,T,NEW ENGLAND AREA,N,R,79.98999023,3.0,3.0,WCMB,0.0,0.0,,,,U,1.0,M,,,C,,0.0,N,U,U,U,U,U,N,68.0,<180,1,0.08340624588219792,1.764264633546483,0.0,144.0,31.091162485653385,3797.82,0.11409970394690687,0,0,1,1,1,0,0,1,1,0,1,0,0.60772246,184.64165348768236,45,139.64165348768236,519.3046598660947,65,454.30465986609465,1015.5290941822531,85,930.5290941822531
125.685,862.75,52.8525,0.495,205.5,72.425,71.925,0.0,0.0,561.25,-36.795,10.0,0.0,0.333333333,0.0,35.66666667,0.0,199.6666667,1.0,111.3333333,27.66666667,156.0,1.0,0.333333333,1.0,0.856666667,53.0,0.0,572.11,2.966666667,241.5133333,28.0,28.72,7.0,22.44666667,65.66666667,0.0,137.6633333,0.0,165.3333333,1.0,675.96,2.966666667,10.33333333,200.6666667,157.0,0.0,0.0,12,1064170,3,3,U,B,N,1929,5667.0,887.8,803.26,5576.0,1877,80.33,557.6,187.7,676,210,138,629.0,199.0,101.0,U,NEW YORK CITY AREA,Y,N,199.9899902,1.0,1.0,WCMB,1.0,1.0,O,7.0,M,M,6.0,M,6.0,2.0,,A,0.0,H,U,U,U,U,Y,Y,358.0,180-365,0,0.14551085383502171,1.344877210900144,0.0,3.999999996,16.020611856459773,1508.22,0.37338363941460334,0,0,0,0,0,0,0,0,0,1,0,1,0.76459056,184.5073338289261,45,139.5073338289261,518.926898868084,65,453.926898868084,1014.7903360590935,85,929.7903360590935
146.5425,2105.5,63.7425,0.0,225.75,90.3,90.3,0.0,0.0,-92.5,13.4575,41.0,0.0,19.33333333,0.0,63.33333333,0.0,431.6666667,0.0,204.6666667,0.0,321.0,0.0,20.33333333,34.0,24.5,103.3333333,1.666666667,1117.563333,0.0,675.4366667,76.33333333,109.7633333,11.33333333,50.03666667,242.0,0.0,751.9933333,0.0,218.0,0.0,1041.003333,0.0,60.33333333,431.6666667,321.0,0.0,5.666666667,11,1077714,2,1,U,CA,N,3198,13314.0,884.85,806.18,13090.0,3117,80.62,1309.0,311.7,2136,458,142,1628.0,362.0,110.0,S,ATLANTIC SOUTH AREA,Y,N,199.9899902,2.0,2.0,WCMB,0.0,0.0,,,,U,,,,,,,0.0,Z,U,U,U,U,U,N,145.0,<180,1,0.06956681699501542,1.3947561493609297,0.0,223.66666662999998,32.52114144495501,1611.9675,0.04399841882478008,0,0,1,1,1,1,1,1,1,1,1,1,0.65508133,184.3147428059578,45,139.3147428059578,518.3852054071426,65,453.3852054071426,1013.7310854327678,85,928.7310854327678
263.585,1721.0,149.99,0.0,316.5,110.775,110.775,0.0,2.82,-548.0,-111.645,19.0,0.0,3.0,0.0,60.66666667,0.0,378.6666667,0.0,302.0,0.0,302.6666667,0.0,0.666666667,4.0,3.656666667,139.3333333,0.0,784.48,0.0,932.8966667,50.33333333,50.01333333,2.666666667,3.253333333,440.3333333,0.0,1493.64,0.0,58.66666667,0.0,223.7366667,0.0,22.0,378.6666667,302.6666667,0.0,6.666666667,10,1093351,1,1,Y,CA,Y,3512,13141.0,2422.63,2279.62,12890.0,3453,284.95,1611.25,431.63,1904,466,301,1817.0,467.0,312.0,T,NEW ENGLAND AREA,Y,N,149.9899902,1.0,1.0,WCMB,0.0,0.0,O,4.0,S,M,2.0,M,7.0,2.0,C,A,0.0,S,U,U,Y,U,U,Y,287.0,180-365,0,0.1530691056910569,0.7336578581363004,0.001637630662020906,6.66666667,11.398105834823497,2635.85,0.41661033311452583,0,0,0,0,0,0,0,0,0,0,0,1,0.3639201,184.17385253977776,45,139.17385253977776,517.9889641958474,65,452.9889641958474,1012.9561889687777,85,927.9561889687777
117.0075,557.5,29.99,1.485,198.5,69.475,69.475,0.0,0.0,405.5,96.0525,16.66666667,0.0,5.666666667,0.0,36.33333333,0.0,126.6666667,0.0,17.0,0.0,69.0,0.0,1.0,1.0,0.09,7.333333333,0.0,209.35,0.0,57.19,7.0,8.563333333,0.0,0.0,32.33333333,0.0,64.73,0.0,51.66666667,0.0,201.81,0.0,22.33333333,126.6666667,69.0,0.0,0.0,14,1046915,2,1,U,ZA,N,1045,3798.0,727.56,667.58,3798.0,1045,51.35,292.15,80.38,422,94,85,276.0,70.0,54.0,U,LOS ANGELES AREA,N,R,9.989997864,3.0,3.0,,0.0,0.0,O,15.0,S,M,3.0,M,3.0,,,A,0.0,H,U,U,U,U,U,Y,418.0,365-730,1,0.209503133393017,2.2418522103904484,0.0,14.0,17.98967408841562,1638.105,0.2357460728005782,0,1,0,0,0,0,0,0,1,1,0,1,0.81896406,183.983887141943,45,138.983887141943,517.4546930480003,65,452.4546930480003,1011.9113792806864,85,926.9113792806864
151.8525,869.75,40.315,0.0,210.25,81.95,81.95,0.0,0.0,1186.25,249.7875,7.666666667,0.0,3.333333333,0.0,40.0,0.0,137.6666667,0.0,81.0,0.0,89.66666667,0.0,0.0,0.0,0.0,28.0,0.0,233.54,0.0,391.7233333,20.66666667,26.34,2.0,3.556666667,89.33333333,0.0,260.13,0.0,74.33333333,0.0,365.1366667,0.0,11.0,137.6666667,89.66666667,0.0,3.666666667,14,1051891,1,1,Y,CA,N,1490,4697.0,705.45,622.22,4689.0,1486,47.86,360.69,114.31,474,130,69,341.0,106.0,50.0,U,LOS ANGELES AREA,Y,N,129.9899902,1.0,1.0,WCMB,0.0,0.0,,,,U,,,,,,,0.0,H,U,U,U,U,U,N,438.0,365-730,0,0.17439276485788113,1.9835410867723589,0.0,0.0,21.051676146677963,2125.935,0.3351721899971606,0,0,1,1,1,1,1,1,1,1,1,1,0.62994885,183.66587795877456,45,138.66587795877456,516.5602727079391,65,451.56027270793913,1010.1623287732601,85,925.1623287732601
135.1925,679.5,49.99,4.7025,257.5,77.25,77.25,0.0,0.0,-248.5,-77.9925,3.666666667,0.0,6.333333333,0.0,28.33333333,0.0,213.0,0.0,26.33333333,0.0,174.6666667,0.0,0.0,0.0,0.0,11.66666667,0.0,422.4433333,0.0,69.18,40.0,34.45333333,2.333333333,3.94,84.66666667,0.0,175.5766667,0.0,116.3333333,0.0,316.0466667,0.0,10.0,213.0,174.6666667,0.0,1.0,24,1024699,1,1,U,AA,N,4229,12168.0,2674.47,2624.07,12136.0,4214,114.09,527.65,183.22,762,246,161,963.0,298.0,207.0,S,PHILADELPHIA AREA,Y,N,29.98999023,1.0,1.0,,0.0,0.0,,,,U,,,,,,,0.0,M,U,U,U,U,U,N,725.0,365-730,0,0.19866642174871418,1.5150029417532849,0.0,0.0,13.326142380858991,3244.62,0.39761384903306296,0,1,1,1,1,1,1,1,1,1,1,1,0.7074381,183.62943531203268,45,138.62943531203268,516.4577747279405,65,451.45777472794055,1009.9618942161799,85,924.9618942161799
158.67,781.75,10.0,0.2475,481.25,144.3375,144.3375,0.0,1.6775,-576.75,-147.68,3.666666667,0.0,0.666666667,0.0,10.66666667,0.0,89.66666667,0.0,30.66666667,0.0,76.0,0.0,0.0,0.0,0.0,11.66666667,0.0,299.22,0.0,206.3833333,21.33333333,39.72333333,10.66666667,38.30333333,68.66666667,0.0,236.8433333,0.0,33.66666667,0.0,268.7566667,0.0,4.333333333,89.66666667,76.0,0.0,0.0,6,1085002,2,2,U,CA,N,680,5109.0,1084.65,1074.47,5109.0,680,214.89,1021.8,136.0,974,140,208,,,,S,CENTRAL/SOUTH TEXAS AREA,Y,N,149.9899902,1.0,1.0,WCMB,1.0,1.0,O,6.0,S,M,3.0,M,6.0,1.0,C,A,0.0,S,U,Y,Y,U,U,Y,193.0,180-365,0,0.20270839987224526,13.12159090909091,0.0021430852762695622,0.0,71.06818181818181,952.02,0.0708135511386497,0,0,0,0,0,0,0,0,0,0,0,0,0.6025008,183.54971070098875,45,138.54971070098875,516.2335613465309,65,451.2335613465309,1009.5234088554382,85,924.5234088554382
132.0525,360.75,114.99,0.0,129.5,32.375,32.375,0.0,0.4375,-223.75,-32.8125,8.0,0.0,3.666666667,0.0,34.33333333,0.0,150.3333333,0.0,0.666666667,0.0,104.3333333,0.0,0.0,0.0,0.0,0.333333333,0.0,235.2433333,0.0,1.496666667,17.33333333,7.053333333,0.666666667,1.496666667,91.66666667,0.0,209.5433333,0.0,13.33333333,0.0,27.2,0.0,11.66666667,150.3333333,104.3333333,0.0,0.0,16,1046665,2,2,U,AA,N,2475,7293.0,1752.64,1672.68,7293.0,2475,111.51,486.2,165.0,435,148,143,503.0,169.0,122.0,T,ATLANTIC SOUTH AREA,Y,R,9.989997864,2.0,2.0,WC,0.0,0.0,,,,U,,,,,,,0.0,S,U,U,U,U,U,N,449.0,365-730,1,0.36503800967519007,0.2791188895594448,0.0012093987560469939,0.0,3.1101819122338132,2112.84,0.781788157584336,0,0,1,1,1,1,1,1,1,1,1,1,0.72380084,183.5130485429764,45,138.5130485429764,516.1304332852364,65,451.13043328523645,1009.3217669863702,85,924.3217669863702
122.4375,1343.25,50.9925,0.495,258.5,77.55,77.55,0.0,0.0,569.75,31.8425,23.0,0.0,4.0,0.0,109.6666667,0.0,361.6666667,0.0,73.66666667,0.0,230.6666667,0.0,6.333333333,11.66666667,8.243333333,34.0,1.333333333,666.6466667,0.0,174.99,26.66666667,39.44666667,7.666666667,43.33,160.6666667,0.0,460.7466667,0.0,125.6666667,0.0,380.89,0.0,27.0,361.6666667,230.6666667,0.0,8.0,11,1069486,1,1,U,BA,N,3406,12579.0,1217.34,1134.36,12528.0,3396,113.44,1252.8,339.6,1153,298,112,1306.0,332.0,115.0,T,ATLANTIC SOUTH AREA,Y,N,149.9899902,1.0,1.0,WCMB,0.0,0.0,,,,S,1.0,M,4.0,,A,,0.0,N,U,U,U,U,U,N,323.0,180-365,0,0.09108238794867027,1.4915612828773381,0.0,69.666666663,25.835457037072654,1346.8125,0.11331580075764836,0,0,1,1,1,0,0,0,1,0,1,1,0.77886146,183.09475974440576,45,138.09475974440576,514.9540081322193,65,449.9540081322193,1007.0211785942317,85,922.0211785942317
140.61,479.6666667,30.0,0.33,274.0,109.6,109.6,0.0,0.0,50.33333333,19.58,13.66666667,0.0,1.666666667,0.0,35.33333333,0.0,274.3333333,0.0,8.0,0.0,223.6666667,0.0,0.0,0.0,0.0,6.0,1.0,306.2733333,0.0,4.58,11.0,22.32,0.333333333,0.256666667,207.6666667,0.0,281.8366667,0.0,21.33333333,0.0,29.01666667,0.0,15.33333333,274.3333333,223.6666667,0.0,0.0,32,1098666,1,1,U,A,N,2498,5085.0,1578.31,1548.31,5031.0,2469,67.32,218.74,107.35,464,218,134,308.0,145.0,89.0,S,LOS ANGELES AREA,N,N,29.98999023,1.0,1.0,,0.0,0.0,O,,,U,1.0,M,9.0,,C,,0.0,N,U,U,U,U,U,Y,982.0,730+,0,0.2925312066371338,3.5354838709677416,0.0,0.0,15.473118280645162,4499.52,0.22048364153627312,0,1,0,1,1,0,0,0,1,0,1,1,0.6781823,183.0897011318207,45,138.0897011318207,514.9397928142548,65,449.9397928142548,1006.9933562250139,85,921.9933562250139
157.6675,1517.75,45.0,4.7025,400.5,107.965,86.125,21.84,0.0,125.25,31.6125,12.0,1.0,2.333333333,1.0,49.33333333,0.0,382.3333333,30.0,186.6666667,0.0,321.3333333,28.0,0.666666667,1.666666667,1.36,105.3333333,0.333333333,677.2266667,49.25333333,375.1833333,118.6666667,202.47,32.33333333,90.39,347.6666667,14.33333333,813.1466667,27.69333333,101.6666667,13.66666667,239.2633333,21.56,16.33333333,412.3333333,349.3333333,0.0,5.666666667,17,1043226,4,2,U,A,N,7618,18599.0,1613.89,1516.15,18393.0,7550,94.76,1149.56,471.88,1476,584,147,1220.0,499.0,110.0,S,DC/MARYLAND/VIRGINIA AREA,Y,N,199.9899902,2.0,2.0,WCMB,0.0,0.0,,0.0,S,U,2.0,M,8.0,,B,A,0.0,G,U,Y,U,U,U,N,371.0,365-730,1,0.10381399176954732,2.3470652173913042,0.0,11.333333339,32.994565217391305,2680.3475,0.24914469346814713,0,0,1,0,0,0,0,0,1,0,0,0,0.6045113,182.99862817287445,45,137.99862817287445,514.6836981225014,65,449.68369812250137,1006.4924549508095,85,921.4924549508095
198.1675,1279.5,70.65,5.445,119.0,45.69,44.1375,1.365,0.0975,1010.5,232.0725,11.66666667,0.333333333,17.0,0.0,105.0,0.333333333,473.0,3.0,140.6666667,0.0,343.3333333,2.333333333,21.0,92.33333333,79.63,69.33333333,0.333333333,604.1233333,3.976666667,281.7133333,61.0,50.89333333,13.33333333,17.71666667,228.3333333,1.0,345.02,1.366666667,251.6666667,1.333333333,540.8166667,2.61,29.0,476.0,345.6666667,0.0,5.0,15,1041757,1,1,Y,EA,N,9051,16499.0,1667.83,1575.52,16289.0,8941,112.54,1163.5,638.64,943,463,121,1354.0,728.0,152.0,S,SOUTH FLORIDA AREA,Y,R,129.9899902,9.0,5.0,WCMB,0.0,0.0,O,1.0,,B,1.0,M,8.0,,C,,0.0,N,U,U,U,U,U,Y,24.0,<180,1,0.15475790706755174,0.6376831821353802,7.614213197969543e-05,315.0,17.857641311933005,2972.5125,0.04417413177639813,0,0,0,0,1,0,0,0,1,0,1,0,0.48094374,182.99023592281344,45,137.99023592281344,514.6601094031333,65,449.66010940313333,1006.4462975754739,85,921.4462975754739
121.485,513.5,59.99,0.495,177.5,71.0,71.0,0.0,0.0,-440.5,-71.495,11.66666667,0.0,0.333333333,0.0,8.333333333,0.0,137.3333333,0.0,15.33333333,0.0,117.0,0.0,0.0,0.0,0.0,5.333333333,0.0,270.8433333,0.0,98.78,22.0,24.2,0.0,0.0,122.3333333,0.0,330.8666667,0.0,10.0,0.0,38.75333333,0.0,12.0,137.3333333,117.0,0.0,0.333333333,22,1039215,1,1,U,AA,N,2990,9980.0,1764.55,1707.65,9933.0,2967,81.32,473.0,141.29,660,185,145,496.0,140.0,101.0,R,TENNESSEE AREA,Y,N,79.98999023,1.0,1.0,WCMB,1.0,1.0,O,6.0,M,M,2.0,M,7.0,1.0,C,A,0.0,N,U,U,U,U,U,Y,663.0,365-730,0,0.23612244897959184,1.1641252664371209,0.0,0.0,8.419413018527628,2672.67,0.4620804606409577,0,0,0,0,0,0,0,0,0,0,0,1,0.782606,182.54378994941715,45,137.54378994941715,513.4044526791572,65,448.4044526791572,1003.9908447217942,85,918.9908447217942
155.085,1257.0,59.99,0.0,252.75,101.095,100.9,0.195,0.0,-1222.0,-101.095,1.0,0.0,4.666666667,0.0,24.33333333,0.0,157.0,0.333333333,10.66666667,0.0,127.0,0.333333333,0.0,0.0,0.0,3.0,0.0,2061.703333,0.223333333,66.18,11.33333333,17.9,0.333333333,1.823333333,88.66666667,0.0,707.19,0.0,49.0,0.333333333,1420.7,0.223333333,5.666666667,157.3333333,127.3333333,0.0,0.0,14,1071573,1,1,U,AA,N,1427,13719.0,2032.69,1963.71,13674.0,1419,151.05,1051.85,109.15,1664,135,189,1325.0,108.0,152.0,S,TENNESSEE AREA,Y,N,149.9899902,2.0,2.0,WCMB,1.0,0.0,O,6.0,S,M,2.0,M,6.0,1.0,C,A,0.0,N,U,U,U,U,U,Y,235.0,180-365,1,0.12327901430842608,1.6575668142318412,0.0,0.0,20.609936055090998,2171.19,0.3762840484930746,0,0,0,0,0,0,0,0,0,0,0,1,0.6129263,182.50689182853702,45,137.50689182853702,513.3006887304783,65,448.3006887304783,1003.7879050569536,85,918.7879050569536
202.8375,2434.0,179.99,11.385,209.75,31.4625,31.4625,0.0,0.0,-32.0,-6.3975,16.0,0.0,1.0,0.0,125.0,0.0,690.0,0.0,261.6666667,0.0,552.0,0.0,4.333333333,9.333333333,6.506666667,128.3333333,1.333333333,1344.96,0.0,732.3,123.6666667,85.53,27.0,45.10333333,586.6666667,0.0,1524.636667,0.0,212.0,0.0,552.6233333,0.0,17.0,690.0,552.0,0.0,44.33333333,10,1093356,4,2,Y,D4,Y,5365,17276.0,1642.74,1424.7,16066.0,5000,178.09,2008.25,625.0,2445,700,205,2117.0,644.0,196.0,S,DC/MARYLAND/VIRGINIA AREA,Y,N,59.98999023,1.0,1.0,WCMB,0.0,0.0,,,,U,,,,,,,0.0,D,U,U,U,U,U,N,287.0,180-365,0,0.08330082135523614,0.1738355710260235,0.0,43.333333329999995,13.448256809768495,2028.375,0.18158150175291496,0,0,1,1,1,1,1,1,1,1,1,0,0.46859953,182.49515674710275,45,137.49515674710275,513.2676102161407,65,448.2676102161407,1003.7233621090652,85,918.7233621090652
197.08,1594.25,96.36,4.95,360.25,108.025,108.025,0.0,0.0,758.75,38.97,9.666666667,0.0,1.666666667,0.0,108.3333333,0.0,369.0,0.0,110.3333333,0.0,250.3333333,0.0,3.0,3.666666667,2.23,65.33333333,0.0,951.0333333,0.0,463.4233333,117.6666667,201.7433333,16.0,41.1,148.6666667,0.0,515.74,0.0,175.3333333,0.0,898.7133333,0.0,11.33333333,369.0,250.3333333,0.0,0.0,22,1035677,2,2,Y,BA,N,4573,18525.0,2685.81,2645.46,18508.0,4559,132.27,925.4,227.95,1341,300,184,1332.0,288.0,195.0,U,CALIFORNIA NORTH AREA,Y,N,129.9899902,1.0,1.0,WCMB,0.0,0.0,O,4.0,,U,1.0,M,9.0,1.0,C,,0.0,U,U,U,U,U,U,Y,641.0,365-730,0,0.12354176461369692,1.1095419063270338,0.0,66.0,16.374794576828265,4335.76,0.19571226116410198,0,0,0,0,1,0,0,0,0,0,1,0,0.48199588,182.38416020584108,45,137.38416020584108,512.955432958603,65,447.95543295860296,1003.112881132126,85,918.112881132126
228.6025,2977.5,119.9125,7.6725,505.75,108.9125,108.9125,0.0,0.0,1475.5,267.7875,25.66666667,0.666666667,0.0,0.0,42.0,0.0,424.3333333,3.0,98.0,0.0,363.0,2.333333333,14.33333333,22.33333333,13.0,40.0,13.66666667,1211.88,1.106666667,483.7966667,74.33333333,56.22666667,28.66666667,73.32333333,202.6666667,0.0,607.6133333,0.0,249.3333333,2.333333333,1088.063333,1.106666667,26.33333333,427.3333333,365.3333333,0.0,15.33333333,12,1071446,1,1,Y,ZA,Y,6930,25276.0,2050.48,1983.52,25126.0,6875,198.35,2512.6,687.5,2486,558,139,2537.0,649.0,170.0,S,NEW YORK CITY AREA,Y,R,129.9899902,3.0,2.0,WCMB,0.0,0.0,O,3.0,S,S,1.0,M,6.0,2.0,,A,0.0,N,U,U,U,U,U,Y,110.0,<180,1,0.07675088131609871,0.9007546779696061,0.0,171.99999996,24.62524552879148,2743.23,0.06159877903268,0,0,0,0,0,0,0,0,0,1,0,1,0.41507477,182.1832922742367,45,137.1832922742367,512.390516334176,65,447.390516334176,1002.0081075083018,85,917.0081075083018
116.6875,218.5,49.99,0.495,0.0,0.0,0.0,0.0,58.0525,-16.5,5.3625,5.0,0.0,0.0,0.0,11.33333333,0.0,42.0,0.0,4.666666667,0.0,25.66666667,0.0,0.333333333,0.333333333,0.016666667,3.666666667,0.0,27.33,0.0,2.586666667,4.333333333,4.396666667,0.0,0.0,26.0,0.0,29.18666667,0.0,1.666666667,0.0,0.73,0.0,5.0,42.0,25.66666667,0.0,0.0,25,1013813,1,1,U,D,N,3949,8652.0,2519.46,2432.56,8546.0,3898,101.36,356.08,162.42,224,125,115,193.0,108.0,104.0,U,CALIFORNIA NORTH AREA,Y,R,9.989997864,2.0,2.0,,0.0,0.0,,,,U,1.0,M,,,A,,0.0,N,U,U,U,U,U,N,490.0,365-730,1,0.5316059225512528,0.0,0.2644760820045558,8.333333325,4.285153951755246,2917.1875,0.7500000001874999,0,1,1,1,1,0,0,1,1,0,1,0,0.81302553,182.1502406716347,45,137.1502406716347,512.2975588440895,65,447.2975588440895,1001.8263236939908,85,916.8263236939908
131.58,770.25,49.99,0.495,263.25,78.975,78.975,0.0,1.67,50.75,14.88,2.0,0.0,5.666666667,0.0,60.66666667,0.0,255.3333333,0.0,76.66666667,0.0,187.0,0.0,0.0,0.0,0.0,32.0,0.0,326.7866667,0.0,253.5466667,67.0,120.9433333,14.0,25.41,198.6666667,0.0,460.2466667,0.0,65.0,0.0,120.0866667,0.0,7.666666667,255.3333333,187.0,0.0,1.666666667,11,1057342,1,1,U,AA,N,3039,7876.0,1439.88,1359.9,7851.0,3029,135.99,785.1,302.9,753,262,127,734.0,257.0,121.0,U,MIDWEST AREA,Y,N,59.98999023,1.0,1.0,WCMB,0.0,0.0,,,,U,,,,,,,0.0,J,U,U,U,U,U,N,333.0,180-365,0,0.17060615883306324,1.5488331045302999,0.0021653160453808753,0.0,15.105903118258482,1447.38,0.3923363982610703,0,0,1,1,1,1,1,1,1,1,1,0,0.72050345,182.02338777351383,45,137.02338777351383,511.94076634883885,65,446.94076634883885,1001.1286327543261,85,916.1286327543261
173.97,1718.5,59.99,2.7225,291.0,116.365,115.0,1.365,4.8925,-128.5,-119.57,9.333333333,0.0,0.333333333,0.0,53.66666667,0.0,225.3333333,1.333333333,138.0,0.0,165.0,1.333333333,2.333333333,6.666666667,5.423333333,72.66666667,0.666666667,906.5333333,2.486666667,779.9666667,18.33333333,25.1,3.666666667,16.23333333,96.0,1.0,307.24,2.143333333,176.0,0.333333333,1379.256667,0.343333333,9.666666667,226.6666667,166.3333333,0.0,1.333333333,14,1053079,1,1,U,CA,N,2731,13620.0,1428.44,1348.46,13582.0,2728,103.73,1044.77,209.85,1761,260,214,1348.0,234.0,141.0,C,DC/MARYLAND/VIRGINIA AREA,Y,N,149.9899902,2.0,1.0,WCMB,0.0,0.0,O,2.0,M,S,1.0,M,7.0,1.0,A,,0.0,B,U,U,U,U,U,Y,181.0,180-365,1,0.1011747601046816,1.907935727168388,0.002845303867403315,32.666666662000004,28.176750286932283,2435.58,0.1907934869437656,0,0,0,0,0,0,0,0,0,0,1,1,0.5449397,182.0220786495209,45,137.0220786495209,511.9371065711975,65,446.9371065711975,1001.1214325723649,85,916.1214325723649
186.0825,1590.25,54.98,3.7125,445.0,66.75,66.75,0.0,9.28,241.75,15.7375,15.66666667,0.0,2.666666667,0.0,68.66666667,0.0,384.3333333,0.0,209.3333333,0.0,302.6666667,0.0,0.0,0.0,0.0,109.0,3.666666667,442.3166667,0.0,420.85,92.33333333,68.89333333,4.666666667,15.63333333,367.6666667,0.0,741.4533333,0.0,94.0,0.0,121.7133333,0.0,18.33333333,384.3333333,302.6666667,0.0,6.333333333,32,1005628,2,1,U,A,N,13155,27373.0,2939.68,2912.27,27373.0,13155,93.94,883.0,424.35,1510,666,181,1129.0,510.0,130.0,S,GREAT LAKES AREA,Y,N,129.9899902,3.0,2.0,WCMB,1.0,1.0,O,1.0,S,M,2.0,M,7.0,2.0,I,A,0.0,N,Y,U,U,U,U,Y,479.0,365-730,1,0.11694108405341713,1.192390139335477,0.005831893165750196,0.0,28.40746695248303,5954.64,0.45612319726228306,0,0,0,0,0,0,0,0,0,0,0,0,0.50902,181.8618478674889,45,136.8618478674889,511.48645821869377,65,446.48645821869377,1000.240163271189,85,915.240163271189
110.5725,929.25,49.99,3.96,160.5,48.15,48.15,0.0,1.67,-659.25,-53.1825,24.33333333,0.0,1.666666667,0.0,70.0,0.0,370.6666667,0.0,79.0,0.0,280.3333333,0.0,0.0,0.0,0.0,39.33333333,0.0,566.3366667,0.0,130.8633333,37.0,33.25333333,1.0,1.05,178.3333333,0.0,316.0866667,0.0,161.0,0.0,381.1133333,0.0,26.0,370.6666667,280.3333333,0.0,2.0,14,1046632,1,1,U,AA,N,3870,11759.0,1144.22,1049.25,11759.0,3870,80.71,904.54,297.69,1149,411,128,936.0,330.0,97.0,T,NEW ENGLAND AREA,Y,N,129.9899902,2.0,2.0,WCMB,1.0,0.0,O,6.0,M,M,3.0,M,7.0,2.0,I,B,0.0,N,U,U,U,U,U,Y,339.0,180-365,1,0.11886320881483473,0.944302804471465,0.0017952163396936307,0.0,18.224161600313785,1548.015,0.5143231793423442,0,0,0,0,0,0,0,0,0,0,0,1,0.85638595,181.81006815719604,45,136.81006815719604,511.3408166921139,65,446.3408166921139,999.9553748645783,85,914.9553748645783
115.3125,743.75,39.99,0.0,243.75,85.3225,85.225,0.0975,0.0,-161.75,-56.6225,19.66666667,0.0,0.0,0.0,5.0,0.0,175.0,0.333333333,153.3333333,0.0,164.0,0.333333333,0.0,0.0,0.0,65.66666667,0.0,279.31,0.176666667,264.0533333,9.333333333,7.953333333,8.666666667,10.87333333,131.3333333,0.0,269.6066667,0.0,170.3333333,0.333333333,273.7566667,0.176666667,19.66666667,175.3333333,164.3333333,0.0,0.0,11,1083165,1,1,U,AA,N,2574,6252.0,933.06,872.54,6231.0,2559,87.25,623.1,255.9,798,320,134,769.0,317.0,125.0,,NEW YORK CITY AREA,Y,N,79.98999023,1.0,1.0,WCMB,0.0,0.0,,,,U,,,,,,,0.0,H,U,U,U,U,U,N,309.0,180-365,0,0.15483383685800603,2.0815442790924616,0.0,0.0,18.144669431568673,1268.4375,0.3245126175160811,1,0,1,1,1,1,1,1,1,1,1,1,0.8210765,181.78634423017502,45,136.78634423017502,511.27407252788544,65,446.27407252788544,999.8248932659627,85,914.8248932659627
141.9525,1093.75,53.1575,2.2275,261.0,91.35,91.35,0.0,1.35,-38.75,6.8475,0.666666667,0.0,18.33333333,0.0,45.66666667,0.0,252.6666667,0.0,66.33333333,0.0,188.0,0.0,0.0,0.0,0.0,14.66666667,0.0,589.05,0.0,427.88,38.33333333,21.57,11.33333333,53.23,127.6666667,0.0,457.8633333,0.0,125.3333333,0.0,519.0666667,0.0,19.0,252.6666667,188.0,0.0,1.333333333,13,1082160,1,1,U,AA,N,2681,9096.0,1164.15,1095.65,9096.0,2681,91.3,758.0,223.42,1107,260,140,1011.0,264.0,127.0,C,CHICAGO AREA,Y,R,29.98999023,2.0,2.0,WCMB,0.0,0.0,,0.0,M,S,1.0,M,3.0,1.0,C,E,0.0,I,U,U,U,U,U,Y,188.0,180-365,1,0.1296665905457867,1.686746987951807,0.0012331582553094314,0.0,20.19572543045746,1845.3824999999997,0.37219730941704043,0,0,1,0,0,0,0,0,0,0,0,0,0.6669684,181.78144390296936,45,136.78144390296936,511.26031097710126,65,446.26031097710126,999.7979414663315,85,914.7979414663315
172.025,970.25,30.0,0.0,400.75,140.8625,135.0125,5.85,0.0,1346.75,318.925,6.0,0.0,5.333333333,0.0,28.33333333,0.333333333,147.6666667,4.666666667,55.0,0.0,110.0,4.333333333,0.0,0.0,0.0,17.0,0.0,239.8633333,17.18666667,621.77,20.66666667,15.09333333,0.666666667,1.95,71.33333333,0.666666667,123.5133333,2.19,91.66666667,3.666666667,738.1133333,14.99666667,11.33333333,152.3333333,114.3333333,0.0,7.333333333,13,1056980,1,1,U,EA,N,1011,2833.0,561.97,501.98,2824.0,1008,41.83,235.33,84.0,521,114,66,328.0,90.0,49.0,C,DALLAS AREA,T,R,59.98999023,2.0,2.0,WCMB,0.0,0.0,O,1.0,S,B,1.0,M,6.0,,A,A,0.0,N,U,U,U,U,U,N,5.0,<180,1,0.1771171171171171,4.543951612903226,0.0,0.0,31.298387096774192,2236.3250000000003,0.18037675467306713,0,0,0,0,0,0,0,0,1,0,0,1,0.5502126,181.72863951683047,45,136.72863951683047,511.11181914806366,65,446.11181914806366,999.5075173425676,85,914.5075173425676
201.625,1277.25,139.3475,0.0,339.75,59.2875,59.2875,0.0,0.0,170.75,57.055,9.0,0.0,1.0,0.0,33.33333333,0.0,192.3333333,0.0,156.3333333,0.0,155.3333333,0.0,9.0,16.33333333,12.04,53.33333333,0.666666667,484.9566667,0.0,484.0033333,75.0,159.0,70.33333333,265.43,254.3333333,0.0,876.7433333,0.0,51.0,0.0,92.21333333,0.0,10.0,192.3333333,155.3333333,0.0,3.0,20,1040223,3,3,U,BA,N,7148,16562.0,2028.16,1941.27,16494.0,7109,102.17,868.11,374.16,1220,319,182,996.0,296.0,136.0,,ATLANTIC SOUTH AREA,N,N,129.9899902,4.0,3.0,WCMB,0.0,0.0,O,10.0,S,S,3.0,M,5.0,1.0,,A,0.0,N,U,U,U,U,U,Y,167.0,<180,1,0.1577351848230002,0.4224336023085556,0.0,180.0,9.100625233794688,4032.5,0.09594688132899223,1,0,0,0,0,0,0,0,0,1,0,0,0.4686728,181.43261897563934,45,136.43261897563934,510.27925288677216,65,445.27925288677216,997.8794043660165,85,912.8794043660165
143.0075,677.5,40.24,0.2475,301.75,105.6125,105.6125,0.0,0.0,7.5,11.4325,17.0,0.0,0.666666667,0.0,21.33333333,0.0,183.3333333,0.0,115.6666667,0.0,148.6666667,0.0,0.0,0.0,0.0,61.0,0.0,262.84,0.0,224.5366667,36.33333333,62.67,6.666666667,19.33666667,144.0,0.0,235.5033333,0.0,98.33333333,0.0,251.8733333,0.0,17.66666667,183.3333333,148.6666667,0.0,0.0,19,1028162,1,1,Y,BA,N,3033,7293.0,1125.2,1094.21,7282.0,3029,60.79,404.56,168.28,675,241,139,483.0,183.0,82.0,S,CALIFORNIA NORTH AREA,N,N,29.98999023,1.0,1.0,,0.0,0.0,O,1.0,S,U,3.0,M,7.0,1.0,C,A,0.0,H,U,U,U,U,Y,Y,582.0,365-730,0,0.21077008106116432,2.5609238603297766,0.0,0.0,16.428225024248302,2717.1425,0.2808259988764236,0,1,0,0,0,0,0,0,0,0,0,1,0.6599751,181.21227025079727,45,136.21227025079727,509.6595526999235,65,444.6595526999235,996.6674863793851,85,911.6674863793851
153.535,1067.0,59.99,0.0,342.5,102.75,102.75,0.0,0.0,-872.0,-103.545,15.0,0.0,0.333333333,0.0,107.0,0.0,304.6666667,0.0,376.6666667,0.0,186.0,0.0,2.0,2.0,0.99,184.6666667,1.0,241.71,0.0,646.79,3.0,2.62,21.0,26.47666667,355.0,0.0,651.2866667,0.0,172.6666667,0.0,237.2133333,0.0,15.33333333,304.6666667,186.0,0.0,9.333333333,11,1058361,1,1,U,CA,Y,4020,9216.0,1173.06,1093.08,9214.0,4018,109.31,921.4,401.8,1358,576,188,968.0,421.0,128.0,C,NEW ENGLAND AREA,N,N,29.98999023,2.0,1.0,WCMB,0.0,0.0,,,,U,,,,,,,0.0,H,U,U,U,U,U,N,328.0,180-365,1,0.14375936329588015,1.6847024102311854,0.0,22.0,17.49467125758321,1688.885,0.21346073078538427,0,0,1,1,1,1,1,1,1,1,1,0,0.61343974,180.83419466876984,45,135.83419466876984,508.5961816573143,65,443.5961816573143,994.5880706782341,85,909.5880706782341
163.22,1619.5,50.03,5.94,295.25,117.25,117.25,0.0,0.0,457.5,93.93,7.0,0.0,17.0,0.0,48.66666667,0.0,279.6666667,0.0,96.33333333,0.0,209.3333333,0.0,3.333333333,8.666666667,7.04,37.0,0.0,896.1633333,0.0,524.0866667,73.66666667,50.07333333,8.666666667,18.14666667,180.6666667,0.0,546.8666667,0.0,117.6666667,0.0,873.38,0.0,24.0,279.6666667,209.3333333,0.0,3.333333333,10,1084795,1,1,U,AA,N,2175,7082.0,801.01,735.0,7052.0,2167,81.67,783.56,240.78,1467,316,132,1018.0,290.0,104.0,R,DC/MARYLAND/VIRGINIA AREA,Y,N,149.9899902,1.0,1.0,WCMB,0.0,0.0,,,,U,,,,,,,0.0,N,U,U,U,U,U,N,303.0,180-365,0,0.1007219993829065,2.297668038408779,0.0,33.33333333,31.73623358808544,1632.2,0.150806785278578,0,0,1,1,1,1,1,1,1,1,1,0,0.5763804,180.62747053146364,45,135.62747053146364,508.01477059841153,65,443.01477059841153,993.4510879230501,85,908.4510879230501
171.9875,2552.0,67.6975,2.2275,286.0,99.35,99.35,0.0,7.7125,799.0,113.8725,23.33333333,0.0,18.66666667,0.0,131.0,0.0,548.0,0.0,150.0,0.0,379.6666667,0.0,3.0,7.666666667,6.056666667,39.66666667,0.0,933.0633333,0.0,624.82,94.33333333,94.07333333,38.66666667,211.97,198.6666667,0.0,445.2433333,0.0,323.0,0.0,1112.636667,0.0,42.0,548.0,379.6666667,0.0,8.666666667,13,1076915,1,1,U,BA,N,6295,19968.0,1338.19,1257.31,19880.0,6261,104.78,1656.67,521.75,2286,610,134,2063.0,592.0,116.0,S,TENNESSEE AREA,Y,N,199.9899902,2.0,2.0,WCMB,0.0,0.0,O,2.0,M,S,1.0,M,2.0,1.0,C,C,0.0,N,U,U,U,U,U,Y,64.0,<180,1,0.06736682334508422,1.4461952763928816,0.003020955738347043,39.0,37.14836784453583,2235.8375,0.18361442240872403,0,0,0,0,0,0,0,0,0,0,0,0,0.54692423,180.60314579010014,45,135.60314579010014,507.9463475346566,65,442.9463475346566,993.3173018455508,85,908.3173018455508
151.2275,1343.25,159.99,1.2375,0.0,0.0,0.0,0.0,0.0,-1343.25,-1.2375,20.66666667,0.0,2.666666667,0.0,176.3333333,0.0,707.0,0.0,387.3333333,0.0,516.6666667,0.0,3.666666667,3.666666667,0.3,290.6666667,0.333333333,602.4066667,0.0,441.51,256.6666667,187.12,186.3333333,207.5366667,333.0,0.0,322.7666667,0.0,515.0,0.0,721.1533333,0.0,23.33333333,707.0,516.6666667,0.0,14.66666667,7,1091607,2,2,U,B,N,4045,9066.0,1081.44,893.76,9010.0,4029,148.96,1501.67,671.5,1791,874,152,1502.0,672.0,149.0,U,NEW ENGLAND AREA,N,N,129.9899902,1.0,1.0,WCMB,0.0,0.0,,,M,S,1.0,M,4.0,,A,,0.0,Z,U,U,U,U,U,N,201.0,180-365,0,0.11249953505672307,0.0,0.0,25.666666668999998,8.343685943226287,1058.5925,0.21428571427040818,0,0,1,1,0,0,0,0,1,0,1,1,0.6210506,180.3262637615204,45,135.3262637615204,507.1676168292761,65,442.1676168292761,991.7944506883622,85,906.7944506883622
149.34,1088.666667,71.88,8.25,333.6666667,127.4,112.9833333,14.41666667,0.0,463.3333333,128.07,28.66666667,0.333333333,2.333333333,0.0,187.0,0.0,563.0,21.66666667,168.3333333,0.0,350.6666667,21.33333333,41.33333333,194.0,169.9,110.6666667,0.666666667,564.8366667,106.9066667,168.5166667,62.33333333,48.14333333,19.0,24.50333333,243.3333333,6.666666667,419.1166667,25.25333333,219.6666667,14.66666667,314.2366667,81.65333333,31.33333333,584.6666667,372.0,0.0,1.666666667,18,1033209,1,1,U,EA,Y,804,1714.0,172.55,141.59,1714.0,804,47.2,571.33,268.0,571,268,47,,,,U,CALIFORNIA NORTH AREA,Y,N,149.9899902,5.0,5.0,WCMB,0.0,0.0,,,,U,,,,,,,0.0,B,U,U,U,U,U,N,40.0,<180,1,0.1370510859170844,1.7480790340285401,0.0,743.9999999400001,14.937797296926455,2688.12,0.022685298550370932,0,0,1,1,1,1,1,1,1,1,1,0,0.62860173,180.24074263572695,45,135.24074263572695,506.92708421230316,65,441.92708421230316,991.3240844964982,85,906.3240844964982
119.94,641.25,87.4975,0.2475,178.25,44.5625,44.5625,0.0,0.0,765.75,55.8,3.666666667,0.0,24.66666667,0.0,55.0,0.0,217.3333333,0.0,66.0,0.0,135.0,0.0,0.0,0.0,0.0,24.0,0.0,228.15,0.0,181.6766667,56.66666667,59.59,13.0,18.45666667,97.0,0.0,192.2733333,0.0,103.0,0.0,217.55,0.0,28.33333333,217.3333333,135.0,0.0,3.0,14,1046074,2,2,N,AA,N,2772,8505.0,1480.65,1372.41,8503.0,2771,105.57,654.08,213.15,386,131,102,477.0,173.0,118.0,,HOUSTON AREA,Y,R,29.98999023,2.0,2.0,WCMB,0.0,0.0,,,,U,,M,,,,,0.0,U,U,U,U,U,U,N,284.0,180-365,1,0.18674970805760996,0.5035452978897709,0.0,0.0,7.245967400209045,1679.1599999999999,0.665094694122952,1,0,1,1,1,1,0,1,1,1,1,0,0.78253853,180.20673418807985,45,135.20673418807985,506.83141845703125,65,441.83141845703125,991.1370380344391,85,906.1370380344391
253.2775,1411.0,44.99,1.2375,531.5,212.5625,211.1,1.4625,0.4875,-30.0,27.8425,3.0,0.0,2.333333333,0.0,32.33333333,0.0,264.3333333,1.333333333,68.33333333,0.0,226.6666667,1.333333333,1.666666667,3.0,2.163333333,20.66666667,0.0,622.33,3.956666667,424.8033333,75.0,84.15666667,4.0,35.12666667,125.6666667,0.0,405.15,0.0,169.3333333,1.333333333,641.97,3.956666667,5.333333333,265.6666667,228.0,0.0,2.0,8,1095682,1,1,U,BA,N,1638,6593.0,1059.63,985.02,6531.0,1623,140.72,933.0,231.86,1421,320,244,990.0,240.0,157.0,T,MIDWEST AREA,Y,N,59.98999023,1.0,1.0,WCMB,1.0,1.0,O,2.0,S,B,1.0,M,6.0,1.0,,A,0.0,I,U,U,U,U,U,Y,241.0,180-365,0,0.179375,4.621928680147858,0.00034525495750708217,13.333333336,30.680582735377254,2026.22,0.13720064736359877,0,0,0,0,0,0,0,0,0,1,0,1,0.3705071,180.17493084025386,45,135.17493084025386,506.74201563298703,65,441.74201563298703,990.9621196213963,85,905.9621196213963
127.66,1425.666667,33.32666667,0.0,240.0,96.0,96.0,0.0,0.0,,,51.0,0.0,5.666666667,0.0,69.66666667,0.0,362.3333333,0.0,96.33333333,0.0,242.6666667,0.0,12.66666667,27.33333333,19.19666667,56.0,0.0,898.3566667,0.0,230.77,110.6666667,214.19,33.33333333,204.08,139.6666667,0.0,437.8633333,0.0,145.3333333,0.0,691.2633333,0.0,56.66666667,362.3333333,242.6666667,0.0,0.666666667,7,1096729,2,2,U,D4,Y,1543,8013.0,795.03,720.05,7862.0,1534,120.01,1310.33,255.67,1426,275,128,1310.0,256.0,120.0,S,SOUTHWEST AREA,Y,N,79.98999023,1.0,1.0,WCMB,0.0,0.0,,,,U,,,,,,,0.0,U,U,U,U,U,U,N,204.0,180-365,0,0.0894813083903081,2.796659545271251,0.0,88.66666669,41.53233638167291,893.62,0.060741066958413775,0,0,1,1,1,1,1,1,1,1,1,1,0.73483104,180.1123677558899,45,135.1123677558899,506.56607235908507,65,441.56607235908507,990.6180226573945,85,905.6180226573945
144.3,1319.25,49.99,3.7125,256.5,102.5975,102.5,0.0975,0.0,-50.25,94.26,26.66666667,0.0,0.0,0.0,5.333333333,0.0,252.3333333,0.0,202.3333333,0.0,234.3333333,0.0,0.0,0.0,0.0,109.6666667,0.666666667,537.23,0.0,391.4133333,61.0,61.76666667,17.66666667,38.57666667,173.0,0.0,359.1133333,0.0,240.6666667,0.0,569.53,0.0,26.66666667,252.3333333,234.3333333,0.0,1.0,12,1086014,1,1,U,AA,N,3875,10186.0,884.11,803.23,10123.0,3845,73.02,920.27,349.55,1336,425,113,1020.0,348.0,87.0,U,NEW YORK CITY AREA,Y,N,199.9899902,1.0,1.0,WCMB,0.0,0.0,,1.0,S,U,3.0,M,6.0,,,A,0.0,U,U,U,U,U,U,Y,357.0,180-365,0,0.10929748153758759,2.012110217689743,0.0,0.0,25.872720141204155,1731.6000000000001,0.3319931635061447,0,0,1,0,0,0,0,0,1,1,0,0,0.64907503,179.83014012336733,45,134.83014012336733,505.7722733974457,65,440.7722733974457,989.0657706785204,85,904.0657706785204
233.805,1817.25,119.99,4.2075,338.75,118.5625,118.5625,0.0,1.795,320.75,53.025,31.0,0.0,5.0,0.0,70.66666667,0.0,472.3333333,0.0,141.3333333,0.0,374.3333333,0.0,7.333333333,18.0,12.90333333,52.0,0.333333333,815.4633333,0.0,511.2033333,98.33333333,98.28666667,6.666666667,36.76,410.0,0.0,1108.14,0.0,83.66666667,0.0,218.5266667,0.0,36.0,472.3333333,374.3333333,0.0,15.33333333,8,1088736,1,1,U,BA,N,2612,8930.0,1160.1,1019.32,8930.0,2612,169.89,1488.33,435.33,1710,504,216,1488.0,435.0,170.0,T,MIDWEST AREA,Y,N,149.9899902,1.0,1.0,WCMB,0.0,0.0,,,,U,,,,,,,0.0,S,U,U,U,U,U,N,228.0,180-365,0,0.12858792795270177,0.9799363583767254,0.0009872129795132681,58.666666664,15.01983635011158,1870.44,0.10737367574847669,0,0,1,1,1,1,1,1,1,1,1,0,0.40057513,179.82042852544785,45,134.82042852544785,505.74493432402613,65,440.74493432402613,989.0123568899633,85,904.0123568899633
170.32,891.0,49.99,2.475,350.0,105.0,105.0,0.0,12.855,-443.0,-118.95,9.0,0.0,0.333333333,0.0,31.33333333,0.0,220.3333333,0.0,109.6666667,0.0,182.6666667,0.0,2.666666667,9.666666667,8.07,61.33333333,0.0,410.84,0.0,241.6633333,41.66666667,52.54333333,6.666666667,16.47666667,182.3333333,0.0,427.8833333,0.0,60.0,0.0,224.6233333,0.0,9.333333333,220.3333333,182.6666667,0.0,0.0,19,1044842,1,1,Y,ZA,Y,3001,9340.0,1685.93,1605.95,9240.0,2959,94.47,543.53,174.06,1039,296,210,818.0,230.0,155.0,S,CALIFORNIA NORTH AREA,Y,N,199.9899902,1.0,1.0,WCMB,0.0,0.0,O,1.0,,S,1.0,M,9.0,2.0,,,0.0,N,U,U,U,U,U,Y,548.0,365-730,0,0.19094170403587443,2.0592272994704843,0.014411434977578476,50.666666672999995,17.47401451264954,3236.08,0.17464521799666036,0,0,0,0,1,0,0,0,0,1,1,1,0.54960954,179.7302410736084,45,134.7302410736084,505.4913131713867,65,440.4913131713867,988.5163259048462,85,903.5163259048462
130.4675,732.5,56.4425,2.475,238.5,71.55,71.55,0.0,0.0,163.5,49.3125,4.333333333,0.0,6.333333333,0.0,18.0,0.0,187.3333333,0.0,26.0,0.0,159.3333333,0.0,0.0,0.0,0.0,5.666666667,0.0,338.6766667,0.0,109.3566667,26.66666667,31.10666667,2.333333333,9.676666667,161.0,0.0,418.2,0.0,23.66666667,0.0,29.83333333,0.0,10.66666667,187.3333333,159.3333333,0.0,2.333333333,12,1063894,2,1,U,A,N,2008,6368.0,1022.51,943.2,6081.0,1927,94.32,608.1,192.7,678,224,114,646.0,198.0,104.0,T,DALLAS AREA,Y,N,149.9899902,1.0,1.0,WCMB,0.0,0.0,O,1.0,,U,2.0,M,9.0,2.0,C,,0.0,I,U,U,U,U,U,Y,359.0,180-365,0,0.1778698023176551,1.2455934195064629,0.0,0.0,12.751882317099708,1565.6100000000001,0.44531658817373104,0,0,0,0,1,0,0,0,0,0,1,0,0.7168996,179.58161272478105,45,134.58161272478105,505.07332467079164,65,440.07332467079164,987.6988699862958,85,902.6988699862958
120.465,360.75,119.97,0.495,0.0,0.0,0.0,0.0,0.0,-181.75,0.495,7.333333333,0.0,4.666666667,0.0,8.666666667,0.0,94.66666667,0.0,32.66666667,0.0,78.33333333,0.0,0.0,0.0,0.0,14.66666667,0.0,146.8066667,0.0,88.54,28.33333333,29.76333333,3.666666667,34.06,90.0,0.0,211.9333333,0.0,16.66666667,0.0,23.41333333,0.0,12.0,94.66666667,78.33333333,0.0,0.333333333,30,1010643,2,1,U,K,N,8395,29884.0,4048.13,3963.89,29790.0,8377,136.69,1027.24,288.86,421,164,120,487.0,170.0,121.0,C,ATLANTIC SOUTH AREA,Y,N,79.98999023,2.0,2.0,WCMB,,,,,,,,,,,,,,,,,,,,,689.0,365-730,1,0.3330062197650311,0.0,0.0,0.0,2.9821443333057784,3613.9500000000003,1.0,0,0,1,1,1,1,1,1,1,1,1,0,0.77633065,179.55969662332538,45,134.55969662332538,505.0116718840599,65,440.0116718840599,987.5783314282896,85,902.5783314282896
163.6375,580.5,29.99,0.0,380.5,133.185,133.0875,0.0975,0.0,-94.5,-33.5075,6.666666667,0.0,0.333333333,0.0,48.33333333,0.0,182.0,0.0,137.0,0.0,130.0,0.0,2.666666667,8.0,6.663333333,72.0,0.0,190.5966667,0.0,263.3766667,31.0,20.40333333,14.0,17.95,141.0,0.0,177.6533333,0.0,110.0,0.0,276.32,0.0,7.0,182.0,130.0,0.0,0.333333333,10,1061187,1,1,U,DA,N,1102,3518.0,995.25,934.88,3512.0,1098,103.88,390.22,122.0,612,232,175,384.0,138.0,103.0,U,PHILADELPHIA AREA,Y,N,199.9899902,1.0,1.0,WCMB,0.0,0.0,,,,S,1.0,M,5.0,1.0,A,,0.0,O,U,U,U,U,U,Y,314.0,180-365,0,0.28140584694754944,4.297676669893514,0.0,26.666666669999998,18.73184898354308,1636.375,0.12555962967689555,0,0,1,1,1,0,0,0,0,0,1,1,0.5711151,179.43523169279098,45,134.43523169279098,504.6615793824196,65,439.6615793824196,986.8937743103504,85,901.8937743103504
127.8,596.75,29.99,0.7425,277.25,97.0675,96.775,0.2925,0.0,1011.25,290.28,7.333333333,0.0,0.0,0.0,16.0,0.0,80.66666667,0.333333333,36.33333333,0.0,58.66666667,0.333333333,0.0,0.0,0.0,24.33333333,0.0,119.1266667,0.873333333,48.25666667,8.333333333,11.37333333,1.333333333,1.626666667,48.0,0.0,84.54333333,0.0,32.0,0.333333333,82.84,0.873333333,7.333333333,81.0,59.0,0.0,0.0,21,1037495,1,1,U,CA,N,1863,4067.0,742.48,709.59,3990.0,1830,35.48,199.5,91.5,260,97,31,297.0,113.0,35.0,U,NEW YORK CITY AREA,Y,R,99.98999023,2.0,2.0,WCMB,0.0,0.0,,4.0,M,B,1.0,M,3.0,1.0,A,J,0.0,Z,U,U,U,U,U,Y,533.0,365-730,1,0.213801756587202,3.132220070990642,0.0,0.0,19.25621168118748,2683.7999999999997,0.24200066376432464,0,0,1,0,0,0,0,0,0,0,0,1,0.72934973,178.9649248123169,45,133.9649248123169,503.3388586521149,65,438.3388586521149,984.307086467743,85,899.307086467743
114.8325,623.0,109.99,0.0,0.0,0.0,0.0,0.0,4.8425,-623.0,-4.8425,4.333333333,0.0,4.666666667,0.0,40.0,0.0,280.3333333,1.333333333,90.0,0.0,234.0,1.333333333,0.666666667,2.0,1.98,38.66666667,0.0,495.8566667,1.733333333,277.19,63.0,60.45,24.66666667,100.3066667,246.0,1.333333333,522.8,1.733333333,75.33333333,0.0,250.2533333,0.0,9.0,281.6666667,235.3333333,0.0,6.666666667,13,1080149,2,2,U,AA,N,4673,16116.0,1598.97,1491.85,16038.0,4656,124.32,1336.5,388.0,831,259,117,1059.0,333.0,139.0,T,NORTH FLORIDA AREA,Y,N,149.9899902,1.0,1.0,WCMB,0.0,0.0,O,,M,B,1.0,M,5.0,,C,,0.0,G,U,U,U,U,U,Y,378.0,365-730,0,0.1840264423076923,0.0,0.007760416666666667,8.666666671,5.613118298945851,1492.8225,0.5999999998800001,0,0,0,1,0,0,0,0,1,0,1,1,0.81108606,178.82696522712706,45,133.82696522712706,502.9508123230934,65,437.9508123230934,983.5483087491989,85,898.5483087491989
118.225,528.5,30.0,0.0,150.25,60.1,60.1,0.0,11.9925,184.5,25.255,2.0,0.0,1.0,0.0,6.0,0.0,26.66666667,0.0,2.0,0.0,17.66666667,0.0,0.0,0.0,0.0,1.0,0.0,49.21333333,0.0,1.96,0.333333333,0.19,0.0,0.0,14.66666667,0.0,42.51333333,0.0,4.666666667,0.0,8.66,0.0,3.0,26.66666667,17.66666667,0.0,0.0,31,1006912,1,1,U,A,N,1206,3722.0,1283.53,1238.05,3707.0,1196,45.85,137.3,44.3,467,143,110,289.0,94.0,75.0,T,HOUSTON AREA,Y,N,29.98999023,1.0,1.0,WC,1.0,0.0,O,7.0,S,M,4.0,M,4.0,3.0,C,A,0.0,F,U,U,U,U,U,Y,939.0,730+,0,0.22327667610953728,1.9387096774193548,0.02264872521246459,0.0,17.048387096774192,3664.975,0.34028540065861695,0,0,0,0,0,0,0,0,0,0,0,1,0.78730357,178.71161803007126,45,133.71161803007126,502.62644332647324,65,437.62644332647324,982.913899165392,85,897.913899165392
146.27,10.0,0.0,0.0,0.0,0.0,0.0,0.0,0.0,,,0.0,0.0,0.0,0.0,0.0,0.0,0.0,0.0,0.0,0.0,0.0,0.0,0.0,0.0,0.0,0.0,0.0,0.0,0.0,0.0,0.0,0.0,0.0,0.0,0.0,0.0,0.0,0.0,0.0,0.0,0.0,0.0,0.0,0.0,0.0,0.0,0.0,7,1096723,2,2,Y,Z4,Y,342,1036.0,376.99,273.01,950.0,320,68.25,237.5,80.0,167,60,76,,,,R,OHIO AREA,Y,N,149.9899902,2.0,1.0,WCMB,0.0,0.0,O,2.0,S,S,2.0,M,5.0,,G,A,0.0,N,U,Y,U,U,U,Y,157.0,<180,1,13.297272727272729,0.0,0.0,0.0,10.0,1023.8900000000001,1.0,0,0,0,0,0,0,0,0,1,0,0,1,0.6361272,178.64894329452517,45,133.64894329452517,502.4501355791092,65,437.4501355791092,982.5691881198884,85,897.5691881198884
153.11,892.5,59.99,0.0,210.5,84.2,84.2,0.0,0.0,-577.5,-99.87,16.0,0.0,13.0,0.0,68.0,0.0,340.6666667,0.0,40.66666667,0.0,246.3333333,0.0,0.0,0.0,0.0,17.66666667,0.333333333,606.7066667,0.0,83.39333333,27.33333333,41.47,4.0,6.78,173.6666667,0.0,410.7266667,0.0,105.3333333,0.0,279.3733333,0.0,29.0,340.6666667,246.3333333,0.333333333,2.0,19,1027469,2,2,Y,A,N,3383,8796.0,1699.41,1621.26,8655.0,3303,90.07,480.83,183.5,1085,328,186,780.0,266.0,172.0,S,HOUSTON AREA,Y,N,79.98999023,1.0,1.0,WCMB,1.0,1.0,R,3.0,M,M,2.0,M,6.0,2.0,C,O,1.0,H,U,U,U,Y,U,Y,588.0,365-730,0,0.17135982092893118,1.3805541892113462,0.0,0.0,14.633546483030004,2909.09,0.4200702527722295,0,0,0,0,0,0,0,0,0,0,0,1,0.60750127,178.5878768692017,45,133.5878768692017,502.27840369462973,65,437.27840369462973,982.2333227806093,85,897.2333227806093
206.23,828.25,49.99,3.465,303.25,90.975,90.975,0.0,0.0,212.75,6.1,7.0,0.0,0.0,0.0,32.66666667,0.0,143.3333333,0.0,104.0,0.0,106.6666667,0.0,4.0,48.0,45.99333333,33.66666667,0.0,279.2666667,0.0,400.8666667,35.66666667,50.62333333,29.33333333,89.51,124.6666667,0.0,390.75,0.0,74.66666667,0.0,289.3866667,0.0,7.0,143.3333333,106.6666667,0.0,2.666666667,24,1016065,1,1,U,AA,N,2684,8268.0,1914.11,1699.33,7416.0,2271,94.41,412.0,126.17,757,197,204,550.0,145.0,128.0,R,NORTHWEST/ROCKY MOUNTAIN AREA,Y,N,149.9899902,3.0,2.0,WCMB,0.0,0.0,,,,S,1.0,M,,,C,,0.0,H,U,U,U,U,U,N,45.0,<180,1,0.2486946035574314,1.7841733673269267,0.0,96.0,16.243381055108845,4949.5199999999995,0.14740189347401894,0,0,1,1,1,0,0,1,1,0,1,0,0.4506153,178.42634995651247,45,133.42634995651247,501.82408466815946,65,436.82408466815946,981.3449247608186,85,896.3449247608186
160.0575,2017.25,52.61,2.97,279.0,104.7125,104.7125,0.0,1.58,1325.75,100.6725,5.666666667,0.0,51.0,0.333333333,155.3333333,0.0,658.6666667,0.333333333,208.6666667,0.0,450.0,0.0,0.333333333,0.333333333,0.09,104.6666667,0.0,500.4366667,0.0,412.58,98.66666667,47.17666667,38.0,126.4033333,197.3333333,0.0,239.8066667,0.0,458.0,0.0,673.21,0.0,57.0,659.0,450.0,0.0,10.33333333,13,1050104,1,1,N,CA,N,9026,17879.0,1596.53,1533.3,17864.0,9022,127.78,1488.67,751.83,1575,703,127,1432.0,649.0,124.0,C,CHICAGO AREA,Y,N,149.9899902,4.0,3.0,WCMB,0.0,0.0,O,3.0,S,U,4.0,M,2.0,,,,0.0,H,U,U,U,Y,Y,N,74.0,<180,1,0.07930509104422148,1.9532270098862154,0.0007828564350303481,4.333333329,37.62824099981347,2080.7475,0.30426947801658577,0,0,0,0,0,0,0,0,1,1,1,1,0.5805855,178.419962117672,45,133.419962117672,501.80613391578197,65,436.80613391578197,981.309791647196,85,896.309791647196
238.06,3323.25,130.15,0.99,493.5,83.325,83.325,0.0,4.545,-1731.25,-0.88,61.33333333,0.0,13.66666667,0.0,247.3333333,0.0,1039.333333,0.0,741.0,0.0,743.6666667,0.0,5.666666667,23.66666667,19.14,410.6666667,2.0,1103.953333,0.0,1278.34,168.6666667,152.11,122.3333333,189.3633333,526.3333333,0.0,821.3566667,0.0,855.0,0.0,1560.943333,0.0,75.0,1039.333333,743.6666667,0.0,69.33333333,8,1087731,1,1,U,EA,Y,9206,22158.0,2137.44,2020.93,22024.0,9139,288.7,3146.29,1305.57,3900,1583,238,3172.0,1292.0,290.0,C,ATLANTIC SOUTH AREA,Y,N,149.9899902,1.0,1.0,WCMB,0.0,0.0,,,,U,,,,,,,0.0,N,U,U,U,U,U,N,240.0,180-365,0,0.07161314582236594,0.6353412123522684,0.0013672256900052644,45.333333336,25.33930613800991,1904.48,0.13694863337900232,0,0,1,1,1,1,1,1,1,1,1,1,0.38993648,178.23029999828339,45,133.23029999828339,501.27272938728333,65,436.27272938728333,980.2666499905587,85,895.2666499905587
153.425,1171.5,76.6925,2.97,226.25,85.8225,85.725,0.0975,5.035,55.5,-68.985,19.66666667,0.0,2.666666667,0.0,63.66666667,0.0,291.0,0.333333333,209.6666667,0.0,213.6666667,0.333333333,5.333333333,31.33333333,28.12,127.6666667,0.0,563.24,0.25,386.38,40.0,46.50333333,6.333333333,19.44666667,232.0,0.333333333,555.4466667,0.25,91.33333333,0.0,394.1733333,0.0,22.33333333,291.3333333,214.0,0.0,0.333333333,18,1034319,2,2,Y,BA,N,2963,10967.0,1771.8,1708.92,10955.0,2959,122.07,782.5,211.36,1153,287,176,791.0,218.0,107.0,,SOUTHWEST AREA,Y,N,199.9899902,4.0,3.0,WCMB,0.0,0.0,,,,U,,,,,,,0.0,I,U,U,U,U,U,N,135.0,<180,1,0.13085287846481877,1.1046433053383533,0.004294243070362473,95.99999999399999,15.078675547832804,2761.65,0.13444516548298818,1,0,1,1,1,1,1,1,1,1,1,1,0.6048028,178.16038002014162,45,133.16038002014162,501.0761053860188,65,436.0761053860188,979.8820901107789,85,894.8820901107789
149.315,1629.5,69.99,0.0,297.75,89.325,89.325,0.0,0.0,67.5,-89.325,4.0,0.0,7.333333333,0.0,49.66666667,0.0,258.0,0.0,75.0,0.0,197.6666667,0.0,2.333333333,5.333333333,4.543333333,34.33333333,0.0,646.1633333,0.0,508.2266667,75.0,364.2933333,42.0,357.8466667,129.6666667,0.0,449.0166667,0.0,141.6666667,0.0,705.3733333,0.0,11.33333333,258.0,197.6666667,0.0,4.333333333,12,1085894,1,1,U,AA,N,3223,16634.0,1104.01,1023.13,16537.0,3221,93.01,1503.36,292.82,1607,292,179,1496.0,321.0,120.0,S,GREAT LAKES AREA,Y,N,149.9899902,1.0,1.0,WCMB,0.0,0.0,,,,U,,,,,,,0.0,O,U,U,U,U,U,N,358.0,180-365,0,0.09157620361852192,1.2582758134948586,0.0,27.999999996,22.953937174249894,1791.78,0.2177885721748289,0,0,1,1,1,1,1,1,1,1,1,1,0.6212599,178.105772439003,45,133.105772439003,500.9225294840336,65,435.9225294840336,979.5817484145166,85,894.5817484145166
179.165,1392.0,99.99,6.6825,285.25,71.3125,71.3125,0.0,0.235,-167.0,-51.245,5.666666667,0.0,9.0,0.0,23.0,0.0,348.0,0.0,89.0,0.0,312.0,0.0,0.333333333,1.333333333,1.2,25.66666667,0.0,630.1233333,0.0,429.3433333,99.0,130.3266667,21.33333333,83.21333333,255.6666667,0.0,732.71,0.0,143.6666667,0.0,326.7566667,0.0,14.66666667,348.0,312.0,0.0,7.333333333,24,1016174,1,1,Y,A,N,7880,22559.0,2981.19,2744.46,21323.0,7451,124.75,969.23,338.68,1448,485,196,1312.0,461.0,165.0,U,DALLAS AREA,Y,N,29.98999023,1.0,1.0,,0.0,0.0,O,4.0,S,S,2.0,M,6.0,1.0,G,O,0.0,N,U,U,U,U,U,Y,726.0,365-730,0,0.1286180904522613,0.7061342707198733,0.00016870064608758074,7.999999992,13.783542925042084,4299.96,0.4903240424981778,0,1,0,0,0,0,0,0,0,0,0,1,0.5176631,178.07447084808348,45,133.07447084808348,500.8344492602348,65,435.8344492602348,979.4095896644592,85,894.4095896644592
130.5025,1559.25,59.99,0.495,354.0,106.2,106.2,0.0,0.0,-45.25,-23.8125,42.0,0.0,10.0,0.0,166.6666667,0.0,733.6666667,0.0,344.3333333,0.0,524.6666667,0.0,2.0,2.333333333,0.48,224.6666667,5.0,662.9866667,0.0,390.5266667,141.0,152.47,35.0,48.82333333,452.3333333,0.0,528.68,0.0,323.0,0.0,524.8333333,0.0,52.0,733.6666667,524.6666667,0.0,7.333333333,12,1054279,2,2,Y,AA,N,8622,17045.0,2047.29,1943.83,16452.0,8291,194.38,1645.2,829.1,1574,790,139,1610.0,826.0,174.0,S,NEW YORK CITY AREA,N,N,29.98999023,3.0,3.0,WC,0.0,0.0,O,1.0,M,S,3.0,M,4.0,2.0,I,B,1.0,S,U,U,U,U,U,Y,304.0,180-365,1,0.08364204454414356,1.7412690605017216,0.0,24.0,25.565666502705362,1566.03,0.2109139952277207,0,0,0,0,0,0,0,0,0,0,0,1,0.7102311,177.9589298348427,45,132.9589298348427,500.5094823819399,65,435.5094823819399,978.7741140916348,85,893.7741140916348
137.9725,1318.25,58.5375,0.0,214.5,85.8,85.8,0.0,3.635,626.75,117.2175,13.0,0.0,5.333333333,0.0,92.33333333,0.0,261.0,0.0,68.0,0.0,152.6666667,0.0,11.0,29.0,22.67666667,36.0,0.333333333,636.56,0.0,225.0266667,18.66666667,10.40666667,13.0,26.42666667,104.6666667,0.0,371.93,0.0,113.6666667,0.0,489.6566667,0.0,18.33333333,261.0,152.6666667,0.0,3.333333333,14,1070968,2,1,U,ZA,Y,3029,16185.0,1162.7,1067.72,15498.0,2893,88.98,1291.5,241.08,1109,190,99,1594.0,282.0,90.0,,HOUSTON AREA,Y,N,59.98999023,1.0,1.0,WCMB,0.0,0.0,,,,U,,,,,,,0.0,N,U,U,U,U,U,N,421.0,365-730,0,0.1045840439643737,1.441108545034642,0.002755353420504074,154.0,22.141507453285744,1931.615,0.07439862542955326,1,0,1,1,1,1,1,1,1,1,1,1,0.6716208,177.91718982625008,45,132.91718982625008,500.3920922744274,65,435.3920922744274,978.5445440443755,85,893.5445440443755
168.6875,1629.0,95.1925,7.1775,155.0,62.0,62.0,0.0,5.9225,-73.0,-85.4775,10.66666667,0.0,27.66666667,0.0,128.0,0.333333333,606.0,0.333333333,123.6666667,0.0,442.0,0.0,10.33333333,23.0,15.55666667,46.66666667,2.333333333,797.32,0.0,348.31,79.66666667,110.8433333,11.66666667,36.20666667,366.3333333,0.0,710.96,0.0,195.6666667,0.0,434.6733333,0.0,38.33333333,606.3333333,442.0,0.0,0.0,14,1045171,2,2,Y,EA,N,4253,11954.0,1578.57,1498.59,11954.0,4253,115.28,919.54,327.15,1653,570,197,1137.0,389.0,138.0,,ATLANTIC SOUTH AREA,Y,N,199.9899902,5.0,4.0,WCMB,0.0,0.0,,,,U,,,,,,,0.0,N,U,U,U,U,U,N,72.0,<180,1,0.10348926380368098,0.6445408945603868,0.003633435582822086,144.66666662,16.934792213530162,2361.625,0.08348726837935234,1,0,1,1,1,1,1,1,1,1,1,1,0.54929614,177.90603404045106,45,132.90603404045106,500.3607207387686,65,435.3607207387686,978.4831872224809,85,893.4831872224809
144.3725,924.0,94.115,0.99,125.5,44.27,44.075,0.195,0.0,-355.0,-66.6225,27.33333333,0.0,2.333333333,0.0,37.33333333,0.0,316.0,0.0,66.33333333,0.0,254.0,0.0,13.66666667,44.33333333,36.25333333,29.0,0.333333333,516.33,0.0,172.4833333,71.66666667,79.63,7.0,16.23666667,183.3333333,0.0,381.3266667,0.0,120.6666667,0.0,307.48,0.0,29.66666667,316.0,254.0,0.0,0.0,10,1064972,2,2,Y,JF,Y,1849,5076.0,951.35,861.38,5076.0,1849,95.71,564.0,205.44,1042,344,167,629.0,209.0,103.0,T,CALIFORNIA NORTH AREA,Y,N,129.9899902,4.0,2.0,WCMB,0.0,0.0,,,,U,,,,,,,0.0,G,U,U,U,U,U,N,207.0,180-365,1,0.15607837837837837,0.4654365767754824,0.0,136.6666667,9.71455606371235,1443.725,0.06608466673085192,0,0,1,1,1,1,1,1,1,1,1,0,0.6409221,177.66052676057816,45,132.66052676057816,499.6702573299408,65,434.6702573299408,977.1328971831799,85,892.1328971831799
113.5775,526.0,29.99,3.2175,208.0,72.8,72.8,0.0,8.5575,111.0,70.1725,8.666666667,0.0,1.666666667,0.0,36.33333333,0.0,204.3333333,0.0,56.33333333,0.0,161.0,0.0,0.333333333,0.333333333,0.283333333,35.33333333,0.0,268.97,0.0,75.32666667,17.33333333,9.106666667,0.0,0.0,95.66666667,0.0,201.1433333,0.0,98.33333333,0.0,143.1533333,0.0,10.33333333,204.3333333,161.0,0.0,0.0,24,1015978,1,1,N,EA,N,3475,8081.0,1393.53,1344.87,8081.0,3475,58.47,351.35,151.09,489,200,90,453.0,190.0,69.0,T,NEW ENGLAND AREA,Y,N,29.98999023,1.0,1.0,,0.0,0.0,O,3.0,S,M,5.0,M,7.0,1.0,,A,0.0,F,U,U,U,U,U,Y,730.0,365-730,0,0.21551707779886148,2.3491448854469184,0.016238140417457303,7.999999992,16.97321716682801,2725.86,0.27155625659661037,0,1,0,0,0,0,0,0,0,1,0,0,0.8140514,177.51921835422516,45,132.51921835422516,499.27281516075135,65,434.27281516075135,976.3557009482385,85,891.3557009482385
154.18,1405.25,75.0,0.7425,313.75,78.4375,78.4375,0.0,0.0,297.75,67.05,0.0,0.0,0.0,0.0,0.0,0.0,0.0,0.0,0.0,0.0,0.0,0.0,0.0,0.0,0.0,0.0,0.0,0.0,0.0,0.0,0.0,0.0,0.0,0.0,0.0,0.0,0.0,0.0,0.0,0.0,0.0,0.0,0.0,0.0,0.0,0.0,0.0,23,1028043,1,1,U,AA,N,5363,23082.0,2691.6,2634.37,23033.0,5349,119.74,1046.95,243.14,1306,358,132,1164.0,300.0,133.0,,OHIO AREA,Y,R,79.98999023,2.0,2.0,WCMB,0.0,0.0,O,1.0,S,M,2.0,M,9.0,1.0,C,B,0.0,N,Y,U,U,U,U,Y,183.0,180-365,1,0.10963911111111112,1.0320723684210527,0.0,0.0,18.49013157894737,3546.1400000000003,0.49210845811412385,1,0,0,0,0,0,0,0,0,0,0,1,0.5984879,177.16775548171998,45,132.16775548171998,498.2843031024933,65,433.2843031024933,974.42265514946,85,889.42265514946
118.8625,611.75,40.0,0.0,245.0,85.75,85.75,0.0,0.0,209.25,46.7875,15.66666667,0.0,0.0,0.0,46.66666667,0.0,143.3333333,0.0,143.6666667,0.0,85.66666667,0.0,0.0,0.0,0.0,57.66666667,0.333333333,158.2233333,0.0,285.4466667,15.0,24.19333333,5.333333333,10.76,145.6666667,0.0,323.18,0.0,63.0,0.0,120.49,0.0,15.66666667,143.3333333,85.66666667,0.0,0.666666667,13,1059964,1,1,U,BA,N,1795,4630.0,875.05,815.06,4617.0,1787,74.1,419.73,162.45,542,204,103,492.0,190.0,91.0,U,LOS ANGELES AREA,N,N,29.98999023,1.0,1.0,WC,0.0,0.0,O,2.0,M,U,2.0,M,7.0,,I,,0.0,H,U,U,U,U,U,Y,383.0,365-730,0,0.19398204814361486,2.091463414634146,0.0,0.0,14.920731707317072,1545.2124999999999,0.32347140039447736,0,0,0,0,0,0,0,0,1,0,1,0,0.7761929,177.1396487379074,45,132.1396487379074,498.20527624487875,65,433.20527624487875,974.2680680584907,85,889.2680680584907
164.55,1151.75,57.49,3.96,357.0,108.845,108.65,0.195,1.755,622.25,132.72,4.0,0.0,2.333333333,0.0,27.33333333,0.0,333.3333333,0.0,84.33333333,0.0,301.3333333,0.0,0.0,0.0,0.0,32.0,0.0,344.91,0.0,238.44,178.6666667,189.8066667,20.0,53.79,263.0,0.0,403.8166667,0.0,121.0,0.0,179.5333333,0.0,6.333333333,333.3333333,301.3333333,0.0,2.333333333,19,1050070,2,1,U,AA,N,6617,15636.0,2059.26,2001.21,15314.0,6501,111.18,850.78,361.17,944,403,120,859.0,375.0,102.0,,SOUTH FLORIDA AREA,Y,N,199.9899902,2.0,2.0,WCMB,0.0,0.0,,,,U,,,,,,,0.0,N,U,U,U,U,U,N,428.0,365-730,1,0.14274560832791153,1.8609163959651223,0.0015224463240078073,0.0,19.691400239357154,3126.4500000000003,0.3495383512116413,1,0,1,1,1,1,1,1,1,1,1,0,0.560309,177.02178196907047,45,132.02178196907047,497.8737715959549,65,432.8737715959549,973.6198008298876,85,888.6198008298876
134.835,1502.25,81.28,4.2075,193.0,77.2,77.2,0.0,0.0,556.75,97.895,17.33333333,0.0,2.333333333,0.0,244.6666667,0.0,623.3333333,3.333333333,236.3333333,0.0,367.0,3.333333333,1.666666667,8.0,7.19,115.0,3.0,608.7466667,8.073333333,536.9433333,101.3333333,91.63,56.66666667,118.72,237.3333333,0.333333333,478.3966667,0.09,328.3333333,3.0,667.2933333,7.983333333,19.66666667,626.6666667,370.3333333,0.0,13.0,21,1033113,2,2,Y,ZA,N,7457,17550.0,1449.6,1417.68,17520.0,7437,74.61,922.11,391.42,1317,512,102,1113.0,435.0,80.0,U,GREAT LAKES AREA,N,N,129.9899902,2.0,2.0,WCMB,0.0,0.0,O,4.0,S,M,3.0,M,4.0,,,A,0.0,N,U,U,Y,Y,U,Y,445.0,365-730,1,0.08969565940462332,0.9382596013612057,0.0,35.000000007000004,18.257778317938744,2831.5350000000003,0.27739818391753085,0,0,0,0,0,0,0,0,1,1,0,0,0.6836566,176.98719110870366,45,131.98719110870366,497.77650714039805,65,432.77650714039805,973.4295510978701,85,888.4295510978701
121.45,819.75,64.3975,0.99,197.0,72.69,55.8,12.5775,0.0,-538.75,-44.67,5.666666667,0.0,3.0,0.0,22.66666667,0.333333333,114.3333333,16.33333333,33.0,0.333333333,85.0,16.0,1.333333333,9.333333333,8.483333333,8.333333333,0.333333333,341.1133333,27.16666667,191.0766667,39.66666667,96.90666667,23.66666667,155.1166667,76.66666667,13.66666667,283.0633333,24.02333333,39.33333333,2.333333333,249.1266667,3.143333333,8.666666667,130.6666667,101.0,0.0,1.0,10,1061515,3,2,Y,CA,N,1582,7322.0,895.81,845.82,7253.0,1559,93.98,805.89,173.22,999,249,136,742.0,189.0,98.0,C,TENNESSEE AREA,Y,N,149.9899902,2.0,2.0,WCMB,,,,,,,,,,,,,,,,,,,,,137.0,<180,1,0.14797441364605543,1.1115103788371117,0.0,13.333333329999999,12.534882831912537,1214.5,0.2902889314147453,0,0,1,1,1,1,1,1,1,1,1,1,0.75893056,176.97047156810763,45,131.97047156810763,497.7294404268265,65,432.7294404268265,973.3375936245919,85,888.3375936245919
155.65,904.0,43.7,2.475,420.5,157.5825,156.4125,1.17,0.195,-43.0,-61.34,13.33333333,0.333333333,1.333333333,0.0,33.66666667,0.0,333.6666667,0.333333333,179.3333333,0.0,289.0,0.0,2.666666667,8.666666667,7.12,104.0,1.0,342.08,0.0,293.6533333,43.33333333,25.53333333,2.333333333,2.44,338.0,0.0,496.7033333,0.0,103.0,0.0,139.0333333,0.0,15.0,334.0,289.0,0.0,0.0,12,1051820,2,1,Y,U,N,2528,5623.0,991.59,918.36,5611.0,2520,83.49,510.09,229.09,918,434,176,654.0,306.0,110.0,U,NEW YORK CITY AREA,Y,N,79.98999023,1.0,1.0,WCMB,0.0,0.0,,,,U,,,,,,,0.0,U,U,U,U,U,U,N,376.0,365-730,0,0.1719889502762431,3.5253355704697986,0.0002154696132596685,32.000000004,20.22371364653244,1867.8000000000002,0.13904333827791016,0,0,1,1,1,1,1,1,1,1,1,1,0.5917199,176.83432220458985,45,131.83432220458985,497.34653120040895,65,432.34653120040895,972.5887721252443,85,887.5887721252443
291.5675,2939.5,281.28,5.1975,0.0,0.0,0.0,0.0,28.0175,-506.5,-69.0775,18.33333333,0.0,24.0,0.0,162.6666667,0.0,809.6666667,0.0,336.3333333,0.0,612.6666667,0.0,0.666666667,1.0,0.89,147.3333333,0.333333333,1138.796667,0.0,892.7,191.3333333,221.5066667,50.0,100.4566667,805.0,0.0,1770.503333,0.0,135.3333333,0.0,260.9933333,0.0,42.33333333,809.6666667,612.6666667,0.0,41.66666667,47,1001297,4,0,N,A,N,30623,73969.09,11205.59,11062.8,73902.09,30584,257.27,1718.65,711.26,3108,1092,315,2919.0,1029.0,299.0,U,SOUTH FLORIDA AREA,Y,N,199.9899902,4.0,4.0,WCMB,0.0,0.0,O,8.0,S,U,3.0,M,9.0,1.0,C,A,0.0,H,U,U,U,U,U,Y,182.0,180-365,1,0.09915575582383948,0.0,0.009528141472538684,31.333333349,10.413419299985831,13703.6725,0.5999999998800001,0,0,0,0,0,0,0,0,0,0,0,0,0.31588078,176.83309055328368,45,131.83309055328368,497.3431019386649,65,432.3431019386649,972.5819980430604,85,887.5819980430604
163.37,1341.25,75.0,0.495,362.75,90.6875,90.6875,0.0,0.0,-705.25,-88.37,29.66666667,0.0,7.0,0.0,34.66666667,0.0,264.3333333,0.0,86.0,0.0,202.0,0.0,0.333333333,2.0,1.893333333,29.66666667,0.0,716.8333333,0.0,259.6633333,20.33333333,15.07666667,3.0,12.82,178.0,0.0,583.4833333,0.0,100.6666667,0.0,393.01,0.0,36.66666667,264.3333333,202.0,0.0,4.0,34,1008867,1,1,Y,D,N,13316,31595.0,3533.64,3332.94,30719.0,12843,104.15,959.97,401.34,1576,412,193,1139.0,319.0,135.0,S,ATLANTIC SOUTH AREA,Y,N,79.98999023,4.0,4.0,WCMB,0.0,0.0,,,,U,,,,,,,0.0,J,U,U,U,U,U,N,446.0,365-730,1,0.12171354069659154,1.1932565789473684,0.0,11.333333322,17.648026315789473,5554.58,0.39579038737998057,0,0,1,1,1,1,1,1,1,1,1,0,0.56305045,176.61226264095308,45,131.61226264095308,496.7219935464859,65,431.7219935464859,971.367444525242,85,886.367444525242
149.26,1088.0,59.99,5.445,304.75,91.425,91.425,0.0,2.4,-409.0,-96.3,1.333333333,0.0,9.333333333,0.0,51.33333333,0.0,308.0,0.0,31.66666667,0.0,246.0,0.0,0.0,0.0,0.0,8.666666667,0.0,679.0266667,0.0,106.4766667,6.333333333,18.38666667,2.666666667,2.76,223.6666667,0.0,644.69,0.0,54.0,0.0,140.8133333,0.0,10.66666667,308.0,246.0,0.0,5.666666667,16,1063648,2,2,U,AA,N,3094,11623.0,1440.74,1360.76,11601.0,3087,90.72,773.4,205.8,1224,329,181,887.0,243.0,117.0,T,CHICAGO AREA,Y,N,149.9899902,1.0,1.0,WCMB,0.0,0.0,O,9.0,S,M,2.0,M,8.0,2.0,C,A,0.0,N,U,U,U,U,U,Y,468.0,365-730,0,0.1370615243342516,1.499016232169208,0.0022038567493112946,0.0,17.838989998360386,2388.16,0.4001574648164551,0,0,0,0,0,0,0,0,0,0,0,1,0.6162412,176.6019091835022,45,131.6019091835022,496.6929140615463,65,431.6929140615463,971.310500509262,85,886.310500509262
110.11,561.75,44.99,7.92,192.0,67.2,67.2,0.0,0.0,278.25,21.76,0.333333333,0.0,2.0,0.0,14.66666667,0.0,97.66666667,0.0,14.0,0.0,80.66666667,0.0,0.0,0.0,0.0,5.666666667,0.0,210.1966667,0.0,31.26666667,3.333333333,8.633333333,0.666666667,0.313333333,89.66666667,0.0,225.7366667,0.0,5.0,0.0,15.72666667,0.0,2.333333333,97.66666667,80.66666667,0.0,0.0,13,1082162,2,2,U,AA,N,1249,4052.0,784.3,717.7,3928.0,1226,59.81,327.33,102.17,469,143,103,328.0,107.0,71.0,R,DC/MARYLAND/VIRGINIA AREA,Y,N,149.9899902,1.0,1.0,WCMB,0.0,0.0,,,,U,,,,,,,0.0,S,U,U,U,U,U,N,372.0,365-730,0,0.19566414926699244,1.461187214611872,0.0,0.0,12.214611872146119,1431.43,0.4063079777365492,0,0,1,1,1,1,1,1,1,1,1,1,0.83413416,176.34529563713076,45,131.34529563713076,495.97121617317197,65,430.97121617317197,969.8991260042192,85,884.8991260042192
173.9375,1787.25,59.99,3.2175,388.5,116.73,115.95,0.78,0.0,642.75,79.7325,19.33333333,0.0,4.0,0.0,64.33333333,0.0,457.0,1.333333333,279.3333333,0.0,377.3333333,1.333333333,3.666666667,7.0,4.93,163.0,0.0,774.86,1.87,641.87,123.0,149.5566667,22.66666667,163.5,268.6666667,1.0,714.8233333,1.56,285.0,0.333333333,701.9,0.31,23.33333333,458.3333333,378.6666667,0.0,0.333333333,10,1071092,1,1,Y,AA,N,2850,9440.0,928.03,843.76,9389.0,2834,93.75,1043.22,314.89,1573,472,148,1205.0,348.0,105.0,U,NEW YORK CITY AREA,Y,N,129.9899902,1.0,1.0,WCMB,0.0,0.0,O,1.0,,U,1.0,M,7.0,,C,,0.0,G,U,U,U,U,U,Y,313.0,180-365,0,0.0972668810289389,1.9139203148057058,0.0,36.66666667,29.303984259714706,1739.375,0.1519621278109147,0,0,0,0,1,0,0,0,1,0,1,0,0.5279458,176.3127981543541,45,131.3127981543541,495.879734441638,65,430.879734441638,969.7203898489475,85,884.7203898489475
209.19,2694.25,94.99,0.7425,456.0,114.0,114.0,0.0,4.675,-566.25,-58.45,28.66666667,0.0,19.33333333,0.0,89.0,0.0,347.0,0.0,180.0,0.0,219.6666667,0.0,0.666666667,1.333333333,0.96,43.66666667,0.0,1076.193333,0.0,975.7466667,36.0,29.72666667,4.666666667,18.22333333,232.3333333,0.0,1118.39,0.0,150.6666667,0.0,933.5566667,0.0,48.0,347.0,219.6666667,0.0,9.333333333,21,1023920,1,1,U,AA,N,7225,35559.0,3948.62,3825.77,34883.0,7006,201.36,1835.95,368.74,2883,456,229,2838.0,456.0,251.0,T,TENNESSEE AREA,Y,N,79.98999023,1.0,1.0,WCMB,1.0,0.0,,4.0,M,U,2.0,M,5.0,,I,N,0.0,N,U,U,U,U,U,Y,627.0,365-730,0,0.07761432149151284,1.1876237108032088,0.0017345329746776736,14.000000007,28.068027919574956,4392.99,0.3503497779261146,0,0,1,0,0,0,0,0,1,0,0,0,0.43837327,176.07035139083862,45,131.07035139083862,495.19783834934236,65,430.19783834934236,968.3869326496125,85,883.3869326496125
210.62,2835.25,42.765,2.7225,477.75,119.9275,118.5625,1.365,0.0,-2835.25,-210.62,8.333333333,0.0,21.33333333,0.0,304.6666667,0.0,881.3333333,1.333333333,114.6666667,0.0,547.6666667,1.333333333,3.333333333,7.333333333,5.243333333,55.0,0.0,1171.846667,3.83,305.8033333,123.6666667,119.51,23.66666667,34.17,334.3333333,0.0,727.1,0.0,327.3333333,1.333333333,750.55,3.83,29.66666667,882.6666667,549.0,0.0,17.0,19,1041716,2,2,N,EA,N,17294,45956.0,3824.31,3708.57,45825.0,17230,206.03,2545.83,957.22,3780,1156,281,3396.0,1171.0,273.0,S,NORTH FLORIDA AREA,Y,N,79.98999023,1.0,1.0,WCMB,0.0,0.0,O,6.0,,U,2.0,M,6.0,2.0,C,,0.0,N,U,U,U,U,U,Y,577.0,365-730,0,0.07426002644336713,2.7402604821204157,0.0,63.333333327000005,64.78350279904033,4001.78,0.1413708542130895,0,0,0,0,1,0,0,0,0,0,1,0,0.43531442,176.03697518730166,45,131.03697518730166,495.10401154518127,65,430.10401154518127,968.2033635301591,85,883.2033635301591
153.55,752.25,39.99,0.0,353.0,123.56,123.4625,0.0975,0.0,-14.25,-40.26,0.0,0.0,0.0,0.0,0.0,0.0,0.0,0.0,0.0,0.0,0.0,0.0,0.0,0.0,0.0,0.0,0.0,0.0,0.0,0.0,0.0,0.0,0.0,0.0,0.0,0.0,0.0,0.0,0.0,0.0,0.0,0.0,0.0,0.0,0.0,0.0,0.0,12,1070578,1,1,U,AA,N,177,2448.0,804.29,744.31,2448.0,177,67.66,222.55,16.09,757,48,167,407.0,29.0,99.0,,CHICAGO AREA,Y,N,59.98999023,1.0,1.0,WCMB,,,,,,,,,,,,,,,,,,,,,362.0,180-365,0,0.20384998340524396,3.0143937545742863,0.0,0.0,18.352037082215173,1842.6000000000001,0.24910361592221214,1,0,1,1,1,1,1,1,1,1,1,0,0.5965498,175.87242848396303,45,130.87242848396303,494.6412142634392,65,429.6412142634392,967.2983566617967,85,882.2983566617967
183.3625,1322.75,84.99,0.0,44.0,17.6,17.6,0.0,43.655,-69.75,65.6975,10.0,0.0,0.666666667,0.0,30.33333333,0.0,164.3333333,0.333333333,39.66666667,0.0,124.6666667,0.333333333,0.0,0.0,0.0,11.0,1.333333333,638.99,0.59,502.36,28.66666667,38.42,0.0,0.0,78.66666667,0.0,347.64,0.0,78.33333333,0.333333333,793.7066667,0.59,10.66666667,164.6666667,125.0,0.0,2.0,9,1066380,2,1,N,AA,N,1506,6940.0,935.21,839.44,6695.0,1431,104.93,836.88,178.88,1346,165,161,961.0,186.0,102.0,T,NORTHWEST/ROCKY MOUNTAIN AREA,Y,R,99.98999023,3.0,2.0,WCMB,1.0,0.0,O,8.0,S,U,2.0,M,5.0,1.0,A,A,0.0,N,U,U,U,U,U,N,79.0,<180,1,0.13851746931067047,0.20467496220490758,0.032978281397544856,0.0,15.382602628212585,1650.2625,0.8300994304469543,0,0,0,0,0,0,0,0,0,0,0,0,0.49950114,175.85236946821215,45,130.85236946821215,494.58484377563,65,429.58484377563,967.1880320751669,85,882.1880320751669
118.6375,871.5,58.61,0.0,163.75,65.5,65.5,0.0,0.8775,-418.5,-71.7275,9.0,0.0,113.6666667,0.666666667,31.33333333,0.0,439.6666667,0.666666667,107.0,0.0,288.0,0.0,1.0,1.333333333,0.45,43.33333333,6.666666667,403.3333333,0.0,202.5866667,14.33333333,11.5,0.0,0.0,196.3333333,0.0,322.6666667,0.0,196.0,0.0,283.25,0.0,123.3333333,440.3333333,288.0,0.0,6.333333333,11,1058734,1,1,U,BA,N,2101,4910.0,893.56,830.33,4910.0,2101,83.03,491.0,210.1,1011,438,143,662.0,281.0,113.0,U,CHICAGO AREA,Y,R,129.9899902,2.0,2.0,WCMB,0.0,0.0,O,3.0,M,B,1.0,M,,,A,,0.0,H,U,U,U,U,U,N,147.0,<180,1,0.13597421203438395,1.0988089246770676,0.001005730659025788,11.0,14.620030196275792,1305.0125,0.3227046340407103,0,0,0,0,0,0,0,1,1,0,1,1,0.77184606,175.81418654203415,45,130.81418654203415,494.47739257812503,65,429.47739257812503,966.9780259811879,85,881.9780259811879
154.97,1489.25,63.4025,4.2075,234.75,93.9,93.9,0.0,0.285,877.75,177.93,5.666666667,0.0,4.666666667,0.0,53.33333333,0.0,376.6666667,0.0,136.3333333,0.0,315.3333333,0.0,3.666666667,6.333333333,3.913333333,57.66666667,0.0,345.98,0.0,248.4133333,99.66666667,42.78,48.33333333,79.41333333,195.3333333,0.0,266.1433333,0.0,254.0,0.0,328.2433333,0.0,10.33333333,376.6666667,315.3333333,0.0,3.0,17,1057102,1,1,U,ZA,N,6473,16795.0,1873.36,1793.38,16761.0,6452,112.09,1047.56,403.25,1197,562,96,1272.0,536.0,143.0,T,NORTH FLORIDA AREA,Y,N,199.9899902,3.0,3.0,WCMB,0.0,0.0,,,,U,,,,,,,0.0,S,U,U,U,U,U,N,132.0,<180,1,0.10398926354638484,1.4580179340864097,0.00019124308002013083,62.333333339,23.124102325220292,2634.49,0.1632737136901087,0,0,1,1,1,1,1,1,1,1,1,1,0.58984584,175.50415754508973,45,130.50415754508973,493.6054523324966,65,428.6054523324966,965.2728664979935,85,880.2728664979935
128.0125,1068.0,44.99,0.0,229.0,91.6,91.6,0.0,0.1725,-783.0,-93.0225,46.0,0.0,5.333333333,0.0,62.0,0.0,412.3333333,0.0,180.0,0.0,313.6666667,0.0,4.0,18.33333333,15.72333333,97.0,0.0,484.7966667,0.0,312.5666667,115.3333333,159.5566667,49.33333333,111.4133333,187.6666667,0.0,315.11,0.0,274.0,0.0,482.2533333,0.0,51.33333333,412.3333333,313.6666667,0.0,17.0,11,1097001,2,1,U,AA,N,2259,5708.0,755.44,477.06,3987.0,1612,159.02,1329.0,537.33,1329,537,159,,,,C,CALIFORNIA NORTH AREA,Y,N,149.9899902,1.0,1.0,WCMB,0.0,0.0,,1.0,S,S,4.0,M,2.0,2.0,,A,0.0,O,U,U,U,U,U,Y,135.0,<180,0,0.11974976613657623,1.9917373342030875,0.00016136576239476146,44.0,23.222439660795825,1408.1374999999998,0.14302596796765668,0,0,1,0,0,0,0,0,0,1,0,1,0.7122071,175.04911201357842,45,130.04911201357842,492.32563135325904,65,427.32563135325904,962.7701160746813,85,877.7701160746813
174.505,912.0,50.0,1.2375,403.5,121.05,121.05,0.0,0.5175,-185.0,-56.405,8.333333333,0.0,0.0,0.0,25.0,0.0,170.0,0.0,180.0,0.0,141.6666667,0.0,2.333333333,16.0,14.80333333,72.0,0.333333333,267.4266667,0.0,487.3266667,19.66666667,25.84666667,10.66666667,30.88333333,219.0,0.0,526.7133333,0.0,86.33333333,0.0,228.04,0.0,8.333333333,170.0,141.6666667,0.0,1.666666667,23,1017380,1,1,U,A,N,4526,14030.0,2311.61,2239.53,13929.0,4484,101.8,633.14,203.82,974,314,193,856.0,259.0,158.0,S,CALIFORNIA NORTH AREA,Y,N,59.98999023,1.0,1.0,WCMB,0.0,0.0,O,10.0,M,M,2.0,M,6.0,1.0,C,F,0.0,N,U,U,U,Y,Y,Y,709.0,365-730,0,0.19113362541073384,2.373529411764706,0.0005668127053669222,53.666666659,17.88235294117647,4013.615,0.175227624129802,0,0,0,0,0,0,0,0,0,0,0,0,0.5219807,174.88943236351014,45,129.88943236351014,491.8765493249893,65,426.8765493249893,961.8918779993057,85,876.8918779993057
226.015,2809.5,109.99,0.0,357.5,125.125,125.125,0.0,0.0,267.5,88.175,3.333333333,0.0,14.66666667,0.0,72.33333333,0.0,498.0,0.0,206.0,0.0,409.3333333,0.0,27.66666667,52.0,34.44,68.0,0.0,1108.99,0.0,1180.02,130.6666667,100.79,17.33333333,46.51,327.0,0.0,1232.733333,0.0,286.6666667,0.0,1056.276667,0.0,18.0,498.0,409.3333333,0.0,10.66666667,6,1085353,1,1,Y,EA,Y,2910,13658.0,1392.9,1312.02,13472.0,2884,262.4,2694.4,576.8,2720,588,197,,,,U,DALLAS AREA,Y,N,129.9899902,1.0,1.0,WCMB,0.0,0.0,O,5.0,M,S,3.0,M,5.0,1.0,C,B,0.0,N,U,U,Y,Y,Y,Y,192.0,180-365,0,0.08041807507560932,1.1273538156590683,0.0,166.00000002000002,25.31309126948374,1356.09,0.03356378171523833,0,0,0,0,0,0,0,0,0,0,0,0,0.4028196,174.80308794498444,45,129.80308794498444,491.6336983168125,65,426.6336983168125,961.4169836974144,85,876.4169836974144
123.305,574.75,39.99,1.7325,197.0,68.96,68.8625,0.0975,15.54,-253.75,-28.025,6.0,1.0,1.666666667,0.333333333,56.0,0.0,198.3333333,2.0,46.33333333,0.0,135.6666667,0.666666667,4.666666667,14.66666667,11.98333333,24.33333333,0.0,377.89,0.323333333,89.17666667,33.33333333,33.35333333,0.0,0.0,84.66666667,0.333333333,172.86,0.106666667,90.33333333,0.333333333,294.2066667,0.216666667,9.0,200.3333333,136.3333333,0.0,2.0,13,1049596,1,1,U,DA,N,1932,5260.0,876.63,843.39,5253.0,1925,70.28,437.75,160.42,659,191,133,498.0,160.0,87.0,R,MIDWEST AREA,Y,N,149.9899902,1.0,1.0,WCMB,0.0,0.0,,5.0,M,U,2.0,M,1.0,1.0,C,B,0.0,N,U,U,U,U,U,N,395.0,365-730,0,0.21416413373860183,1.6823615515979504,0.026990881458966564,60.666666671,14.021712612832397,1602.9650000000001,0.1360724126040681,0,0,1,0,0,0,0,0,0,0,0,0,0.73835725,174.80281979274753,45,129.80281979274753,491.632967414856,65,426.632967414856,961.4155088601113,85,876.4155088601113
129.26,784.25,49.99,0.495,283.0,84.9,84.9,0.0,0.0,206.75,68.03,3.333333333,0.0,9.666666667,0.0,49.0,0.0,285.3333333,0.0,170.0,0.0,224.6666667,0.0,4.666666667,6.0,3.313333333,81.0,0.333333333,204.63,0.0,298.2433333,27.0,21.49333333,0.333333333,0.316666667,326.6666667,0.0,423.89,0.0,66.66666667,0.0,78.98333333,0.0,13.0,285.3333333,224.6666667,0.0,5.0,21,1028123,1,1,Y,AA,N,3810,7432.0,954.87,954.87,7019.0,3577,73.45,539.92,275.15,715,346,106,628.0,314.0,90.0,,HOUSTON AREA,N,N,29.98999023,1.0,1.0,,1.0,0.0,O,1.0,M,B,1.0,M,6.0,,C,B,0.0,U,U,U,U,U,U,Y,644.0,365-730,0,0.16460999681630054,1.6650323592861347,0.0,98.00000000700001,15.380466758187879,2714.46,0.13639403314494064,1,1,0,0,0,0,0,0,1,0,0,1,0.7038163,174.6725698890686,45,129.6725698890686,491.2666105175018,65,426.2666105175018,960.6991343898773,85,875.6991343898773
123.92,544.25,52.81,0.7425,197.25,77.835,77.7375,0.0975,0.0,561.75,230.04,5.666666667,0.0,1.333333333,0.0,22.33333333,0.0,151.0,1.333333333,135.0,0.0,125.0,1.333333333,2.0,12.0,10.94,97.0,0.666666667,116.0766667,0.186666667,90.48666667,17.0,19.02666667,8.0,13.90666667,81.0,0.0,97.72,0.0,124.0,1.333333333,108.8433333,0.186666667,7.0,152.3333333,126.3333333,0.0,0.666666667,12,1084812,1,1,U,AA,N,1894,3336.0,695.85,635.33,3336.0,1894,57.76,303.27,172.18,357,194,47,411.0,228.0,70.0,T,NEW ENGLAND AREA,Y,N,149.9899902,3.0,3.0,WCMB,0.0,0.0,O,4.0,S,U,3.0,M,4.0,,C,A,0.0,S,U,U,U,U,U,Y,109.0,<180,1,0.22727189362677672,1.4464783497491172,0.0,24.0,10.114291023973239,1487.04,0.2248970806428019,0,0,0,0,0,0,0,0,1,0,0,1,0.7335926,174.54106047821045,45,129.54106047821045,490.89672151565554,65,425.89672151565554,959.9758326301575,85,874.9758326301575
156.3,527.0,39.99,3.2175,227.75,91.1,91.1,0.0,31.9925,350.0,128.59,6.0,0.0,1.0,0.0,55.0,0.0,195.6666667,0.0,31.0,0.0,135.3333333,0.0,1.0,2.333333333,1.696666667,18.33333333,0.666666667,205.63,0.0,26.97333333,0.666666667,0.316666667,0.333333333,0.243333333,136.3333333,0.0,208.6133333,0.0,23.33333333,0.0,23.99,0.0,7.0,195.6666667,135.3333333,0.0,0.0,8,1093561,1,1,U,BA,N,1225,2204.0,609.2,543.68,2202.0,1223,77.67,314.57,174.71,410,214,113,346.0,189.0,85.0,R,TENNESSEE AREA,Y,N,149.9899902,1.0,1.0,WCMB,0.0,0.0,O,1.0,S,A,3.0,M,4.0,1.0,C,A,0.0,N,U,U,U,U,U,Y,222.0,180-365,0,0.29602272727272727,2.2224932910465967,0.06059185606060606,8.0,12.856794340082946,1250.4,0.23682690085509592,0,0,0,0,0,0,0,0,0,0,0,0,0.5805779,174.22912038803102,45,129.22912038803102,490.0193917751313,65,425.0193917751313,958.2601621341706,85,873.2601621341706
163.4975,1909.0,49.99,3.2175,297.0,118.8,118.8,0.0,1.49,583.0,114.0325,17.66666667,0.0,55.0,0.0,37.66666667,0.0,508.3333333,0.0,41.0,0.0,399.3333333,0.0,3.333333333,6.666666667,5.076666667,13.66666667,0.333333333,1401.946667,0.0,157.9266667,38.66666667,35.05333333,8.333333333,18.81,188.3333333,0.0,474.0033333,0.0,250.6666667,0.0,1085.873333,0.0,72.66666667,508.3333333,399.3333333,0.0,3.0,11,1075768,1,1,U,EA,Y,3851,13328.0,1564.69,1499.71,13306.0,3843,149.97,1330.6,384.3,1715,403,126,1383.0,371.0,147.0,,OHIO AREA,Y,N,129.9899902,1.0,1.0,WCMB,0.0,0.0,O,4.0,S,S,3.0,M,6.0,2.0,,A,0.0,U,U,U,U,U,U,Y,334.0,180-365,0,0.08560078534031414,2.3298686016866053,0.0007801047120418848,36.666666663,37.438713473230045,1798.4725,0.15007799700535918,1,0,0,0,0,0,0,0,0,1,0,1,0.55442464,174.04231661748886,45,129.04231661748886,489.4940447223187,65,424.4940447223187,957.2327413961888,85,872.2327413961888
144.43,686.0,79.99,0.2475,0.0,0.0,0.0,0.0,60.3175,164.0,12.75,28.33333333,0.0,2.0,0.0,7.333333333,0.0,83.66666667,0.0,63.33333333,0.0,60.0,0.0,0.0,0.0,0.0,33.66666667,0.0,81.34333333,0.0,45.09333333,16.0,14.41,3.333333333,4.413333333,90.33333333,0.0,100.94,0.0,19.0,0.0,25.49666667,0.0,30.33333333,83.66666667,60.0,0.0,1.333333333,16,1054576,5,5,U,A,N,6002,14162.0,1507.25,1317.9,13499.0,5656,94.14,964.21,404.0,631,293,140,841.0,348.0,113.0,T,SOUTHWEST AREA,Y,N,199.9899902,1.0,1.0,WCMB,0.0,0.0,O,7.0,M,B,1.0,M,6.0,1.0,C,,0.0,U,U,U,U,U,U,Y,461.0,365-730,0,0.21023289665211065,0.0,0.08779839883551674,0.0,8.47018150388937,2310.88,1.0,0,0,0,0,0,0,0,0,0,0,1,1,0.6272178,173.93100544548037,45,128.93100544548037,489.18097864151,65,424.18097864151,956.620529950142,85,871.620529950142
149.0225,1922.0,59.99,0.2475,263.25,78.975,78.975,0.0,15.1225,225.0,15.6675,0.0,0.0,0.0,0.0,0.0,0.0,0.0,0.0,0.0,0.0,0.0,0.0,0.0,0.0,0.0,0.0,0.0,0.0,0.0,0.0,0.0,0.0,0.0,0.0,0.0,0.0,0.0,0.0,0.0,0.0,0.0,0.0,0.0,0.0,0.0,0.0,0.0,9,1066522,1,1,U,AA,N,4185,15132.0,1324.3,1290.32,15076.0,4170,161.29,1884.5,521.25,1847,583,144,2109.0,582.0,185.0,,NORTHWEST/ROCKY MOUNTAIN AREA,Y,N,129.9899902,1.0,1.0,WCMB,0.0,0.0,,,,U,,,,,,,0.0,N,U,U,U,U,U,N,282.0,180-365,0,0.07749479979199168,1.2948844072798817,0.007864014560582423,0.0,31.513362846368256,1341.2025,0.43575179509163015,1,0,1,1,1,1,1,1,1,1,1,0,0.6071412,173.71718490195278,45,128.71718490195278,488.5795869779587,65,423.5795869779587,955.4445169607402,85,870.4445169607402
120.3575,443.0,29.99,9.405,196.25,68.6875,68.6875,0.0,0.0,122.0,16.6325,0.666666667,0.0,6.666666667,0.0,27.0,0.0,174.0,0.0,41.66666667,0.0,140.0,0.0,0.0,0.0,0.0,16.66666667,0.0,197.3666667,0.0,84.79666667,3.333333333,1.776666667,0.0,0.0,143.3333333,0.0,219.6833333,0.0,38.0,0.0,62.48,0.0,7.333333333,174.0,140.0,0.0,0.333333333,17,1036893,2,1,U,BA,N,1407,3370.0,994.3,957.41,3368.0,1405,59.84,210.5,87.81,402,189,115,311.0,136.0,81.0,,NORTH FLORIDA AREA,N,N,29.98999023,2.0,1.0,WCMB,1.0,0.0,O,0.0,S,U,2.0,M,6.0,1.0,C,A,0.0,G,U,U,U,U,U,Y,104.0,<180,1,0.27107545045045045,2.2164407873507583,0.0,0.0,14.294933849628913,2046.0775,0.31090266108198944,1,0,0,0,0,0,0,0,0,0,0,0,0.7516591,173.69820124411584,45,128.69820124411584,488.5262161076069,65,423.5262161076069,955.3401068426372,85,870.3401068426372
132.8825,1217.0,76.4425,2.475,157.25,47.175,47.175,0.0,9.29,-330.0,-56.0825,0.0,0.0,0.0,0.0,0.0,0.0,0.0,0.0,0.0,0.0,0.0,0.0,0.0,0.0,0.0,0.0,0.0,0.0,0.0,0.0,0.0,0.0,0.0,0.0,0.0,0.0,0.0,0.0,0.0,0.0,0.0,0.0,0.0,0.0,0.0,0.0,0.0,12,1072026,2,2,U,BA,N,1591,9184.0,1148.26,1068.28,9183.0,1590,97.12,834.82,144.55,1327,224,151,1140.0,182.0,123.0,C,MIDWEST AREA,Y,N,59.98999023,1.0,1.0,WCMB,0.0,0.0,,,M,U,1.0,M,,,,,0.0,N,U,U,U,U,U,N,353.0,180-365,0,0.10909893267651888,0.6091616360525551,0.007627257799671592,0.0,15.714885237434226,1594.59,0.6214416113306719,0,0,1,1,0,0,0,1,1,1,1,0,0.6807833,173.69123664712905,45,128.69123664712905,488.50659514963627,65,423.50659514963627,955.3018015592098,85,870.3018015592098
156.0775,1187.0,74.0725,3.7125,252.25,76.5475,75.9625,0.585,2.435,-580.0,-42.1475,3.666666667,0.0,3.333333333,0.0,24.66666667,0.0,169.0,1.666666667,56.0,0.0,138.0,1.666666667,4.666666667,68.66666667,66.30666667,15.66666667,0.333333333,408.7033333,5.6,307.7866667,38.33333333,59.04,9.0,36.19666667,155.3333333,1.666666667,611.46,5.6,36.66666667,0.0,105.03,0.0,7.0,170.6666667,139.6666667,0.0,0.666666667,21,1022454,1,1,U,BA,N,4386,17191.0,2365.07,1953.58,15806.0,4053,162.8,1317.17,337.75,1380,295,170,1274.0,293.0,182.0,S,MIDWEST AREA,Y,R,99.98999023,2.0,2.0,WCMB,0.0,0.0,,,,U,,,,,,,0.0,N,U,U,U,U,U,N,231.0,180-365,1,0.131378367003367,1.0196476739152152,0.0020496632996632996,98.00000000700001,15.811382330413933,3277.6274999999996,0.14955922635595398,0,0,1,1,1,1,1,1,1,1,1,0,0.5791812,173.56253943395615,45,128.56253943395615,488.1446328550577,65,423.1446328550577,954.5939668867588,85,869.5939668867588
126.4,689.0,51.98,0.2475,103.5,31.05,31.05,0.0,43.1225,168.0,99.71,2.666666667,0.0,1.666666667,0.0,19.66666667,0.0,183.0,0.0,78.0,0.0,159.6666667,0.0,10.0,14.66666667,9.636666667,28.0,0.0,242.5166667,0.0,209.2366667,42.66666667,32.66333333,1.0,4.4,195.3333333,0.0,376.16,0.0,41.66666667,0.0,75.59333333,0.0,4.333333333,183.0,159.6666667,0.0,3.333333333,25,1022246,1,1,N,AA,N,4275,11379.0,1535.15,1436.88,10942.0,4065,62.47,475.74,176.74,633,237,93,540.0,208.0,75.0,S,TENNESSEE AREA,Y,N,149.9899902,2.0,2.0,WCMB,1.0,1.0,O,1.0,S,M,2.0,M,6.0,1.0,C,A,0.0,S,U,U,U,U,U,Y,533.0,365-730,1,0.18318840579710147,0.586070215175538,0.06249637681159421,250.0,13.004907512268781,3160.0,0.08631054200674454,0,0,0,0,0,0,0,0,0,0,0,1,0.7145034,173.40140777587894,45,128.40140777587894,487.69146690368655,65,422.69146690368655,953.7077427673341,85,868.7077427673341
162.92,1049.5,44.99,4.2075,158.75,55.6325,54.95,0.6825,68.09,-47.5,-66.34,22.66666667,0.0,4.333333333,0.0,38.66666667,0.0,345.0,1.666666667,228.6666667,0.0,289.6666667,1.666666667,0.333333333,0.333333333,0.2,155.0,0.666666667,429.1166667,1.01,221.29,106.0,148.0633333,20.66666667,74.48666667,180.3333333,0.0,309.86,0.0,196.6666667,1.666666667,340.55,1.01,27.0,346.6666667,291.3333333,0.0,0.0,9,1080720,2,1,U,AA,N,1506,3658.0,759.18,700.73,3489.0,1466,100.1,498.43,209.43,1065,461,185,581.0,244.0,111.0,T,NEW ENGLAND AREA,N,N,129.9899902,2.0,2.0,WCMB,0.0,0.0,,,,U,,,,,,,0.0,I,U,U,U,U,U,N,48.0,<180,1,0.1550880533079486,1.2096651445966513,0.06481675392670157,2.999999997,22.820178299630353,1466.28,0.39323657045405885,0,0,1,1,1,1,1,1,1,1,1,1,0.55371314,173.20501485443117,45,128.20501485443117,487.1391139888763,65,422.1391139888763,952.6275816993714,85,867.6275816993714
146.08,1793.75,99.99,1.98,115.5,23.1,23.1,0.0,0.0,234.25,-1.54,7.0,0.0,18.0,0.0,78.0,0.0,494.6666667,0.0,219.6666667,0.0,392.3333333,0.0,0.333333333,1.333333333,1.216666667,62.33333333,0.0,792.0566667,0.0,560.95,38.66666667,27.88666667,23.0,72.37,514.3333333,0.0,1088.9,0.0,96.33333333,0.0,264.1033333,0.0,25.0,494.6666667,392.3333333,0.0,11.66666667,18,1033688,3,2,U,B,N,10871,24374.0,2039.26,1932.82,24313.0,10846,113.7,1430.18,638.0,1716,747,147,1596.0,715.0,127.0,C,SOUTH FLORIDA AREA,Y,R,29.98999023,3.0,2.0,WCMB,1.0,0.0,R,2.0,M,S,1.0,M,4.0,1.0,C,K,0.0,N,U,U,U,U,U,Y,72.0,<180,1,0.08139295166457725,0.22873551836815528,0.0,5.999999994,17.76165957025448,2629.44,0.640176647222777,0,0,0,0,0,0,0,0,0,0,0,1,0.6174728,173.18482681274418,45,128.18482681274418,487.08231670379644,65,422.08231670379644,952.516547470093,85,867.516547470093
123.1825,808.5,29.99,1.2375,115.0,50.895,45.3375,5.5575,5.1575,702.5,163.6475,11.33333333,0.0,3.0,0.0,32.33333333,1.666666667,213.3333333,10.33333333,59.33333333,0.0,169.6666667,8.666666667,0.0,0.0,0.0,40.33333333,0.333333333,310.6,18.68,65.92333333,44.0,37.50333333,0.0,0.0,76.66666667,2.333333333,102.3966667,4.31,132.3333333,6.333333333,274.1266667,14.37,14.33333333,223.6666667,178.3333333,0.0,0.666666667,19,1028635,1,1,U,AA,N,3222,6551.0,1127.16,1091.7,6547.0,3219,60.65,363.72,178.83,574,224,68,455.0,194.0,62.0,S,NEW YORK CITY AREA,Y,N,129.9899902,1.0,1.0,WCMB,0.0,0.0,O,15.0,S,U,5.0,M,6.0,2.0,I,,0.0,M,U,U,U,Y,Y,Y,579.0,365-730,0,0.15217109326744904,1.6423039690222654,0.006371216800494132,0.0,26.089060987415298,2340.4675,0.37845759296574466,0,0,0,0,0,0,0,0,0,0,1,1,0.73195404,173.1147517409325,45,128.1147517409325,486.88524661362175,65,421.88524661362175,952.1311345751287,85,867.1311345751287
126.74,695.0,39.99,0.0,263.0,92.05,92.05,0.0,0.55,1048.0,167.4,3.666666667,0.0,0.0,0.0,0.333333333,0.0,51.0,0.0,27.0,0.0,48.0,0.0,0.666666667,0.666666667,0.143333333,8.333333333,0.0,90.65666667,0.0,324.6866667,11.0,9.676666667,0.0,0.0,42.0,0.0,362.4833333,0.0,32.0,0.0,52.86,0.0,3.666666667,51.0,48.0,0.0,0.0,11,1068049,2,2,U,AA,N,502,2227.0,516.46,456.48,2227.0,502,45.65,222.7,50.2,346,59,71,264.0,48.0,56.0,U,NEW YORK CITY AREA,Y,N,199.9899902,2.0,2.0,WCMB,0.0,0.0,,,,U,,,,,,,0.0,O,U,U,U,U,U,N,27.0,<180,1,0.18209770114942528,2.245669675530617,0.0007902298850574714,7.333333337,16.955354964625517,1394.1399999999999,0.25560174597697544,0,0,1,1,1,1,1,1,1,1,1,1,0.7105692,172.9104831237793,45,127.9104831237793,486.3107337856292,65,421.3107337856292,951.0076571807862,85,866.0076571807862
109.9425,669.75,30.0,0.0,226.0,79.1,79.1,0.0,0.8425,168.25,43.6075,18.33333333,0.0,5.333333333,0.0,105.0,0.0,312.6666667,0.0,200.6666667,0.0,192.0,0.0,0.333333333,0.333333333,0.11,116.6666667,1.0,207.0766667,0.0,209.7533333,22.0,22.61333333,10.33333333,7.626666667,128.6666667,0.0,157.3266667,0.0,210.0,0.0,259.5033333,0.0,23.66666667,312.6666667,192.0,0.0,1.0,21,1029821,1,1,N,ZA,N,6634,10247.0,1502.38,1470.38,10231.0,6625,73.52,511.55,331.25,614,393,95,540.0,354.0,73.0,T,DC/MARYLAND/VIRGINIA AREA,Y,N,29.98999023,1.0,1.0,,0.0,0.0,O,,M,U,1.0,M,5.0,1.0,A,,0.0,H,U,U,U,U,U,Y,635.0,365-730,0,0.1639098024599329,2.551612903225806,0.0012560566530003727,6.999999993,21.60483870967742,2308.7925,0.2574038195626336,0,1,0,1,0,0,0,0,0,0,1,0,0.8189811,172.87839933300017,45,127.87839933300017,486.22051123023033,65,421.22051123023033,950.831196331501,85,865.831196331501
128.775,1060.75,44.99,0.7425,265.0,92.75,92.75,0.0,0.2925,-47.75,-58.495,9.333333333,0.0,4.0,0.0,73.0,0.0,379.6666667,0.0,209.0,0.0,296.3333333,0.0,0.0,0.0,0.0,103.6666667,0.0,392.1733333,0.0,322.83,117.3333333,127.0633333,37.0,71.71666667,258.3333333,0.0,420.0733333,0.0,209.3333333,0.0,294.93,0.0,13.33333333,379.6666667,296.3333333,0.0,0.0,11,1080494,2,2,U,A,N,4049,8134.0,1030.25,956.33,8077.0,4013,95.63,807.7,401.3,1077,493,148,910.0,435.0,113.0,U,LOS ANGELES AREA,Y,N,29.98999023,1.0,1.0,WC,0.0,0.0,,,,U,,,,,,,0.0,R,U,U,U,U,U,N,316.0,180-365,0,0.12128561337414646,2.0167427701674274,0.00027548858017424063,0.0,23.06479669493368,1416.525,0.33148335015136227,0,0,1,1,1,1,1,1,1,1,1,1,0.6990832,172.84692526817324,45,127.84692526817324,486.132023370266,65,421.132023370266,950.6580889749529,85,865.6580889749529
113.2625,379.5,29.99,0.7425,133.0,46.55,46.55,0.0,35.98,40.5,0.8075,4.333333333,0.0,1.333333333,0.0,28.66666667,0.0,137.3333333,0.0,26.0,0.0,103.0,0.0,0.0,0.0,0.0,18.33333333,0.0,167.3,0.0,24.10666667,20.66666667,23.31,3.0,3.686666667,85.33333333,0.0,134.6466667,0.0,35.0,0.0,56.76333333,0.0,5.666666667,137.3333333,103.0,0.0,0.666666667,18,1046851,2,2,Y,BA,N,2013,4547.0,1535.19,1380.23,4547.0,2013,81.19,267.47,118.41,366,169,113,289.0,134.0,92.0,S,NORTHWEST/ROCKY MOUNTAIN AREA,Y,N,29.98999023,1.0,1.0,WC,0.0,0.0,,,,U,,,,,,,0.0,U,U,U,U,U,U,N,528.0,365-730,0,0.29766754270696455,1.5020974507905775,0.09455978975032851,0.0,12.245885769603099,2038.7250000000001,0.3996646891926748,0,0,1,1,1,1,1,1,1,1,1,0,0.7947183,172.82263449907305,45,127.82263449907305,486.06365277767185,65,421.06365277767185,950.5244897449018,85,865.5244897449018
176.145,1884.0,59.99,0.0,312.5,125.0,125.0,0.0,1.155,58.0,-3.515,9.0,0.0,1.0,0.0,24.66666667,0.0,359.0,0.0,129.3333333,0.0,328.0,0.0,2.333333333,4.333333333,3.08,40.0,0.0,1072.43,0.0,508.7933333,150.0,337.2433333,43.66666667,151.41,201.3333333,0.0,634.4666667,0.0,236.0,0.0,946.7533333,0.0,10.0,359.0,328.0,0.0,13.66666667,14,1062365,1,1,U,AA,N,4560,19784.0,2231.36,2171.38,19727.0,4554,167.03,1517.46,350.31,1865,411,177,1851.0,428.0,209.0,T,GREAT LAKES AREA,Y,N,59.98999023,1.0,1.0,WCMB,0.0,0.0,O,3.0,S,U,2.0,M,6.0,2.0,C,A,0.0,N,U,U,U,U,U,Y,415.0,365-730,0,0.09344562334217507,2.0495163141498605,0.0006127320954907162,32.666666662000004,30.8903098868667,2466.03,0.18577520561613403,0,0,0,0,0,0,0,0,0,0,0,0,0.51083326,172.7629923477173,45,127.7629923477173,485.89591597795487,65,420.89591597795487,950.1964579124452,85,865.1964579124452
222.6975,1754.5,62.6975,0.0,327.5,131.0,131.0,0.0,0.0,374.5,-51.7075,12.0,0.0,0.333333333,0.0,82.0,0.0,272.3333333,0.0,258.3333333,0.0,185.3333333,0.0,18.33333333,25.0,17.02333333,122.3333333,0.333333333,409.6333333,0.0,682.4366667,61.66666667,84.04333333,33.33333333,88.69,245.6666667,0.0,594.5766667,0.0,138.3333333,0.0,497.4933333,0.0,12.33333333,272.3333333,185.3333333,0.0,4.0,12,1086127,2,1,U,CC,Y,4477,14543.0,1739.2,1692.11,14240.0,4365,153.83,1294.55,396.82,1630,433,240,1572.0,456.0,205.0,T,PHILADELPHIA AREA,Y,N,199.9899902,4.0,3.0,WCMB,0.0,0.0,O,4.0,S,S,2.0,M,6.0,1.0,I,A,0.0,N,U,U,U,U,U,Y,132.0,<180,1,0.1268570207917972,2.0565956277718906,0.0,219.99999995999997,27.544252129204445,2672.37,0.046750973412497315,0,0,0,0,0,0,0,0,0,0,0,0,0.40337634,172.47532463121414,45,127.47532463121414,485.0868637990951,65,420.0868637990951,948.6142854716778,85,863.6142854716778
126.705,486.75,84.99,1.2375,187.25,46.8125,46.8125,0.0,0.0,-40.75,2.005,6.0,0.0,2.666666667,0.0,11.0,0.0,122.6666667,0.0,53.0,0.0,105.0,0.0,0.0,0.0,0.0,25.33333333,0.0,246.0766667,0.0,107.9266667,22.33333333,37.73666667,12.66666667,29.63666667,122.0,0.0,298.19,0.0,23.66666667,0.0,55.81333333,0.0,8.666666667,122.6666667,105.0,0.0,0.666666667,20,1025468,2,2,Y,AA,N,1948,5510.0,1544.5,1451.17,5448.0,1904,80.62,302.67,105.78,500,160,126,412.0,130.0,109.0,U,LOS ANGELES AREA,N,N,29.98999023,1.0,1.0,WCMB,0.0,0.0,O,5.0,M,U,2.0,M,7.0,2.0,I,A,0.0,J,U,Y,Y,U,U,Y,609.0,365-730,0,0.2597744746283957,0.5443946970577974,0.0,0.0,5.6605419234794745,2534.1,0.6475028708043901,0,0,0,0,0,0,0,0,0,0,0,0,0.70874816,172.41972647953034,45,127.41972647953034,484.93047317147256,65,419.93047317147256,948.3084956374169,85,863.3084956374169
126.9675,669.0,40.4425,0.0,124.0,91.15,91.15,0.0,0.0,-336.0,146.3525,9.0,0.0,17.0,0.0,79.66666667,0.0,303.3333333,0.0,90.0,0.0,202.0,0.0,2.333333333,5.333333333,3.846666667,46.66666667,0.0,254.8466667,0.0,149.0366667,38.66666667,28.93666667,15.66666667,30.23,188.6666667,0.0,221.24,0.0,99.0,0.0,182.6433333,0.0,26.0,303.3333333,202.0,0.0,3.333333333,16,1061353,2,1,U,BA,N,3809,8606.0,757.29,695.32,8606.0,3809,46.35,573.73,253.93,781,339,78,525.0,232.0,55.0,S,NORTH FLORIDA AREA,Y,R,129.9899902,2.0,2.0,WCMB,0.0,0.0,,,,B,1.0,M,,,C,,0.0,R,U,U,U,U,U,N,340.0,180-365,1,0.18950373134328358,2.199432949267057,0.0,37.333333328,16.14284852506485,2031.48,0.1807414137851941,0,0,1,1,1,0,0,1,1,0,1,1,0.70707524,172.36909490776065,45,127.36909490776065,484.7881096994877,65,419.7881096994877,948.0300219926836,85,863.0300219926836
146.13,731.25,69.99,5.94,234.0,70.2,70.2,0.0,0.0,206.75,51.6,6.333333333,0.0,1.0,0.0,24.33333333,0.0,183.6666667,0.0,60.0,0.0,153.6666667,0.0,0.0,0.0,0.0,34.0,0.0,383.57,0.0,111.87,75.66666667,159.6933333,27.0,90.73666667,192.3333333,0.0,458.96,0.0,14.0,0.0,36.48,0.0,7.333333333,183.6666667,153.6666667,0.0,0.333333333,13,1059400,2,2,Y,AA,N,1683,5286.0,1293.62,1213.64,5268.0,1671,101.14,439.0,139.25,662,191,129,569.0,168.0,115.0,T,GREAT LAKES AREA,Y,N,149.9899902,1.0,1.0,WCMB,1.0,0.0,O,15.0,S,M,3.0,M,3.0,2.0,,A,0.0,F,U,U,U,Y,U,Y,385.0,365-730,0,0.19956299078183679,0.9888716720664883,0.0,0.0,10.30074658402592,1899.69,0.5027976485586798,0,0,0,0,0,0,0,0,0,1,0,1,0.6141127,172.30135878181457,45,127.30135878181457,484.59756286382674,65,419.59756286382674,947.6574732999802,85,862.6574732999802
127.535,418.5,29.99,1.7325,273.75,95.8125,95.8125,0.0,0.0,-152.5,-48.895,3.333333333,0.0,5.333333333,0.0,15.66666667,0.0,131.3333333,0.0,6.333333333,0.0,107.3333333,0.0,0.0,0.0,0.0,2.0,0.0,312.6066667,0.0,26.25,15.66666667,12.71666667,0.666666667,2.216666667,81.0,0.0,218.34,0.0,31.0,0.0,120.5133333,0.0,8.666666667,131.3333333,107.3333333,0.0,0.666666667,27,1014635,2,1,N,A,N,1903,6261.0,1906.39,1847.81,6152.0,1865,73.91,246.08,74.6,469,129,144,372.0,107.0,114.0,S,MIDWEST AREA,N,R,9.989997864,1.0,1.0,,1.0,1.0,O,1.0,S,U,2.0,M,6.0,1.0,I,A,0.0,S,U,U,U,U,U,Y,817.0,730+,0,0.3040166865315852,3.091723136495644,0.0,0.0,13.504356243949662,3443.4449999999997,0.24439581238540248,0,1,0,0,0,0,0,0,0,0,0,1,0.70346266,172.25493193531037,45,127.25493193531037,484.46703407645225,65,419.46703407645225,947.402125644207,85,862.402125644207
158.895,1011.5,75.0,0.0,86.75,21.6875,21.6875,0.0,62.2075,726.5,192.185,4.333333333,0.0,8.0,0.0,15.66666667,0.0,195.3333333,0.0,65.33333333,0.0,169.3333333,0.0,0.333333333,2.333333333,2.093333333,18.33333333,0.0,543.5233333,0.0,251.7233333,35.0,64.64333333,17.33333333,93.63666667,175.6666667,0.0,554.5433333,0.0,52.33333333,0.0,240.7033333,0.0,12.33333333,195.3333333,169.3333333,0.0,0.333333333,17,1048858,1,1,U,AA,N,2276,7294.0,1541.59,1436.6,7285.0,2272,89.79,455.31,142.0,769,203,95,717.0,209.0,103.0,,CENTRAL/SOUTH TEXAS AREA,Y,N,29.98999023,1.0,1.0,WC,1.0,1.0,O,10.0,S,A,2.0,M,4.0,2.0,C,A,0.0,N,U,U,U,U,U,Y,509.0,365-730,0,0.15693333333333334,0.28536184210526316,0.06143950617283951,5.666666661,13.30921052631579,2701.215,0.6177815411941104,1,0,0,0,0,0,0,0,0,0,0,1,0.56362987,171.9512976036072,45,126.9512976036072,483.61302451014524,65,418.61302451014524,945.7321368198396,85,860.7321368198396
152.325,1783.25,77.615,3.96,196.0,75.875,75.875,0.0,0.0,-414.25,-71.395,29.33333333,0.0,18.0,0.0,117.6666667,0.0,438.3333333,0.0,116.6666667,0.0,282.3333333,0.0,3.666666667,9.0,7.023333333,44.33333333,0.0,1121.34,0.0,395.3033333,26.66666667,27.73333333,8.666666667,33.38333333,250.6666667,0.0,977.1466667,0.0,139.3333333,0.0,539.49,0.0,47.33333333,438.3333333,282.3333333,0.0,14.33333333,41,1004009,2,1,U,BA,N,13222,29755.0,4284.77,4015.98,29323.0,12973,102.97,751.87,332.64,1921,397,176,1237.0,299.0,147.0,C,NORTH FLORIDA AREA,Y,N,29.98999023,10.0,3.0,WC,0.0,0.0,,2.0,S,A,5.0,M,6.0,,C,A,0.0,N,Y,U,U,U,U,N,294.0,180-365,1,0.08537200504413618,0.965146600521529,0.0,150.333333347,22.68333015327864,6245.325,0.17756270538424368,0,0,1,0,0,0,0,0,1,0,0,0,0.58731836,171.7694712638855,45,126.76947126388549,483.101674246788,65,418.101674246788,944.7320919513702,85,859.7320919513702
169.215,1328.5,72.8925,2.475,132.75,53.1,53.1,0.0,46.04,-1328.5,-90.225,20.66666667,0.0,6.333333333,0.0,27.33333333,0.0,209.6666667,0.0,51.33333333,0.0,164.6666667,0.0,7.666666667,27.0,21.74333333,9.0,1.0,587.4733333,0.0,530.53,40.0,61.63,0.666666667,12.96333333,102.3333333,0.0,364.87,0.0,100.0,0.0,753.13,0.0,27.0,209.6666667,164.6666667,0.0,0.0,9,1066913,1,1,U,E4,Y,1263,8389.0,1084.43,1024.06,8365.0,1254,128.01,1045.63,156.75,1771,265,199,1357.0,194.0,160.0,S,NORTHWEST/ROCKY MOUNTAIN AREA,Y,R,29.98999023,2.0,2.0,WCMB,1.0,0.0,O,13.0,S,M,3.0,M,6.0,3.0,I,A,0.0,Z,U,U,U,U,U,Y,78.0,<180,1,0.12727717186912374,0.7186114964306256,0.03462955998495675,69.000000003,17.978820583956423,1522.935,0.1065498520753984,0,0,0,0,0,0,0,0,0,0,0,1,0.5284215,171.6803411436081,45,126.6803411436081,482.85098972439766,65,417.85098972439766,944.2418762898446,85,859.2418762898446
113.815,1302.25,82.0075,1.485,106.5,42.725,37.8,4.8,0.0975,-948.25,-64.765,11.33333333,2.0,12.66666667,0.333333333,70.33333333,2.0,293.6666667,87.66666667,79.33333333,3.0,201.0,83.33333333,5.333333333,25.33333333,22.87333333,24.0,0.333333333,651.1366667,182.32,281.46,53.33333333,36.19666667,3.0,7.67,201.3333333,60.0,686.7,117.0966667,77.33333333,23.33333333,245.8933333,65.22333333,26.33333333,381.3333333,284.3333333,0.0,10.66666667,7,1095084,4,2,N,AA,N,2187,9138.0,725.6,643.51,9021.0,2173,107.25,1503.5,362.17,1618,406,135,1504.0,362.0,107.0,S,NORTH FLORIDA AREA,Y,N,149.9899902,1.0,1.0,WCMB,0.0,0.0,R,2.0,M,S,2.0,M,4.0,2.0,,N,0.0,C,Y,U,U,U,U,N,193.0,180-365,0,0.08733167082294264,0.5147125259765685,7.481296758104739e-05,37.333333331,15.688341414932387,796.7049999999999,0.1460270594843021,0,0,0,0,0,0,0,0,0,1,0,0,0.7856131,171.67595852184297,45,126.67595852184297,482.8386265587807,65,417.8386265587807,944.2177718701363,85,859.2177718701363
261.2725,2470.0,218.5375,0.0,10.25,1.5375,1.5375,0.0,1.9125,-484.0,-61.2825,16.33333333,0.0,1.333333333,0.0,21.33333333,0.0,233.3333333,2.666666667,215.3333333,0.0,201.0,2.666666667,0.0,0.0,0.0,103.3333333,0.0,799.2233333,6.326666667,1171.92,99.33333333,340.2433333,46.66666667,510.0466667,324.3333333,2.0,1792.056667,3.886666667,30.33333333,0.666666667,179.0933333,2.44,17.66666667,236.0,203.6666667,0.0,6.0,39,1003545,3,2,N,B,N,10465,40184.0,8126.43,8067.25,40124.0,10451,212.3,1055.89,275.03,2631,364,282,2504.0,383.0,380.0,S,CALIFORNIA NORTH AREA,Y,N,149.9899902,3.0,3.0,WCMB,0.0,0.0,O,7.0,M,S,3.0,M,4.0,2.0,C,B,0.0,N,U,U,U,U,U,Y,222.0,180-365,1,0.10573553217320922,0.007003359334965553,0.000773978146499393,0.0,11.250925240562546,10189.627499999999,0.9930453466018319,0,0,0,0,0,0,0,0,0,0,0,0,0.34155342,171.33796046042443,45,126.33796046042443,481.8880215814709,65,416.8880215814709,942.3587825323343,85,857.3587825323343
157.4675,770.75,42.3675,0.0,312.75,125.1,125.1,0.0,0.0,-768.75,-122.4775,1.333333333,0.0,0.333333333,0.0,10.33333333,0.0,94.33333333,0.0,9.333333333,0.0,82.33333333,0.0,0.666666667,0.666666667,0.11,6.0,0.0,751.9566667,0.0,25.76333333,0.0,0.0,0.0,0.0,58.0,0.0,484.78,0.0,33.66666667,0.0,292.94,0.0,1.666666667,94.33333333,82.33333333,0.0,0.0,20,1047647,1,1,U,CA,N,1692,7749.0,1175.1,1125.11,7409.0,1513,66.18,435.82,89.0,1027,118,198,769.0,105.0,117.0,S,DALLAS AREA,N,N,79.98999023,1.0,1.0,WC,0.0,0.0,,,,U,,,,,,,0.0,H,U,U,U,U,U,N,581.0,365-730,0,0.2040395205701328,2.8846486424165563,0.0,13.33333334,17.772525508733498,3149.35,0.2197167042966734,0,0,1,1,1,1,1,1,1,1,1,1,0.5664837,171.2693181755543,45,126.2693181755543,481.6949620616436,65,416.6949620616436,941.9812499655486,85,856.9812499655486
165.265,992.75,59.99,0.0,361.5,108.45,108.45,0.0,0.0,-816.75,-113.925,4.666666667,0.0,0.666666667,0.0,28.0,0.0,148.3333333,0.0,107.0,0.0,117.6666667,0.0,0.0,0.0,0.0,58.66666667,0.0,186.63,0.0,337.35,26.33333333,18.14333333,11.0,12.69666667,102.3333333,0.0,241.3666667,0.0,92.33333333,0.0,282.6133333,0.0,5.333333333,148.3333333,117.6666667,0.0,0.0,15,1048056,2,2,U,AA,N,3210,9542.0,1604.35,1524.37,9516.0,3195,108.88,679.71,228.21,1265,304,203,1152.0,287.0,184.0,U,DC/MARYLAND/VIRGINIA AREA,Y,N,129.9899902,1.0,1.0,WCMB,0.0,0.0,O,,M,U,2.0,M,9.0,,C,,0.0,N,U,U,U,U,U,Y,470.0,365-730,0,0.16630440251572326,1.778160354156419,0.0,0.0,16.277258566978194,2478.975,0.3599504249291785,0,0,0,1,0,0,0,0,1,0,1,1,0.5397362,171.2630621328354,45,126.26306213283539,481.6773720991611,65,416.6773720991611,941.9468417305947,85,856.9468417305947
197.905,1393.0,75.1975,4.455,359.0,109.8725,105.875,3.9975,11.51,-165.0,-123.695,10.66666667,0.666666667,0.666666667,0.0,52.0,0.0,358.6666667,16.66666667,236.0,0.0,298.6666667,16.0,0.0,0.0,0.0,168.6666667,0.0,563.6666667,18.62,337.4733333,53.33333333,41.91666667,6.0,10.30333333,275.6666667,0.666666667,561.07,0.313333333,168.6666667,15.33333333,340.07,18.30666667,12.0,375.3333333,314.6666667,0.0,0.333333333,18,1051753,1,1,U,AA,N,4383,13085.0,2275.39,2195.41,13080.0,4381,129.14,769.41,257.71,1448,473,239,1266.0,414.0,228.0,U,CALIFORNIA NORTH AREA,Y,R,129.9899902,2.0,2.0,WCMB,0.0,0.0,,,,U,,,,,,,0.0,U,U,U,U,U,U,N,159.0,<180,1,0.14196915351506456,1.4419436333213032,0.008256814921090387,0.0,18.28143967977952,3562.29,0.40950986187993765,0,0,1,1,1,1,1,1,1,1,1,0,0.45055333,171.2001797184944,45,126.20017971849441,481.5005231523514,65,416.5005231523514,941.6009884517193,85,856.6009884517193
108.99,244.25,114.99,0.0,0.0,0.0,0.0,0.0,0.0,-229.25,0.0,10.66666667,0.0,1.0,0.0,12.33333333,0.0,56.0,0.0,19.66666667,0.0,33.0,0.0,0.0,0.0,0.0,11.0,0.0,196.2333333,0.0,49.44,17.66666667,30.00666667,8.333333333,38.38333333,19.0,0.0,71.23666667,0.0,25.33333333,0.0,174.4366667,0.0,11.66666667,56.0,33.0,0.0,0.0,12,1064975,3,2,U,AA,N,1101,5926.0,1306.41,1201.43,5912.0,1097,109.22,537.45,99.73,321,55,109,665.0,93.0,118.0,T,CHICAGO AREA,Y,N,79.98999023,1.0,1.0,WCMB,0.0,0.0,R,4.0,M,M,3.0,M,3.0,,I,,0.0,O,U,Y,Y,U,U,Y,354.0,180-365,0,0.44440366972477063,0.0,0.0,0.0,2.1057849814639193,1307.8799999999999,1.0,0,0,0,0,0,0,0,0,1,0,1,1,0.81795204,171.16530175209047,45,126.16530175209047,481.4024176740646,65,416.4024176740646,941.4091596364975,85,856.4091596364975
122.8525,1736.0,44.99,1.2375,247.5,86.625,86.625,0.0,0.0,101.0,30.0875,9.333333333,0.0,11.66666667,0.0,59.66666667,0.0,292.3333333,0.0,39.0,0.0,212.6666667,0.0,14.33333333,16.66666667,11.18333333,17.33333333,6.666666667,1535.056667,0.0,228.2933333,56.0,84.91666667,10.33333333,21.59,76.0,0.0,346.2566667,0.0,174.6666667,0.0,1417.096667,0.0,21.0,292.3333333,212.6666667,0.0,2.333333333,15,1058484,3,2,U,A,N,1774,10153.0,956.19,799.39,10067.0,1743,61.49,774.38,134.08,1702,228,113,1294.0,190.0,80.0,C,DC/MARYLAND/VIRGINIA AREA,Y,N,149.9899902,1.0,1.0,WCMB,1.0,1.0,O,2.0,S,U,4.0,M,3.0,2.0,C,A,0.0,U,U,U,U,U,U,Y,435.0,365-730,0,0.07072682786413356,1.8835616438356164,0.0,214.99999995000002,37.74733637747336,1842.7875000000001,0.058082482440631265,0,0,0,0,0,0,0,0,0,0,0,1,0.72551596,171.13238806867602,45,126.13238806867602,481.30984876573086,65,416.30984876573086,941.2281343777181,85,856.2281343777181
135.29,1524.0,134.99,0.0,25.25,8.8375,8.8375,0.0,1.4625,-506.0,-9.52,22.33333333,0.0,1.666666667,0.0,175.3333333,0.0,715.3333333,0.0,336.0,0.0,520.6666667,0.0,0.0,0.0,0.0,217.0,1.333333333,554.3633333,0.0,365.69,129.0,109.3066667,43.33333333,43.96333333,692.3333333,0.0,814.6133333,0.0,124.6666667,0.0,105.44,0.0,24.0,715.3333333,520.6666667,0.0,5.666666667,11,1076010,4,2,U,BA,N,6591,12749.0,1560.27,1480.29,12748.0,6590,148.03,1274.8,659.0,1693,860,138,1424.0,732.0,133.0,U,LOS ANGELES AREA,Y,N,149.9899902,1.0,1.0,WCMB,0.0,0.0,O,15.0,,U,1.0,M,6.0,,A,,0.0,H,U,U,U,U,U,N,334.0,180-365,0,0.08871475409836065,0.06498639605853371,0.0009590163934426229,0.0,11.206706375468784,1488.1899999999998,0.9389791303447205,0,0,0,0,1,0,0,0,1,0,1,1,0.6583219,171.0035842227936,45,126.00358422279359,480.9476048183441,65,415.9476048183441,940.5197132253647,85,855.5197132253647
115.355,802.5,60.3125,0.2475,156.5,54.795,54.6,0.195,0.0,126.5,-43.985,24.0,0.0,15.33333333,0.0,39.33333333,2.333333333,249.3333333,3.0,114.0,0.0,178.0,0.666666667,0.0,0.0,0.0,51.0,0.333333333,235.9833333,0.04,220.1766667,82.66666667,84.87333333,57.66666667,121.0666667,103.3333333,0.666666667,145.1966667,0.04,181.3333333,0.0,310.9566667,0.0,39.33333333,252.3333333,178.6666667,0.0,7.666666667,11,1078769,2,2,U,C,N,1947,4777.0,836.25,770.07,4670.0,1906,77.01,467.0,190.6,760,321,130,590.0,245.0,110.0,U,SOUTH FLORIDA AREA,T,R,59.98999023,2.0,2.0,WCMB,0.0,0.0,,,,U,,,,,,,0.0,H,U,U,U,U,U,N,168.0,<180,1,0.1435656502800249,0.8937003058103976,0.0,0.0,13.08868501529052,1268.905,0.5280666623603126,0,0,1,1,1,1,1,1,1,1,1,0,0.77092636,170.74600727939605,45,125.74600727939605,480.2231523489952,65,415.2231523489952,939.1030400366784,85,854.1030400366784
118.44,999.25,59.99,2.475,158.0,47.4,47.4,0.0,18.575,-348.25,-64.83,9.333333333,0.0,4.666666667,0.0,47.0,0.0,343.0,0.0,110.0,0.0,285.6666667,0.0,0.0,0.0,0.0,39.0,0.0,344.49,0.0,256.7,103.3333333,69.24333333,30.66666667,76.51666667,262.3333333,0.0,427.0133333,0.0,129.6666667,0.0,174.1766667,0.0,14.0,343.0,285.6666667,0.0,8.666666667,12,1062150,1,1,U,AA,N,4435,10965.0,1563.75,1503.77,10908.0,4409,136.71,991.64,400.82,1115,472,140,1036.0,434.0,121.0,C,NORTH FLORIDA AREA,Y,R,129.9899902,2.0,2.0,WCMB,0.0,0.0,,,,U,,,,,,,0.0,S,U,U,U,U,U,N,155.0,<180,1,0.11841039740064983,0.7771765863256271,0.018570357410647338,0.0,16.383833415313987,1421.28,0.5626902850816496,0,0,1,1,1,1,1,1,1,1,1,1,0.75079715,170.734885345459,45,125.73488534545899,480.1918932723999,65,415.1918932723999,939.0418694000244,85,854.0418694000244
138.605,2195.5,84.99,0.99,237.5,59.375,59.375,0.0,0.0,-1345.5,-58.385,14.33333333,0.0,0.333333333,0.0,61.33333333,0.0,453.0,0.0,352.0,0.0,381.0,0.0,0.0,0.0,0.0,208.0,0.666666667,1122.466667,0.0,882.4766667,98.0,278.64,26.0,58.12333333,427.6666667,0.0,824.4866667,0.0,224.3333333,0.0,1180.473333,0.0,14.66666667,453.0,381.0,0.0,0.0,19,1050689,2,1,U,AA,N,6809,21999.0,1731.14,1707.9,21982.0,6802,94.88,1221.22,377.89,2644,681,158,1828.0,516.0,118.0,U,NEW YORK CITY AREA,Y,N,199.9899902,2.0,1.0,WCMB,0.0,0.0,O,6.0,M,M,3.0,M,5.0,,C,L,0.0,O,U,U,U,U,Y,Y,290.0,180-365,1,0.06310266332802185,0.6904872659611583,0.0,0.0,25.5320386091406,2633.495,0.5915454201492794,0,0,0,0,0,0,0,0,1,0,0,1,0.64097965,170.57851882171633,45,125.57851882171633,479.75211723208423,65,414.75211723208423,938.1818535194398,85,853.1818535194398
114.275,809.25,109.9925,1.2375,0.0,0.0,0.0,0.0,0.0,-603.25,-13.295,7.0,0.0,0.333333333,0.0,46.0,0.0,269.6666667,0.0,104.3333333,0.0,219.6666667,0.0,2.0,20.0,19.06,58.0,0.0,399.5166667,0.0,187.4366667,35.0,40.27,3.666666667,3.473333333,250.6666667,0.0,513.2666667,0.0,53.0,0.0,73.68666667,0.0,7.333333333,269.6666667,219.6666667,0.0,1.333333333,12,1087550,2,1,U,CA,N,2488,6520.0,1229.37,1187.81,6416.0,2441,107.98,583.27,221.91,1010,356,119,620.0,226.0,107.0,S,LOS ANGELES AREA,Y,N,79.98999023,1.0,1.0,WCMB,0.0,0.0,O,3.0,S,M,3.0,M,7.0,1.0,I,A,0.0,O,U,U,U,U,U,Y,349.0,180-365,0,0.141036717062635,0.0,0.0,24.0,7.291033177917426,1371.3000000000002,0.3333333333333333,0,0,0,0,0,0,0,0,0,0,0,1,0.7769484,170.46870159626008,45,125.46870159626008,479.44320280551915,65,414.44320280551915,937.5778587794305,85,852.5778587794305
124.2325,1716.75,84.99,0.7425,121.25,48.5,48.5,0.0,0.0,-749.75,-49.2425,13.66666667,0.0,8.0,0.0,80.33333333,0.0,285.3333333,0.0,68.66666667,0.0,187.6666667,0.0,1.333333333,5.666666667,4.943333333,13.0,0.0,879.4733333,0.0,497.4966667,27.33333333,28.27,6.333333333,32.14333333,142.0,0.0,645.1033333,0.0,110.0,0.0,731.87,0.0,21.66666667,285.3333333,187.6666667,0.0,4.333333333,8,1084723,2,1,U,AA,N,1486,10766.0,1107.49,1071.87,10737.0,1475,153.12,1533.86,210.71,1967,301,141,1672.0,230.0,168.0,,NORTH FLORIDA AREA,Y,N,59.98999023,1.0,1.0,WCMB,0.0,0.0,,,,U,,,,,,,0.0,N,U,U,U,U,U,N,257.0,180-365,0,0.07232280599621597,0.5640190719851146,0.0,10.666666664,19.964530759390627,993.86,0.3451426889871678,1,0,1,1,1,1,1,1,1,1,1,1,0.7143438,170.38985169410705,45,125.38985169410705,479.2214875090122,65,414.2214875090122,937.1441843175888,85,852.1441843175888
154.5025,633.0,57.95,0.0,73.25,56.3,56.3,0.0,0.0,1084.0,-26.1225,3.666666667,0.0,0.333333333,0.0,32.0,0.0,109.3333333,0.0,223.3333333,0.0,77.0,0.0,7.0,36.33333333,32.70666667,183.6666667,1.666666667,138.0966667,0.0,122.1066667,29.33333333,44.31333333,19.33333333,45.48333333,103.0,0.0,185.1733333,0.0,48.0,0.0,75.03,0.0,4.0,109.3333333,77.0,0.0,4.666666667,26,1026298,4,2,N,B,N,8699,21342.0,4699.26,4610.62,21109.0,8588,192.11,879.54,357.83,272,107,163,454.0,176.0,135.0,C,NEW ENGLAND AREA,Y,N,149.9899902,2.0,1.0,WCMB,0.0,0.0,,6.0,S,U,3.0,M,2.0,1.0,,A,0.0,H,U,U,U,U,U,Y,482.0,365-730,1,0.24369479495268137,0.9550466497031381,0.0,182.0,10.73791348600509,4017.065,0.11166887668118962,0,0,1,0,0,0,0,0,0,1,0,1,0.5737098,170.18803060150148,45,125.18803060150148,478.6538360667229,65,413.6538360667229,936.0341683082581,85,851.0341683082581
189.8425,1425.5,77.49,6.6825,287.5,115.0,106.9,8.1,0.39,93.5,32.0475,10.0,0.0,5.666666667,1.333333333,36.33333333,0.0,418.6666667,16.66666667,110.6666667,0.0,373.6666667,15.33333333,9.0,13.0,6.34,39.66666667,0.333333333,523.06,22.64,473.62,31.0,20.37333333,4.666666667,32.59,209.6666667,13.33333333,412.3533333,20.87,267.6666667,2.0,584.3233333,1.77,17.0,435.3333333,389.0,0.0,5.0,8,1096140,1,1,U,E4,Y,2601,7327.0,970.08,855.2,7311.0,2595,122.17,1044.43,370.71,1394,469,179,1045.0,361.0,133.0,T,CENTRAL/SOUTH TEXAS AREA,Y,N,199.9899902,1.0,1.0,WCMB,0.0,0.0,,,,U,,,,,,,0.0,S,U,U,U,U,U,N,224.0,180-365,0,0.13308271994391868,1.4651547967894,0.0002733964248159832,72.0,18.16154924194165,1518.74,0.08722080231136792,0,0,1,1,1,1,1,1,1,1,1,1,0.46684766,170.16485458493233,45,125.16485458493233,478.58867049336436,65,413.58867049336436,935.9067002171279,85,850.9067002171279
151.5875,947.5,149.99,0.2475,0.0,0.0,0.0,0.0,0.0,-133.5,-1.5975,22.0,0.0,1.0,0.0,30.33333333,0.0,517.0,0.0,15.0,0.0,464.0,0.0,0.333333333,1.333333333,1.223333333,10.66666667,0.666666667,598.8866667,0.0,21.39666667,11.0,12.35666667,4.0,7.153333333,456.6666667,0.0,559.29,0.0,21.0,0.0,60.99333333,0.0,23.0,517.0,464.0,0.0,0.0,28,1010226,2,2,Y,B,N,13230,30330.0,4600.87,4532.58,29868.0,12957,181.3,1194.72,518.28,992,484,152,1136.0,504.0,158.0,U,NEW YORK CITY AREA,N,N,29.98999023,2.0,2.0,WC,0.0,0.0,O,8.0,M,S,4.0,M,4.0,,,B,0.0,Z,U,U,U,U,U,Y,726.0,365-730,1,0.1598181338956247,0.0,0.0,9.333333324,6.275250016557387,4244.45,0.7500000001874999,0,0,0,0,0,0,0,0,1,1,0,0,0.58443874,170.0997267508507,45,125.09972675085069,478.4054724514485,65,413.4054724514485,935.5484971296788,85,850.5484971296788
125.09,522.25,29.99,0.495,268.5,93.975,93.975,0.0,0.63,182.75,63.04,21.66666667,0.0,7.0,0.0,14.33333333,0.0,142.3333333,0.0,35.66666667,0.0,106.6666667,0.0,0.0,0.0,0.0,15.0,0.333333333,230.7566667,0.0,87.13333333,69.0,140.6433333,15.0,62.04,64.66666667,0.0,141.15,0.0,64.33333333,0.0,176.74,0.0,28.66666667,142.3333333,106.6666667,0.0,1.666666667,12,1064473,2,2,Y,BA,N,1235,4090.0,1070.43,860.46,4090.0,1235,78.22,371.82,112.27,461,140,104,369.0,112.0,74.0,C,GREAT LAKES AREA,Y,N,149.9899902,2.0,2.0,WCMB,0.0,0.0,O,1.0,M,S,1.0,M,4.0,1.0,C,,0.0,N,U,U,U,U,U,Y,342.0,180-365,1,0.23906354515050168,3.0324298160697,0.0012040133779264214,0.0,16.852210390448533,1501.08,0.2479894370423719,0,0,0,0,0,0,0,0,0,0,1,1,0.7076175,169.95048857402801,45,124.95048857402801,477.98575284242634,65,412.98575284242634,934.7276871571542,85,849.7276871571542
183.65,1699.75,41.28,2.475,369.0,138.395,136.25,2.145,0.0,-387.75,-12.06,16.0,0.0,2.333333333,0.0,262.6666667,0.0,765.6666667,0.666666667,250.6666667,0.0,488.3333333,0.666666667,11.0,24.33333333,19.72333333,168.3333333,4.0,755.7466667,2.876666667,339.11,147.0,135.7733333,38.0,61.63333333,309.6666667,0.666666667,402.3566667,2.876666667,367.0,0.0,692.4966667,0.0,18.33333333,766.3333333,489.0,0.0,11.33333333,14,1062878,1,1,U,AA,N,6286,14358.0,1639.68,1629.7,14357.0,6285,125.36,1104.38,483.46,1829,761,187,1413.0,616.0,160.0,S,SOUTHWEST AREA,Y,R,99.98999023,2.0,2.0,WCMB,0.0,0.0,,2.0,M,S,2.0,M,1.0,,C,G,0.0,S,U,U,U,U,U,Y,113.0,<180,1,0.10798177274731736,3.2732970671712396,0.0,154.0,40.20222327341533,2571.1,0.06547374778360214,0,0,1,0,0,0,0,0,1,0,0,0,0.48187074,169.91147111415864,45,124.91147111415864,477.87608366012574,65,412.87608366012574,934.5130911278726,85,849.5130911278726
129.7275,1906.5,54.99,1.98,188.5,70.425,70.425,0.0,0.0,1563.5,68.2625,9.666666667,0.0,0.0,0.0,33.0,0.0,173.0,0.0,123.6666667,0.0,134.0,0.0,4.666666667,30.66666667,28.08666667,82.33333333,0.333333333,537.0533333,0.0,333.07,7.333333333,6.113333333,10.0,12.01333333,122.3333333,0.0,291.49,0.0,123.0,0.0,578.63,0.0,9.666666667,173.0,134.0,0.0,3.333333333,11,1056714,2,1,U,AA,N,2471,8587.0,790.0,682.61,8132.0,2294,68.26,813.2,229.4,1385,259,107,1034.0,248.0,79.0,U,LOS ANGELES AREA,Y,N,199.9899902,1.0,1.0,WCMB,0.0,0.0,,,,U,,,,,,,0.0,U,U,U,U,U,U,N,338.0,180-365,0,0.0680091743119266,1.2578138953384532,0.0,51.333333337000006,34.05072334345419,1427.0024999999998,0.1444151645740618,0,0,1,1,1,1,1,1,1,1,1,1,0.6817425,169.8062475657463,45,124.8062475657463,477.5800635462999,65,412.5800635462999,933.9343616116047,85,848.9343616116047
165.3325,1718.5,84.9925,8.1675,209.5,73.325,73.325,0.0,1.3575,388.5,54.4575,11.66666667,0.0,1.0,0.0,153.3333333,0.0,798.6666667,0.333333333,528.3333333,0.0,636.6666667,0.333333333,0.333333333,1.333333333,1.173333333,414.3333333,0.666666667,640.2966667,0.156666667,360.2933333,168.3333333,115.41,41.0,42.26,403.3333333,0.0,381.71,0.0,544.6666667,0.333333333,618.8733333,0.156666667,12.66666667,799.0,637.0,0.0,1.333333333,17,1042959,1,1,U,BA,N,7456,13222.0,1879.75,1796.63,13171.0,7434,112.29,823.19,464.63,1589,911,147,1205.0,683.0,139.0,U,NEW YORK CITY AREA,Y,R,79.98999023,2.0,2.0,WCMB,0.0,0.0,O,8.0,,U,1.0,M,4.0,,,,0.0,H,U,U,U,U,U,Y,180.0,<180,1,0.09615149752835127,0.8526906416257232,0.0007894736842105263,5.666666661,19.984300956478762,2810.6525,0.4574515245978551,0,0,0,0,1,0,0,0,1,1,1,0,0.53479743,169.76523420858385,45,124.76523420858385,477.4647704845667,65,412.4647704845667,933.7087881472112,85,848.7087881472112
157.26,494.75,82.6925,2.475,207.75,83.1,83.1,0.0,2.1675,83.25,64.71,4.0,0.0,2.666666667,0.0,22.33333333,0.0,138.6666667,0.0,75.33333333,0.0,111.0,0.0,1.666666667,2.333333333,1.283333333,24.66666667,0.0,157.9833333,0.0,159.4233333,26.66666667,15.19,10.33333333,18.47333333,115.3333333,0.0,209.95,0.0,69.66666667,0.0,107.46,0.0,6.666666667,138.6666667,111.0,0.0,2.333333333,13,1055349,2,2,Y,EA,N,2741,6479.0,1059.11,979.13,6473.0,2736,81.59,539.42,228.0,467,195,136,473.0,205.0,102.0,T,ATLANTIC SOUTH AREA,Y,R,99.98999023,2.0,2.0,WCMB,0.0,0.0,,,,U,,,,,,,0.0,N,U,U,U,U,U,N,61.0,<180,1,0.3172163388804841,0.9929205125907339,0.004372163388804841,21.666666671,5.9115213430116205,2044.3799999999999,0.27325486480467825,0,0,1,1,1,1,1,1,1,1,1,0,0.5615673,169.55919527435302,45,124.55919527435302,476.88521796226496,65,411.88521796226496,932.5755740089417,85,847.5755740089417
169.3225,2218.75,113.9475,0.0,262.75,76.4125,76.4125,0.0,1.4625,420.25,96.6675,20.66666667,0.0,1.0,0.0,109.3333333,0.0,404.3333333,0.0,278.6666667,0.0,286.6666667,0.0,0.666666667,2.333333333,2.096666667,95.33333333,0.0,838.3933333,0.0,821.5633333,45.33333333,111.6066667,39.0,114.33,423.6666667,0.0,1180.113333,0.0,100.3333333,0.0,479.84,0.0,21.66666667,404.3333333,286.6666667,0.0,17.66666667,11,1057632,1,1,Y,AA,N,4780,17607.0,1261.82,1156.84,17584.0,4770,115.68,1758.4,477.0,2079,543,137,1876.0,492.0,125.0,T,NORTHWEST/ROCKY MOUNTAIN AREA,Y,N,79.98999023,2.0,1.0,WCMB,1.0,1.0,O,2.0,M,A,2.0,M,6.0,,I,C,0.0,H,U,U,U,U,U,N,284.0,180-365,1,0.07627998648496452,0.6647599991300376,0.0006588579795021961,7.333333337,19.30229017594989,1862.5475,0.42892191915258127,0,0,0,0,0,0,0,0,1,0,0,1,0.5206847,169.27418562698364,45,124.27418562698364,476.08364707589146,65,411.08364707589146,931.00802094841,85,846.00802094841
175.79,623.0,129.99,1.98,0.0,0.0,0.0,0.0,6.6075,105.0,-0.55,9.333333333,0.333333333,0.666666667,0.0,17.0,0.0,174.3333333,4.0,90.33333333,1.666666667,149.6666667,3.666666667,0.0,0.0,0.0,63.66666667,0.0,268.8966667,9.126666667,92.89,80.66666667,69.55,17.0,23.55,131.3333333,3.333333333,263.9366667,6.683333333,60.33333333,0.333333333,97.85,2.443333333,10.33333333,178.3333333,153.3333333,0.0,1.333333333,20,1026219,2,2,Y,AA,N,9221,27775.0,4835.07,4757.11,27741.0,9207,250.37,1460.05,484.58,588,210,176,669.0,246.0,160.0,U,CALIFORNIA NORTH AREA,Y,R,29.98999023,2.0,2.0,WCMB,0.0,0.0,O,4.0,S,M,1.0,M,9.0,,C,A,0.0,B,U,U,U,U,U,Y,147.0,<180,1,0.2817147435897436,0.0,0.010588942307692308,0.0,4.756088251011527,3515.7999999999997,1.0,0,0,0,0,0,0,0,0,1,0,0,0,0.49994624,168.74026736450196,45,123.74026736450196,474.5820019626617,65,409.5820019626617,928.0714705047608,85,843.0714705047608
127.5175,923.75,85.0,0.7425,179.5,44.875,44.875,0.0,0.0,-923.75,-46.7675,5.0,0.0,10.33333333,0.0,55.0,0.0,313.6666667,0.0,48.66666667,0.0,243.6666667,0.0,3.0,4.666666667,2.973333333,14.66666667,0.0,580.2133333,0.0,207.15,86.33333333,85.71333333,6.333333333,30.97,178.3333333,0.0,418.8566667,0.0,113.6666667,0.0,368.5066667,0.0,15.33333333,313.6666667,243.6666667,0.0,0.666666667,27,1014721,1,1,U,A,N,4572,20242.0,2345.23,2211.73,19801.0,4477,88.47,792.04,179.08,1232,394,143,936.0,272.0,111.0,S,DALLAS AREA,N,N,29.98999023,1.0,1.0,WC,1.0,0.0,O,9.0,S,U,2.0,M,6.0,1.0,I,A,1.0,N,Y,Y,Y,U,U,Y,815.0,730+,0,0.13789402541227358,0.5218023255813954,0.0,81.0,10.741279069767442,3442.9725,0.22115075538412085,0,0,0,0,0,0,0,0,0,0,0,1,0.68891853,168.67040403699878,45,123.67040403699878,474.3855341559648,65,409.3855341559648,927.6872222034932,85,842.6872222034932
239.7425,2308.0,102.4275,0.99,575.0,113.85,113.85,0.0,7.7125,613.0,144.2275,30.0,0.0,1.666666667,0.0,84.66666667,0.0,564.3333333,0.0,460.0,0.0,462.0,0.0,0.333333333,1.333333333,1.206666667,253.3333333,0.666666667,732.21,0.0,804.8566667,150.0,200.6633333,45.0,105.8133333,526.0,0.0,1053.143333,0.0,245.3333333,0.0,483.92,0.0,31.66666667,564.3333333,462.0,0.0,1.666666667,31,1007573,2,2,U,A,N,24097,45702.0,4804.2,4685.35,45133.0,23801,161.56,1556.31,820.72,2104,983,192,1919.0,898.0,158.0,,NEW YORK CITY AREA,Y,N,149.9899902,6.0,3.0,WCMB,0.0,0.0,O,6.0,,B,1.0,M,8.0,2.0,C,,0.0,H,U,U,U,U,U,Y,52.0,<180,1,0.10382957990472066,1.100771071523531,0.0033401905586834127,10.333333323,22.315148292282036,7432.0175,0.4108287212913314,1,0,0,0,1,0,0,0,0,0,1,0,0.36639956,168.65575850224496,45,123.65575850224496,474.34434222221375,65,409.34434222221375,927.6066717623473,85,842.6066717623473
116.2525,502.0,49.99,0.495,149.25,59.7,59.7,0.0,6.0675,234.0,67.3475,6.333333333,0.0,18.66666667,0.0,28.0,0.0,130.6666667,0.0,13.0,0.0,78.0,0.0,0.0,0.0,0.0,3.666666667,0.0,361.09,0.0,85.35333333,10.33333333,9.523333333,4.333333333,7.646666667,59.66666667,0.0,281.58,0.0,31.0,0.0,164.8633333,0.0,25.0,130.6666667,78.0,0.0,0.0,13,1059891,1,1,U,AA,N,759,3326.0,862.93,787.94,3279.0,745,71.63,298.09,67.73,424,95,94,301.0,70.0,76.0,T,MIDWEST AREA,Y,N,199.9899902,1.0,1.0,WCMB,0.0,0.0,,2.0,M,B,1.0,M,2.0,,B,K,0.0,N,U,U,U,U,U,N,383.0,365-730,0,0.2311182902584493,1.1708178074132183,0.01206262425447316,0.0,9.845067660325554,1511.2825,0.4606558858072093,0,0,1,0,0,0,0,0,1,0,0,1,0.7555032,168.63193566513064,45,123.63193566513064,474.2773744916916,65,409.2773744916916,927.4756461582185,85,842.4756461582185
104.04,1079.25,59.99,0.2475,221.0,66.3,66.3,0.0,0.0,147.75,-35.94,8.666666667,0.0,1.0,0.0,47.66666667,0.0,163.0,0.0,87.0,0.0,109.3333333,0.0,0.0,0.0,0.0,35.33333333,0.0,449.02,0.0,423.27,17.0,25.92666667,7.333333333,28.82666667,70.0,0.0,229.6833333,0.0,111.3333333,0.0,642.61,0.0,9.666666667,163.0,109.3333333,0.0,5.333333333,14,1064503,2,1,U,AA,N,1847,10535.0,1056.81,960.84,10213.0,1782,80.07,851.08,148.5,1030,191,116,918.0,175.0,88.0,S,NORTHWEST/ROCKY MOUNTAIN AREA,N,N,29.98999023,1.0,1.0,WC,0.0,0.0,O,1.0,M,B,1.0,M,5.0,,C,N,0.0,H,U,U,U,U,U,N,403.0,365-730,0,0.09631103911131683,1.087063453025086,0.0,0.0,17.695523856369896,1456.5600000000002,0.47914211642705634,0,0,0,0,0,0,0,0,1,0,0,1,0.84416586,168.6278751525879,45,123.6278751525879,474.2658740615845,65,409.2658740615845,927.4533133392335,85,842.4533133392335
120.73,909.5,59.99,3.465,166.75,66.7,66.7,0.0,0.0,-823.5,-69.75,10.0,0.0,3.333333333,0.0,85.33333333,0.0,368.0,0.0,87.33333333,0.0,271.3333333,0.0,4.0,18.0,16.60666667,42.0,1.0,918.1533333,0.0,260.5466667,34.33333333,65.30333333,0.0,0.0,193.6666667,0.0,758.18,0.0,132.6666667,0.0,420.5233333,0.0,13.33333333,368.0,271.3333333,0.0,1.0,10,1092104,1,1,U,BA,N,2042,9123.0,1168.2,1096.6,9070.0,2026,121.84,1007.78,225.11,1184,276,144,1077.0,245.0,115.0,C,CHICAGO AREA,Y,N,149.9899902,1.0,1.0,WCMB,0.0,0.0,,,,U,,,,,,,0.0,I,U,U,U,U,U,N,302.0,180-365,0,0.13259747391543109,1.0936219052303657,0.0,40.0,14.912280701754385,1207.3,0.16410601372258846,0,0,1,1,1,1,1,1,1,1,1,0,0.7272011,168.5663794670105,45,123.5663794670105,474.09298542737963,65,409.09298542737963,927.1150870685578,85,842.1150870685578
197.7525,1605.5,72.6925,0.2475,318.25,127.3,127.3,0.0,3.7625,-50.5,-117.3725,20.66666667,0.0,1.0,0.0,53.0,0.0,336.3333333,0.0,272.6666667,0.0,271.3333333,0.0,5.0,36.66666667,33.84666667,131.0,1.0,540.4666667,0.0,588.53,84.0,156.2933333,51.0,159.37,244.6666667,0.0,574.5733333,0.0,251.6666667,0.0,554.4233333,0.0,21.66666667,336.3333333,271.3333333,0.0,9.333333333,14,1052892,1,1,U,CA,Y,5183,16466.0,1769.32,1689.34,16461.0,5180,129.95,1266.23,398.46,1622,525,237,1546.0,485.0,194.0,S,NEW ENGLAND AREA,Y,N,149.9899902,1.0,1.0,WCMB,0.0,0.0,O,7.0,S,S,2.0,M,1.0,2.0,C,A,0.0,N,U,U,Y,U,Y,Y,429.0,365-730,0,0.12309523809523809,1.7274485191844489,0.0023420479302832245,70.0,21.786477592699395,2768.535,0.12940882071454285,0,0,0,0,0,0,0,0,0,0,0,0,0.44322363,168.28526980161666,45,123.28526980161666,473.3023802518845,65,408.3023802518845,925.5689839088917,85,840.5689839088917
148.01,2074.75,84.99,0.0,76.0,19.315,18.4375,0.8775,52.195,122.25,-58.08,54.66666667,0.0,15.66666667,0.0,122.6666667,0.0,510.3333333,1.333333333,112.3333333,0.0,324.6666667,1.333333333,5.0,34.33333333,31.25,66.0,0.333333333,1023.19,0.246666667,170.3066667,34.0,47.97,0.333333333,0.65,174.0,1.0,616.1633333,0.22,225.0,0.333333333,577.33,0.026666667,70.33333333,511.6666667,326.0,0.0,1.0,12,1054120,1,1,U,ZA,Y,3633,15460.0,1883.49,1794.24,15414.0,3616,163.11,1401.27,328.73,2034,488,167,1800.0,399.0,162.0,U,NEW YORK CITY AREA,Y,N,149.9899902,5.0,4.0,WCMB,0.0,0.0,,,,U,,,,,,,0.0,H,U,U,U,U,U,N,22.0,<180,1,0.07130434782608695,0.22461914176066988,0.025145128266891484,60.0,24.127805558785905,1776.12,0.16065239932368686,0,0,1,1,1,1,1,1,1,1,1,1,0.59193164,168.2146602230072,45,123.2146602230072,473.1037406992912,65,408.1037406992912,925.1806312265396,85,840.1806312265396
183.2525,1596.25,82.4925,0.7425,406.25,102.5375,102.5375,0.0,2.7,-111.25,-97.4725,16.66666667,0.0,7.0,0.0,54.33333333,0.0,267.0,0.0,25.33333333,0.0,191.0,0.0,0.0,0.0,0.0,4.333333333,0.333333333,1058.136667,0.0,206.6466667,59.0,193.59,9.333333333,66.24666667,95.33333333,0.0,313.1366667,0.0,118.0,0.0,951.65,0.0,23.66666667,267.0,191.0,0.0,1.0,17,1037840,1,1,U,DA,N,4010,16591.0,1738.47,1682.02,16486.0,3977,105.13,1030.38,248.56,1633,246,216,1325.0,229.0,153.0,T,CHICAGO AREA,Y,N,79.98999023,1.0,1.0,WCMB,0.0,0.0,O,13.0,S,S,3.0,M,7.0,2.0,I,A,0.0,U,U,U,U,U,U,Y,511.0,365-730,0,0.11473000469557051,1.2281043207473723,0.001690405384254187,0.0,19.11848369614037,3115.2925,0.4488120195667366,0,0,0,0,0,0,0,0,0,0,0,1,0.4778432,168.1266399512291,45,123.1266399512291,472.85622947633266,65,407.85622947633266,924.6965197317601,85,839.6965197317601
232.8375,1119.0,49.99,1.7325,611.75,183.615,183.225,0.39,0.0,1.0,0.6825,8.666666667,0.0,0.666666667,0.0,26.0,0.0,235.6666667,0.0,126.3333333,0.0,202.3333333,0.0,0.0,0.0,0.0,45.66666667,0.0,469.3166667,0.0,396.3133333,78.66666667,77.44333333,43.0,127.5433333,205.6666667,0.0,597.8066667,0.0,111.0,0.0,267.8233333,0.0,9.333333333,235.6666667,202.3333333,0.0,7.666666667,29,1019651,1,1,U,AA,N,4918,14631.0,2814.22,2760.93,14538.0,4875,102.26,538.44,180.56,1119,324,233,945.0,293.0,181.0,U,PHILADELPHIA AREA,Y,N,59.98999023,2.0,2.0,WCMB,0.0,0.0,O,8.0,S,S,3.0,M,9.0,,,A,0.0,J,U,U,U,U,Y,Y,491.0,365-730,1,0.207890625,3.601000196116886,0.0,0.0,21.945479505785446,6752.2875,0.21734404637582322,0,0,0,0,0,0,0,0,1,1,0,0,0.37583786,168.017573633194,45,123.01757363319399,472.54942584335805,65,407.54942584335805,924.096654982567,85,839.096654982567
115.6175,1182.0,84.99,2.2275,43.25,17.3,17.3,0.0,17.1,-1018.0,-20.7175,11.66666667,0.0,5.333333333,0.0,54.0,0.0,263.0,0.0,123.6666667,0.0,194.0,0.0,1.666666667,1.666666667,1.2,53.33333333,0.0,427.0033333,0.0,301.32,37.33333333,45.34,7.666666667,14.05333333,210.3333333,0.0,450.89,0.0,94.66666667,0.0,277.4333333,0.0,17.0,263.0,194.0,0.0,6.333333333,19,1041742,1,1,Y,AA,N,5016,22551.0,2020.27,1910.44,22525.0,5009,106.14,1251.39,278.28,1521,492,123,1508.0,404.0,111.0,T,HOUSTON AREA,Y,N,29.98999023,1.0,1.0,,1.0,0.0,O,2.0,S,M,2.0,M,7.0,1.0,C,A,0.0,N,U,U,U,U,U,Y,577.0,365-730,0,0.09773245984784447,0.20118618444005118,0.014454775993237533,31.666666673,13.745784393534132,2196.7325,0.3486929252656266,0,1,0,0,0,0,0,0,0,0,0,0,0.756451,167.9212380974293,45,122.9212380974293,472.27847181200985,65,407.27847181200985,923.5668095358612,85,838.5668095358612
227.96,3113.75,169.99,3.465,318.0,47.7,47.7,0.0,13.475,610.25,45.9,37.33333333,0.0,3.0,0.0,167.0,0.0,1080.0,0.0,350.3333333,0.0,885.6666667,0.0,3.666666667,17.66666667,15.44333333,177.0,5.333333333,1648.773333,0.0,725.7833333,228.6666667,175.89,11.0,16.06333333,805.3333333,0.0,1588.62,0.0,332.0,0.0,785.9366667,0.0,40.33333333,1080.0,885.6666667,0.0,34.66666667,29,1013869,5,4,U,A,N,16313,41586.0,3889.46,3713.68,41497.0,16285,132.63,1482.04,581.61,2910,1091,213,2693.0,1016.0,225.0,C,SOUTHWEST AREA,Y,N,199.9899902,3.0,3.0,WCMB,0.0,0.0,O,15.0,S,U,4.0,M,5.0,,I,A,0.0,H,U,U,U,U,U,Y,76.0,<180,1,0.07318725419375552,0.2789636820866717,0.004326189902881451,106.33333334299999,18.210129247324403,6610.84,0.20219869448687647,0,0,0,0,0,0,0,0,1,0,0,0,0.38292068,167.59795832824707,45,122.59795832824707,471.36928497314454,65,406.36928497314454,921.7887708053589,85,836.7887708053589
130.2575,605.5,70.6375,0.495,150.0,57.6375,57.6375,0.0,0.0,-301.5,-60.2675,12.33333333,0.0,4.666666667,0.0,16.66666667,0.0,125.3333333,0.0,43.33333333,0.0,97.33333333,0.0,0.333333333,1.333333333,1.276666667,15.0,0.0,293.4,0.0,126.2866667,35.66666667,62.12,12.66666667,54.72666667,89.33333333,0.0,240.2866667,0.0,45.0,0.0,179.4,0.0,17.0,125.3333333,97.33333333,0.0,0.666666667,26,1013345,3,2,U,A,N,1539,6311.0,1863.66,1634.97,6301.0,1533,68.12,262.54,63.88,706,166,150,580.0,130.0,128.0,,DC/MARYLAND/VIRGINIA AREA,N,N,59.98999023,1.0,1.0,WC,0.0,0.0,,,,U,,,,,,,0.0,F,U,U,U,U,U,N,782.0,730+,0,0.21476916735366858,0.8045716279881348,0.0,8.666666658,8.452277089513174,3386.6949999999997,0.46774763997825336,1,0,1,1,1,1,1,1,1,1,1,1,0.66944563,167.42459420204162,45,122.42459420204162,470.88170224905014,65,405.88170224905014,920.835268111229,85,835.835268111229
117.56,1247.5,59.99,0.2475,145.25,58.0975,58.0,0.0975,9.225,317.5,92.92,26.0,0.0,53.66666667,0.0,102.3333333,0.0,406.3333333,0.333333333,163.3333333,0.0,233.6666667,0.333333333,4.333333333,5.666666667,3.84,74.0,1.333333333,550.2433333,0.016666667,294.9066667,46.66666667,67.23333333,43.0,112.19,186.6666667,0.0,356.1333333,0.0,195.0,0.333333333,489.0166667,0.016666667,79.66666667,406.6666667,234.0,0.0,3.0,13,1056155,1,1,U,AA,N,3523,12004.0,1076.18,996.2,12003.0,3522,83.02,1000.25,293.5,1142,414,87,1216.0,394.0,114.0,T,ATLANTIC SOUTH AREA,Y,N,149.9899902,2.0,1.0,WCMB,0.0,0.0,O,4.0,S,B,1.0,M,4.0,,A,A,0.0,O,U,U,U,U,Y,Y,48.0,<180,1,0.0941609931918302,0.9525741924905722,0.0073888666399679614,56.333333329,20.454172815215607,1528.28,0.15908601835849578,0,0,0,0,0,0,0,0,1,0,0,1,0.7416955,167.4119623413086,45,122.4119623413086,470.8461440849304,65,405.8461440849304,920.7657928771973,85,835.7657928771973
287.99,2039.0,159.99,0.0,539.0,134.75,134.75,0.0,0.0,144.0,36.0,6.0,0.0,12.33333333,0.0,52.33333333,0.0,398.0,0.0,353.6666667,0.0,329.6666667,0.0,0.0,0.0,0.0,140.6666667,0.333333333,769.6366667,0.0,824.66,43.33333333,32.24,14.33333333,36.46666667,625.0,0.0,1469.656667,0.0,54.0,0.0,124.6366667,0.0,18.33333333,398.0,329.6666667,0.0,21.66666667,44,1001696,2,1,N,A,N,24390,57170.05,6781.49,6575.52,56091.02,24001,156.56,1335.5,571.45,1991,648,276,1776.0,585.0,227.0,U,HOUSTON AREA,Y,R,99.98999023,6.0,4.0,WCMB,0.0,0.0,O,2.0,M,M,3.0,M,7.0,1.0,C,B,0.0,G,U,Y,U,U,U,Y,180.0,<180,1,0.14117156862745098,0.8370085098453319,0.0,0.0,12.66538294303994,12671.560000000001,0.5443632920808819,0,0,0,0,0,0,0,0,0,0,0,0,0.30269843,167.3743166689873,45,122.37431666898729,470.74026134014133,65,405.74026134014133,920.5587416794301,85,835.5587416794301
163.8925,1028.75,59.99,4.7025,273.0,109.2,109.2,0.0,0.0,317.25,64.6475,11.33333333,0.0,1.0,0.0,36.66666667,0.0,256.0,0.0,124.3333333,0.0,210.6666667,0.0,1.0,1.0,0.146666667,88.66666667,0.333333333,503.7866667,0.0,234.82,69.0,94.13333333,16.66666667,52.45666667,186.6666667,0.0,536.8933333,0.0,98.66666667,0.0,201.7133333,0.0,12.33333333,256.0,210.6666667,0.0,2.333333333,36,1005438,2,1,U,EM,N,13480,35242.0,631.77,628.3,34689.0,13203,19.04,1051.18,400.09,923,269,142,833.0,272.0,103.0,S,NORTHWEST/ROCKY MOUNTAIN AREA,Y,R,129.9899902,6.0,5.0,WCMB,0.0,0.0,,,,U,,,,,,,0.0,Z,U,U,U,U,U,N,247.0,180-365,1,0.1591575625151736,1.7904574520413183,0.0,36.0,16.867519265453353,5900.13,0.26382039968855436,0,0,1,1,1,1,1,1,1,1,1,1,0.5313107,167.18944674229624,45,122.18944674229624,470.22031407833106,65,405.22031407833106,919.5419570826294,85,834.5419570826294
165.05,1063.75,39.99,3.7125,286.5,114.6,114.6,0.0,8.0125,365.25,64.79,24.33333333,0.0,4.333333333,0.0,155.3333333,0.0,487.6666667,0.0,123.3333333,0.0,311.0,0.0,0.0,0.0,0.0,79.33333333,0.0,536.29,0.0,169.0833333,79.66666667,88.92666667,16.66666667,43.8,241.3333333,0.0,481.9266667,0.0,151.0,0.0,223.4466667,0.0,28.66666667,487.6666667,311.0,0.0,6.0,30,1015442,1,1,U,B,N,5264,10568.0,1838.63,1808.64,10533.0,5237,95.19,554.37,275.63,942,376,144,812.0,342.0,148.0,C,DC/MARYLAND/VIRGINIA AREA,Y,N,149.9899902,3.0,3.0,WCMB,0.0,0.0,O,2.0,S,S,1.0,M,6.0,,C,A,0.0,S,U,U,U,U,U,Y,276.0,180-365,1,0.15501291382953747,2.7958038545986823,0.007525240666823197,0.0,25.951451573554525,4951.5,0.26344880776399515,0,0,0,0,0,0,0,0,1,0,0,0,0.5275328,167.17303294181826,45,122.17303294181826,470.1742043375969,65,405.1742043375969,919.4516811800004,85,834.4516811800004
121.69,555.75,75.1975,1.2375,148.5,44.55,44.55,0.0,0.705,-289.75,-46.7,5.333333333,0.0,8.666666667,0.0,30.66666667,0.0,149.0,0.0,14.0,0.0,105.6666667,0.0,0.0,0.0,0.0,3.0,0.0,323.3233333,0.0,69.11,6.333333333,3.87,0.0,0.0,101.3333333,0.0,360.5933333,0.0,17.0,0.0,31.84,0.0,14.0,149.0,105.6666667,0.0,0.666666667,32,1013495,1,1,U,A,N,4034,11541.0,2057.98,1993.48,11449.0,4014,66.45,381.63,133.8,652,137,137,620.0,154.0,120.0,S,ATLANTIC SOUTH AREA,Y,N,59.98999023,2.0,2.0,WCMB,0.0,0.0,O,3.0,M,U,1.0,M,6.0,2.0,A,,0.0,N,U,U,U,U,U,Y,803.0,730+,1,0.2185720700493938,0.5846648512090291,0.0012662775033677593,0.0,7.2935463761934445,3894.08,0.6310482618687758,0,0,0,0,0,0,0,0,0,0,1,1,0.71543145,167.15684311103823,45,122.15684311103823,470.12861399650575,65,405.12861399650575,919.3626371107102,85,834.3626371107102
169.14,968.25,66.6,0.7425,280.25,112.1,112.1,0.0,0.0,-222.25,-29.54,18.0,0.0,0.333333333,0.0,3.0,0.0,211.6666667,0.0,88.0,0.0,193.6666667,0.0,0.666666667,1.666666667,1.366666667,47.66666667,0.0,390.62,0.0,171.0966667,45.0,41.20666667,6.333333333,14.52666667,186.0,0.0,361.9866667,0.0,90.33333333,0.0,199.7266667,0.0,18.33333333,211.6666667,193.6666667,0.0,1.0,24,1022028,2,2,N,AA,N,4936,12725.0,1874.78,1787.24,12430.0,4786,85.11,591.9,227.9,1042,387,179,1129.0,381.0,143.0,U,NEW YORK CITY AREA,N,N,79.98999023,3.0,2.0,WC,0.0,0.0,O,1.0,S,B,1.0,M,9.0,,A,A,0.0,S,U,U,U,U,U,N,192.0,180-365,1,0.17450606138767086,1.6582840236686391,0.0,16.000000008,14.323224852071007,4059.3599999999997,0.30075633987790135,0,0,0,0,0,0,0,0,1,0,0,0,0.5146573,167.13434017181396,45,122.13434017181396,470.06539222240445,65,405.06539222240445,919.2388709449768,85,834.2388709449768
160.085,1506.75,74.99,2.97,322.25,80.5625,80.5625,0.0,0.75,45.25,14.635,12.66666667,0.0,1.0,0.0,17.66666667,0.0,383.0,0.0,229.3333333,0.0,357.0,0.0,0.0,0.0,0.0,150.3333333,1.0,759.6533333,0.0,530.7733333,152.3333333,137.75,34.66666667,74.63666667,127.3333333,0.0,239.9366667,0.0,376.0,0.0,1050.486667,0.0,13.66666667,383.0,357.0,0.0,2.333333333,12,1051936,2,1,U,A,N,3752,13496.0,1681.53,1631.54,13493.0,3751,148.32,1226.64,341.0,1492,456,155,1315.0,396.0,142.0,U,NEW YORK CITY AREA,Y,N,79.98999023,1.0,1.0,WCMB,0.0,0.0,,,,U,,,,,,,0.0,S,U,U,U,U,U,N,375.0,365-730,0,0.106174763720776,1.0601723911040928,0.000497429945282706,0.0,19.82826687722069,1921.02,0.48539627281582853,0,0,1,1,1,1,1,1,1,1,1,0,0.54314625,166.94316417026522,45,121.94316417026522,469.52767785429955,65,404.52767785429955,918.1874029364587,85,833.1874029364587
123.7475,1010.75,34.98,0.2475,294.0,88.2,88.2,0.0,0.32,-137.75,-36.5675,2.666666667,0.0,2.333333333,0.0,50.66666667,0.0,257.3333333,0.0,109.3333333,0.0,202.3333333,0.0,2.0,2.0,1.236666667,42.33333333,0.333333333,363.7666667,0.0,339.75,58.66666667,60.33333333,8.0,17.52333333,169.3333333,0.0,360.17,0.0,141.6666667,0.0,343.3466667,0.0,5.0,257.3333333,202.3333333,0.0,5.666666667,26,1019991,2,2,U,A,N,5872,14539.0,1595.8,1556.35,14487.0,5841,62.25,579.48,233.64,1057,420,136,971.0,369.0,120.0,S,MIDWEST AREA,Y,N,29.98999023,1.0,1.0,,1.0,0.0,O,7.0,S,M,6.0,M,7.0,3.0,C,A,0.0,S,U,U,U,U,U,Y,789.0,730+,0,0.12231035334815914,2.4513618677042803,0.0003162836669137633,52.0,28.09199555308505,3217.435,0.18344039971448964,0,1,0,0,0,0,0,0,0,0,0,1,0.70216954,166.8321117067337,45,121.83211170673371,469.2153584307432,65,404.2153584307432,917.5766143870355,85,832.5766143870355
137.1125,2214.75,75.0,7.1775,163.5,40.875,40.875,0.0,0.0,-474.75,-40.8025,45.66666667,0.0,3.333333333,0.0,56.66666667,0.0,302.6666667,0.0,345.0,0.0,228.6666667,0.0,0.0,0.0,0.0,141.3333333,0.0,422.3733333,0.0,1033.413333,59.33333333,68.15,26.33333333,61.04,242.3333333,0.0,634.3833333,0.0,259.0,0.0,821.4033333,0.0,49.0,302.6666667,228.6666667,0.0,18.33333333,12,1052399,1,1,U,AA,N,6003,18857.0,1259.42,1153.26,18848.0,5998,104.84,1713.45,545.27,2373,633,151,1845.0,504.0,119.0,U,GREAT LAKES AREA,Y,N,149.9899902,2.0,2.0,WCMB,0.0,0.0,,,,U,1.0,M,,,C,,0.0,R,U,U,U,U,U,N,368.0,365-730,1,0.06188085298431683,0.537828947368421,0.0,0.0,29.14144736842105,1645.3500000000001,0.6502673796791444,0,0,1,1,1,0,0,1,1,0,1,1,0.63265127,166.5492504322529,45,121.5492504322529,468.41976275444034,65,403.41976275444034,916.020877377391,85,831.020877377391
136.175,540.75,50.07,0.2475,54.5,21.6875,21.6875,0.0,1.2675,7.25,-95.095,8.333333333,0.0,2.0,0.0,25.66666667,0.0,99.0,0.0,40.66666667,0.0,66.33333333,0.0,0.0,0.0,0.0,11.33333333,0.0,131.2033333,0.0,122.4233333,17.33333333,37.89333333,12.66666667,53.85,61.33333333,0.0,136.5166667,0.0,41.0,0.0,117.11,0.0,10.33333333,99.0,66.33333333,0.0,0.666666667,12,1053097,2,2,U,AA,N,1565,5099.0,1031.1,967.87,5098.0,1564,87.99,463.45,142.18,538,168,168,441.0,140.0,102.0,T,ATLANTIC SOUTH AREA,Y,R,99.98999023,2.0,2.0,WCMB,0.0,0.0,,,,U,,,,,,,0.0,S,U,U,U,U,U,N,41.0,<180,1,0.25136132902630365,0.42466222831407874,0.002339640055376096,0.0,10.588408067358527,1634.1000000000001,0.7019207641823866,0,0,1,1,1,1,1,1,1,1,1,0,0.63633084,166.37251688003542,45,121.37251688003542,467.9227361917496,65,402.9227361917496,915.0488428401949,85,830.0488428401949
188.2125,645.25,69.99,1.7325,90.0,31.5,31.5,0.0,69.345,145.75,11.6775,3.666666667,0.0,0.333333333,0.0,9.0,0.0,109.3333333,0.0,50.66666667,0.0,98.0,0.0,0.666666667,1.333333333,1.04,19.33333333,0.0,186.34,0.0,146.6666667,18.0,14.75666667,0.0,0.0,103.3333333,0.0,221.2,0.0,39.33333333,0.0,111.8066667,0.0,4.0,109.3333333,98.0,0.0,0.666666667,7,1090126,2,1,U,C,N,1231,3567.0,1229.4,1110.12,3411.0,1167,185.02,568.5,194.5,597,210,184,569.0,195.0,185.0,U,SOUTH FLORIDA AREA,N,N,59.98999023,1.0,1.0,WC,0.0,0.0,,,,U,,,,,,,0.0,U,U,U,U,U,U,N,215.0,180-365,0,0.29123791102514507,0.4437244682349627,0.1073036750483559,4.666666669,9.089308353289196,1317.4875,0.4738458114726036,0,0,1,1,1,1,1,1,1,1,1,1,0.46016616,166.28931638717654,45,121.28931638717654,467.68874721229076,65,402.68874721229076,914.591240129471,85,829.591240129471
215.715,2912.25,75.0,0.99,977.5,97.75,97.75,0.0,0.0,123.75,-16.865,43.0,0.0,1.0,0.0,35.33333333,0.0,465.0,0.0,432.0,0.0,406.6666667,0.0,0.333333333,2.0,1.96,207.3333333,0.0,1060.94,0.0,1025.913333,136.0,214.4033333,24.66666667,79.99,556.3333333,0.0,1490.166667,0.0,184.6666667,0.0,596.69,0.0,44.0,465.0,406.6666667,0.0,24.33333333,48,1000745,2,1,Y,A,N,38330,112345.0,7684.63,7540.48,111747.0,38145,167.57,2483.27,847.67,2871,1017,221,2791.0,953.0,204.0,S,PHILADELPHIA AREA,Y,R,29.98999023,2.0,2.0,WCMB,0.0,0.0,O,8.0,S,S,1.0,M,4.0,,,A,0.0,I,U,U,U,U,U,N,166.0,<180,1,0.07404616836866043,1.2861842105263157,0.0,15.999999984,38.31907894736842,10354.32,0.38174968610969107,0,0,0,0,0,0,0,0,1,1,0,0,0.4012798,166.19918951511386,45,121.19918951511386,467.4352333688736,65,402.4352333688736,914.0955423331262,85,829.0955423331262
172.0575,1270.0,59.99,0.495,1.75,0.6825,0.0,0.6825,119.87,-166.0,-54.6275,31.0,0.0,3.333333333,0.0,41.0,0.0,196.0,0.666666667,16.66666667,0.0,123.3333333,0.666666667,2.333333333,10.0,9.02,9.333333333,0.0,615.9766667,1.983333333,28.06666667,18.33333333,17.28666667,0.0,0.0,53.66666667,0.666666667,231.0566667,1.983333333,76.33333333,0.0,412.9866667,0.0,34.33333333,196.6666667,124.0,0.0,0.333333333,7,1079590,1,1,U,AA,N,1261,7209.0,829.31,748.43,7167.0,1242,124.74,1194.5,207.0,1325,219,190,1195.0,207.0,125.0,,ATLANTIC SOUTH AREA,Y,N,149.9899902,2.0,1.0,WCMB,0.0,0.0,,,,U,,,,,,,0.0,U,U,U,U,U,U,N,210.0,180-365,1,0.13537175452399686,0.01119035907525824,0.09431156569630213,16.333333331000002,20.823085751762584,1204.4025000000001,0.29899623745212744,1,0,1,1,1,1,1,1,1,1,1,1,0.5029302,166.14320393300056,45,121.14320393300056,467.2777456784248,65,402.2777456784248,913.7876216315032,85,828.7876216315032
135.4375,1500.0,44.99,1.485,282.75,98.9625,98.9625,0.0,0.0,-300.0,-51.9175,53.66666667,0.0,2.666666667,0.0,36.33333333,0.0,299.6666667,0.0,273.0,0.0,236.6666667,0.0,0.0,0.0,0.0,151.3333333,0.333333333,499.6633333,0.0,500.7733333,85.33333333,186.2966667,34.33333333,117.0266667,133.0,0.0,316.1766667,0.0,272.3333333,0.0,684.26,0.0,56.33333333,299.6666667,236.6666667,0.0,0.666666667,18,1051903,2,1,Y,AA,N,5485,17930.0,1612.65,1552.66,17892.0,5468,91.33,1052.47,321.65,1600,475,153,1277.0,387.0,102.0,U,CALIFORNIA NORTH AREA,N,N,129.9899902,2.0,2.0,WCMB,0.0,0.0,,,,U,,,,,,,0.0,O,U,U,U,U,U,N,300.0,180-365,1,0.09023151232511659,2.151826484018265,0.0,0.0,32.615786040443574,2437.875,0.3172763491488591,0,0,1,1,1,1,1,1,1,1,1,0,0.63837266,166.0024367570877,45,121.00243675708771,466.88186952471733,65,401.88186952471733,913.0134021639825,85,828.0134021639825
122.0,765.0,50.0,0.0,240.0,72.0,72.0,0.0,0.0,0.0,0.0,12.0,0.0,2.333333333,0.0,10.0,0.0,147.0,0.0,45.33333333,0.0,125.0,0.0,0.0,0.0,0.0,18.66666667,0.0,453.7966667,0.0,129.9533333,57.0,139.51,18.0,76.12666667,117.0,0.0,444.8466667,0.0,46.0,0.0,138.9033333,0.0,14.33333333,147.0,125.0,0.0,3.0,31,1099827,1,1,U,A,N,3102,9199.0,1242.37,1201.33,8959.0,2959,57.21,426.62,140.9,368,120,51,486.0,141.0,65.0,U,LOS ANGELES AREA,N,N,29.98999023,1.0,1.0,WC,0.0,0.0,O,1.0,M,U,2.0,M,5.0,,C,C,0.0,N,U,U,U,U,U,Y,859.0,730+,0,0.15926892950391644,1.411764705882353,0.0,0.0,15.0,3782.0,0.41463414634146334,0,0,0,0,0,0,0,0,1,0,0,0,0.70867497,166.00002899169922,45,121.00002899169922,466.87508153915405,65,401.87508153915405,913.0001594543457,85,828.0001594543457
141.3575,1461.75,85.0,1.7325,261.0,65.25,65.25,0.0,0.0,-31.75,-8.1275,7.0,0.0,8.333333333,0.0,40.0,0.0,183.3333333,0.0,64.33333333,0.0,130.6666667,0.0,0.0,0.0,0.0,19.33333333,0.666666667,760.8,0.0,590.3733333,38.0,43.75,10.66666667,55.95,140.3333333,0.0,921.4066667,0.0,52.0,0.0,429.77,0.0,15.33333333,183.3333333,130.6666667,0.0,6.0,37,1003862,1,1,N,C,N,6386,34864.0,3899.82,3851.45,34754.0,6352,110.04,992.97,181.49,1472,202,144,1339.0,200.0,121.0,U,HOUSTON AREA,N,N,29.98999023,1.0,1.0,WC,0.0,0.0,O,4.0,S,U,3.0,M,6.0,3.0,C,A,0.0,S,Y,Y,Y,U,U,Y,1120.0,730+,0,0.09663818150743461,0.7587209302325582,0.0,0.0,16.997093023255815,5230.2275,0.5685950413223141,0,0,0,0,0,0,0,0,0,0,0,1,0.6115517,165.9790458598137,45,120.97904585981371,466.8160580551624,65,401.8160580551624,912.8847522289753,85,827.8847522289753
126.32,772.75,50.0,12.87,212.75,63.825,63.825,0.0,0.0,-187.75,-59.49,9.666666667,0.0,6.0,0.0,51.33333333,0.0,228.6666667,0.0,57.0,0.0,163.6666667,0.0,3.666666667,16.66666667,15.06333333,24.33333333,0.0,343.77,0.0,115.0766667,36.66666667,47.11,18.66666667,33.32,129.0,0.0,298.9733333,0.0,89.66666667,0.0,159.8733333,0.0,15.66666667,228.6666667,163.6666667,0.0,3.333333333,28,1016716,2,1,U,B,N,8022,21818.0,3509.0,3422.13,21493.0,7888,131.62,826.65,303.38,835,318,146,1128.0,425.0,214.0,S,ATLANTIC SOUTH AREA,N,N,79.98999023,1.0,1.0,WC,0.0,0.0,O,13.0,S,M,6.0,M,6.0,,,A,0.0,B,U,U,U,U,U,Y,826.0,730+,0,0.1632568659127625,1.2514705882352941,0.0,102.66666667599999,15.151960784313726,3536.96,0.16897208646443296,0,0,0,0,0,0,0,0,1,1,0,1,0.6842013,165.94235662841797,45,120.94235662841797,466.7128780174255,65,401.7128780174255,912.6829614562988,85,827.6829614562988
275.1375,2477.0,181.685,9.6525,337.5,83.8,83.8,0.0,0.0,-456.0,-154.5075,29.0,0.0,11.66666667,0.0,97.0,0.0,547.6666667,0.0,239.0,0.0,420.6666667,0.0,2.666666667,20.66666667,19.34666667,124.0,0.666666667,1116.2,0.0,649.0233333,99.66666667,189.93,26.0,92.99,315.3333333,0.0,992.92,0.0,275.3333333,0.0,772.3066667,0.0,40.66666667,547.6666667,420.6666667,0.0,15.0,38,1005753,1,1,Y,CA,N,20188,72846.0,9885.28,9833.19,72719.0,20118,289.21,2138.79,591.71,2629,718,327,2785.0,769.0,359.0,U,MIDWEST AREA,Y,N,149.9899902,5.0,4.0,WCMB,0.0,0.0,O,15.0,S,M,4.0,M,5.0,2.0,C,A,0.0,Z,U,U,U,U,U,Y,158.0,<180,1,0.1110320823244552,0.45871308536551986,0.0,101.33333334599999,13.558858143799435,10455.225,0.24240192661696017,0,0,0,0,0,0,0,0,0,0,0,0,0.31412134,165.9389985537529,45,120.9389985537529,466.7034170329571,65,401.7034170329571,912.6644920456409,85,827.6644920456409
107.8625,917.25,69.99,0.2475,158.75,47.625,47.625,0.0,0.0,-91.25,-32.8725,3.0,0.0,9.0,0.0,61.33333333,0.0,315.3333333,0.0,73.0,0.0,243.6666667,0.0,3.0,5.333333333,3.55,43.0,0.0,472.22,0.0,111.5766667,53.0,36.73666667,9.666666667,11.96666667,212.6666667,0.0,425.8266667,0.0,102.3333333,0.0,157.97,0.0,12.0,315.3333333,243.6666667,0.0,1.666666667,12,1087373,4,2,U,AA,N,3159,8202.0,976.97,852.85,7476.0,2874,85.29,747.6,287.4,948,342,119,888.0,329.0,97.0,T,CENTRAL/SOUTH TEXAS AREA,Y,R,9.989997864,2.0,2.0,WC,0.0,0.0,,7.0,,S,2.0,M,2.0,,I,,0.0,G,U,U,U,U,U,N,246.0,180-365,1,0.1174652872311462,0.6708691364980983,0.0,36.0,12.92083392027046,1294.35,0.21409291735150868,0,0,1,0,1,0,0,0,1,0,1,1,0.80115354,165.91570187568664,45,120.91570187568664,466.6378858089447,65,401.6378858089447,912.5363603162766,85,827.5363603162766
128.7325,1087.25,94.95,2.97,159.5,39.875,39.875,0.0,0.0,-366.25,-42.7525,20.33333333,0.0,2.0,0.0,42.0,0.0,320.6666667,0.0,88.66666667,0.0,258.6666667,0.0,0.0,0.0,0.0,45.0,0.333333333,476.7066667,0.0,181.0833333,40.66666667,48.54333333,5.333333333,10.40666667,259.3333333,0.0,558.21,0.0,65.66666667,0.0,99.58,0.0,22.33333333,320.6666667,258.6666667,0.0,13.66666667,17,1036696,1,1,U,A2,N,5066,14171.0,1766.53,1662.69,13243.0,4685,110.85,882.87,312.33,1209,398,143,1018.0,346.0,134.0,U,PHILADELPHIA AREA,N,N,29.98999023,1.0,1.0,WC,0.0,0.0,O,5.0,S,M,5.0,M,6.0,,C,,0.0,N,U,U,U,U,U,Y,522.0,365-730,0,0.11829313117390304,0.41558103178738925,0.0,0.0,11.331422615945804,2188.4525,0.7064237069758882,0,0,0,0,0,0,0,0,1,0,1,0,0.67114687,165.88496546649932,45,120.88496546649932,466.5514500284194,65,401.5514500284194,912.3673100657462,85,827.3673100657462
126.6525,826.25,59.99,2.2275,311.25,93.375,93.375,0.0,1.56,206.75,81.8175,9.333333333,0.0,3.0,0.0,11.0,0.0,152.0,0.0,86.0,0.0,132.6666667,0.0,0.0,0.0,0.0,28.66666667,0.0,295.7133333,0.0,292.4066667,24.33333333,29.27666667,14.33333333,48.34333333,148.6666667,0.0,402.9933333,0.0,66.0,0.0,185.1233333,0.0,12.33333333,152.0,132.6666667,0.0,1.0,30,1011182,2,2,U,B,N,3489,11529.0,1838.7,1743.87,11395.0,3451,62.28,406.96,123.25,757,216,99,676.0,194.0,78.0,U,DALLAS AREA,Y,N,59.98999023,2.0,2.0,WCMB,1.0,1.0,O,1.0,S,B,1.0,M,6.0,1.0,C,A,0.0,N,U,U,U,U,U,Y,634.0,365-730,1,0.1531006346328196,1.5309886866699458,0.001885766092475068,0.0,13.547302836530578,3799.5750000000003,0.39510251676221947,0,0,0,0,0,0,0,0,0,0,0,0,0.6818941,165.818103328228,45,120.818103328228,466.3634533560276,65,401.3634533560276,911.999568305254,85,826.999568305254
158.1625,835.5,39.99,0.2475,365.5,127.925,127.925,0.0,0.0,-33.5,-22.4725,5.333333333,0.0,0.666666667,0.0,12.33333333,0.0,105.0,0.0,39.66666667,0.0,87.66666667,0.0,1.333333333,5.0,4.193333333,28.66666667,0.333333333,224.9266667,0.0,56.0,61.33333333,174.89,13.66666667,35.96666667,39.33333333,0.0,108.1733333,0.0,70.66666667,0.0,172.7533333,0.0,6.0,105.0,87.66666667,0.0,1.333333333,14,1065710,1,1,U,AA,N,1751,5528.0,849.33,789.35,5494.0,1745,65.78,457.83,145.42,847,216,166,629.0,183.0,101.0,,PHILADELPHIA AREA,Y,N,149.9899902,1.0,1.0,WCMB,0.0,0.0,,,,U,,,,,,,0.0,S,U,U,U,U,U,N,396.0,365-730,0,0.18907650926479377,3.120883142229812,0.0,18.666666661999997,20.38302024884118,2214.275,0.18334439136060607,1,0,1,1,1,1,1,1,1,1,1,1,0.54598826,165.80135344028474,45,120.80135344028474,466.31628769636154,65,401.31628769636154,911.907443921566,85,826.907443921566
211.88,2762.0,94.3525,25.4925,831.0,84.735,84.15,0.585,0.0,-31.0,53.69,14.0,0.0,15.66666667,0.0,68.33333333,0.0,864.6666667,0.333333333,256.0,0.0,771.3333333,0.333333333,0.333333333,1.333333333,1.09,99.66666667,0.333333333,1253.286667,0.083333333,500.3633333,129.0,143.9633333,40.33333333,87.95666667,904.6666667,0.333333333,1581.78,0.083333333,118.0,0.0,171.87,0.0,29.66666667,865.0,771.6666667,0.0,47.33333333,49,1000546,1,1,U,CA,N,26346,64006.32,4986.14,4651.08,63358.32,26102,98.96,1348.05,555.36,2772,1281,194,2574.0,1169.0,175.0,T,SOUTH FLORIDA AREA,Y,N,59.98999023,5.0,5.0,WCMB,1.0,0.0,O,6.0,S,M,3.0,M,7.0,2.0,C,A,0.0,N,U,U,Y,Y,Y,Y,683.0,365-730,1,0.0766847629388346,0.8886500091764767,0.0,16.333333317,28.966204347028132,10382.119999999999,0.45004837840975,0,0,0,0,0,0,0,0,0,0,0,1,0.40730873,165.69710455322266,45,120.69710455322266,466.02310655593874,65,401.02310655593874,911.3340750427246,85,826.3340750427246
111.97,305.25,25.87,0.0,215.25,86.1,86.1,0.0,0.0,-305.25,-67.47,10.0,0.0,9.333333333,0.0,72.0,0.0,330.6666667,0.0,137.3333333,0.0,244.6666667,0.0,0.0,0.0,0.0,65.33333333,0.0,239.14,0.0,216.9066667,52.66666667,29.91333333,9.333333333,12.79333333,129.3333333,0.0,163.6666667,0.0,247.3333333,0.0,292.38,0.0,19.33333333,330.6666667,244.6666667,0.0,6.0,15,1066117,1,1,Y,BA,N,3871,7591.0,1919.29,1859.31,7591.0,3871,132.81,542.21,276.5,407,215,134,493.0,240.0,163.0,C,SOUTH FLORIDA AREA,Y,N,199.9899902,2.0,1.0,WCMB,1.0,1.0,O,12.0,M,M,5.0,M,3.0,1.0,C,G,0.0,H,U,U,U,U,U,Y,279.0,180-365,1,0.36561632653061227,3.2043170822478597,0.0,0.0,11.360253070338667,1679.55,0.23785075683809864,0,0,0,0,0,0,0,0,0,0,0,1,0.7705563,165.65602794837952,45,120.65602794837952,465.9076253223419,65,400.9076253223419,911.1081537160874,85,826.1081537160874
115.7775,1088.0,49.99,0.0,166.25,66.49,66.1,0.39,5.2975,333.0,51.3825,0.0,0.0,0.0,0.0,0.0,0.0,0.0,0.0,0.0,0.0,0.0,0.0,0.0,0.0,0.0,0.0,0.0,0.0,0.0,0.0,0.0,0.0,0.0,0.0,0.0,0.0,0.0,0.0,0.0,0.0,0.0,0.0,0.0,0.0,0.0,0.0,0.0,16,1065737,1,1,Y,AA,N,1414,6358.0,1042.14,962.16,6312.0,1399,68.73,450.86,99.93,977,130,99,632.0,109.0,86.0,T,DC/MARYLAND/VIRGINIA AREA,Y,N,79.98999023,1.0,1.0,WCMB,0.0,0.0,R,2.0,S,M,2.0,M,5.0,,C,A,0.0,N,U,U,U,U,U,Y,457.0,365-730,0,0.10631542699724518,1.303981172778976,0.0048645546372819105,0.0,21.337517160227495,1852.44,0.4340313244807627,0,0,0,0,0,0,0,0,1,0,0,1,0.7450528,165.61988290429116,45,120.61988290429116,465.8059241187573,65,400.8059241187573,910.9093559736014,85,825.9093559736014
132.6025,1112.25,99.99,1.2375,125.5,31.375,31.375,0.0,0.0,-288.25,-32.6125,13.66666667,0.0,5.333333333,0.0,82.33333333,0.0,456.3333333,0.0,50.33333333,0.0,356.6666667,0.0,0.0,0.0,0.0,26.0,0.0,694.12,0.0,111.9333333,79.66666667,64.72333333,9.666666667,12.84666667,215.0,0.0,452.67,0.0,176.3333333,0.0,353.3866667,0.0,19.0,456.3333333,356.6666667,0.0,0.0,35,1099822,1,1,U,A,N,12551,30048.0,3842.64,3658.85,29174.0,12191,152.45,1215.58,507.96,1208,422,143,1199.0,460.0,135.0,U,SOUTHWEST AREA,N,N,29.98999023,1.0,1.0,WC,0.0,0.0,,,,U,,,,,,,0.0,U,U,U,U,U,U,N,966.0,730+,0,0.11911295755670334,0.31067432419051394,0.0,0.0,11.013466679869294,4641.0875,0.7629660408718317,0,0,1,1,1,1,1,1,1,1,1,0,0.649655,165.40008773875238,45,120.40008773875238,465.1877349096536,65,400.1877349096536,909.700482563138,85,824.700482563138
103.2625,385.25,29.99,0.7425,160.0,56.0,56.0,0.0,14.87,88.75,35.0975,1.333333333,0.0,0.0,0.0,22.33333333,0.0,83.33333333,0.0,39.0,0.0,60.0,0.0,0.0,0.0,0.0,29.0,0.0,99.96,0.0,51.51,2.0,1.246666667,0.0,0.0,63.0,0.0,116.22,0.0,19.66666667,0.0,35.25,0.0,1.333333333,83.33333333,60.0,0.0,0.0,23,1018241,2,1,N,A,N,1414,4693.0,1252.8,1118.48,4316.0,1249,53.26,205.52,59.48,356,84,92,316.0,83.0,79.0,C,CALIFORNIA NORTH AREA,Y,N,29.98999023,1.0,1.0,WC,0.0,0.0,O,7.0,S,U,4.0,M,8.0,1.0,C,A,0.0,H,U,U,U,U,U,Y,697.0,365-730,0,0.26734627831715213,1.8070345272668604,0.038498381877022654,0.0,12.431429493384963,2375.0375,0.35624784457983677,0,0,0,0,0,0,0,0,0,0,0,1,0.83389664,165.33167495250703,45,120.33167495250703,464.99539735317234,65,399.99539735317234,909.3242122387887,85,824.3242122387887
99.99,0.0,0.0,0.0,0.0,0.0,0.0,0.0,0.0,0.0,0.0,0.0,0.0,0.0,0.0,0.0,0.0,0.0,0.0,0.0,0.0,0.0,0.0,0.0,0.0,0.0,0.0,0.0,0.0,0.0,0.0,0.0,0.0,0.0,0.0,0.0,0.0,0.0,0.0,0.0,0.0,0.0,0.0,0.0,0.0,0.0,0.0,0.0,21,1044202,2,2,U,EA,N,86,231.0,234.66,162.44,231.0,86,54.15,77.0,28.67,77,29,54,,,,R,TENNESSEE AREA,Y,R,9.989997864,2.0,2.0,,0.0,0.0,O,,,U,2.0,M,7.0,2.0,I,,0.0,N,U,U,U,U,U,Y,593.0,365-730,1,99.99,0.0,0.0,0.0,0.0,2099.79,1.0,0,1,0,1,1,0,0,0,0,0,1,1,0.86077034,165.25137939834596,45,120.25137939834596,464.76951647758483,65,399.76951647758483,908.8825866909027,85,823.8825866909027
124.9075,744.75,49.99,0.7425,247.25,74.175,74.175,0.0,0.0,190.25,55.5825,15.0,0.0,0.0,0.0,4.666666667,0.0,95.0,0.0,116.6666667,0.0,83.0,0.0,0.0,0.0,0.0,56.66666667,0.333333333,188.3,0.0,343.33,34.33333333,58.72,12.33333333,76.1,129.6666667,0.0,363.53,0.0,47.33333333,0.0,168.1033333,0.0,15.0,95.0,83.0,0.0,0.0,29,1011974,2,2,U,C2,N,3572,11820.0,1904.72,1895.86,11792.0,3558,70.22,436.74,131.78,681,173,106,527.0,144.0,79.0,U,NEW YORK CITY AREA,N,N,29.98999023,1.0,1.0,WC,1.0,0.0,O,8.0,S,S,3.0,M,7.0,1.0,I,A,0.0,J,U,U,U,U,U,Y,878.0,730+,0,0.16749245725779416,1.4546969994116492,0.0,0.0,14.60580505981565,3622.3175,0.4073822554228419,0,0,0,0,0,0,0,0,0,0,0,1,0.68870664,165.16727844429016,45,120.16727844429016,464.53300040483475,65,399.53300040483475,908.4200314435959,85,823.4200314435959
167.6075,1723.25,85.1925,3.2175,198.0,79.2,79.2,0.0,0.0,-620.25,-82.6675,29.33333333,0.0,20.0,0.333333333,209.3333333,0.0,840.0,0.333333333,497.6666667,0.0,598.3333333,0.0,5.666666667,9.333333333,4.436666667,316.3333333,0.0,513.18,0.0,500.7566667,29.0,20.86333333,17.0,15.71333333,574.0,0.0,541.4766667,0.0,505.0,0.0,472.46,0.0,49.66666667,840.3333333,598.3333333,0.0,52.0,6,1092937,1,1,U,CA,Y,6335,10931.0,1464.64,1378.76,10771.0,6245,275.75,2154.2,1249.0,1930,1145,195,,,,T,DALLAS AREA,Y,N,199.9899902,2.0,2.0,WCMB,0.0,0.0,O,15.0,S,S,3.0,M,1.0,,I,A,0.0,F,U,U,U,U,Y,Y,138.0,<180,1,0.09720603160794547,0.9188734518664617,0.0,34.000000002,19.993038837485862,1005.645,0.13182976878770156,0,0,0,0,0,0,0,0,1,0,0,0,0.5131422,165.13245951509475,45,120.13245951509475,464.4350523763895,65,399.4350523763895,908.2285273330212,85,823.2285273330212
118.7325,812.5,44.99,5.6925,223.0,78.05,78.05,0.0,0.0,-666.5,-80.7725,6.333333333,0.0,0.333333333,0.0,9.666666667,0.0,61.0,0.0,24.66666667,0.0,48.33333333,0.0,0.0,0.0,0.0,8.666666667,0.0,203.1333333,0.0,180.3433333,6.333333333,10.91333333,0.333333333,2.243333333,46.66666667,0.0,164.2433333,0.0,20.33333333,0.0,219.2366667,0.0,6.666666667,61.0,48.33333333,0.0,0.666666667,10,1074638,3,1,U,AA,N,733,3615.0,707.1,628.93,3436.0,660,78.62,429.5,82.5,1035,166,146,540.0,96.0,92.0,U,CALIFORNIA NORTH AREA,Y,N,149.9899902,1.0,1.0,WCMB,0.0,0.0,,,,U,,,,,,,0.0,M,U,U,U,U,U,N,293.0,180-365,0,0.14595267363245237,1.6971080669710805,0.0,0.0,17.666884105240268,1187.325,0.3707674943566592,0,0,1,1,1,1,1,1,1,1,1,1,0.72371215,164.98205262422562,45,119.98205262422562,464.01204423666,65,399.01204423666,907.401289433241,85,822.401289433241
108.6575,543.0,29.99,2.475,207.25,72.5375,72.5375,0.0,0.0,10.0,5.5725,8.666666667,0.0,18.0,0.0,18.0,0.0,119.3333333,0.0,84.66666667,0.0,82.66666667,0.0,0.666666667,0.666666667,0.083333333,30.0,0.0,129.5833333,0.0,173.6833333,17.66666667,5.79,52.0,122.62,95.33333333,0.0,196.2766667,0.0,64.0,0.0,106.99,0.0,26.66666667,119.3333333,82.66666667,0.0,3.333333333,6,1085409,2,2,U,CA,N,918,2623.0,531.8,421.25,2289.0,824,84.25,457.8,164.8,540,198,107,,,,T,CHICAGO AREA,Y,N,149.9899902,1.0,1.0,WCMB,1.0,0.0,O,2.0,S,U,2.0,M,6.0,1.0,I,A,0.0,N,U,U,U,U,U,N,192.0,180-365,0,0.19973805147058823,2.340674411100355,0.0,4.000000002,17.521781219748306,651.9449999999999,0.24954202312972104,0,0,0,0,0,0,0,0,0,0,0,0,0.7908087,164.98040842199327,45,119.98040842199327,464.0074181163311,65,399.0074181163311,907.392246320963,85,822.392246320963
112.835,396.25,24.99,3.2175,223.25,82.6025,82.6025,0.0,0.0,-158.25,-47.045,9.333333333,0.0,1.333333333,0.0,54.33333333,0.0,242.0,0.0,18.33333333,0.0,178.0,0.0,0.0,0.0,0.0,11.0,0.0,181.2366667,0.0,15.56333333,11.33333333,4.36,0.666666667,0.34,169.6666667,0.0,176.8466667,0.0,23.66666667,0.0,19.95333333,0.0,10.66666667,242.0,178.0,0.0,1.333333333,29,1012087,1,1,U,A,N,3384,6203.0,1818.71,1783.72,6189.0,3377,66.06,229.22,125.07,449,245,129,404.0,223.0,118.0,S,NEW ENGLAND AREA,N,N,29.98999023,1.0,1.0,WC,0.0,0.0,O,1.0,S,M,2.0,M,9.0,,I,A,1.0,J,U,U,U,U,U,Y,875.0,730+,0,0.28404027690371303,3.1782416313966912,0.0,0.0,15.246248557137362,3272.2149999999997,0.23933512903745655,0,0,0,0,0,0,0,0,1,0,0,0,0.7614693,164.96714684200288,45,119.96714684200288,463.9701475715637,65,398.9701475715637,907.3193076310158,85,822.3193076310158
146.135,822.0,49.99,0.2475,264.75,105.8975,105.8,0.0975,0.0,-81.0,-53.555,11.0,0.0,5.333333333,0.0,83.66666667,0.0,318.6666667,0.0,92.66666667,0.0,220.6666667,0.0,5.333333333,13.66666667,10.67,48.0,0.0,422.3966667,0.0,246.68,106.6666667,298.9466667,18.33333333,104.36,215.3333333,0.0,487.6,0.0,96.0,0.0,181.4766667,0.0,16.33333333,318.6666667,220.6666667,0.0,2.666666667,25,1029501,1,1,U,BA,N,4089,8677.0,1359.04,1327.04,8669.0,4081,55.29,361.21,170.04,849,320,164,721.0,276.0,121.0,C,HOUSTON AREA,Y,N,79.98999023,3.0,1.0,WCMB,0.0,0.0,O,4.0,,S,1.0,M,3.0,,,,0.0,H,U,U,U,U,U,Y,700.0,365-730,1,0.17756379100850544,2.076828789958815,0.0,133.33333332499998,16.120808001568935,3653.375,0.11890377205334846,0,0,0,0,1,0,0,0,1,1,1,0,0.58752936,164.84851258087158,45,119.84851258087158,463.63647647500034,65,398.63647647500034,906.6668191947938,85,821.6668191947938
162.0525,745.5,85.3225,4.455,220.75,77.45,54.175,23.275,5.0875,-335.5,-67.1825,6.666666667,1.666666667,1.0,0.0,38.33333333,0.333333333,250.6666667,109.0,139.3333333,0.333333333,208.0,107.0,0.0,0.0,0.0,98.0,1.333333333,174.14,111.8066667,133.72,76.0,55.99333333,6.0,7.23,219.6666667,76.66666667,215.8533333,73.93,81.66666667,30.33333333,92.00666667,37.87666667,9.333333333,359.6666667,315.0,0.0,2.0,7,1081024,1,1,Y,AA,N,2744,4775.0,1006.87,941.26,4769.0,2740,156.88,794.83,456.67,857,499,185,795.0,457.0,157.0,U,NEW YORK CITY AREA,Y,N,199.9899902,1.0,1.0,WCMB,0.0,0.0,,,M,S,1.0,M,6.0,,C,,0.0,N,U,U,U,U,U,Y,206.0,180-365,0,0.21708305425318153,0.8972168322279822,0.0068151373074346955,0.0,8.636218830548234,1134.3675,0.5270878810545115,0,0,1,1,0,0,0,0,1,0,1,0,0.5296709,164.80223192310336,45,119.80223192310336,463.50625796556477,65,398.50625796556477,906.4122755770685,85,821.4122755770685
111.91,1092.25,75.0,0.0,144.75,36.1875,36.1875,0.0,0.0,-196.25,-36.91,10.66666667,0.0,106.6666667,0.0,54.66666667,0.333333333,385.3333333,0.333333333,220.3333333,0.0,223.0,0.0,0.0,0.0,0.0,109.6666667,0.666666667,247.2066667,0.0,282.7533333,57.66666667,26.16333333,54.0,73.39666667,372.0,0.0,447.72,0.0,60.0,0.0,82.24,0.0,117.3333333,385.6666667,223.0,0.0,8.666666667,15,1042919,5,3,U,DA,N,5045,13416.0,1397.63,1303.5,13233.0,5019,93.11,945.21,358.5,1158,567,124,1051.0,435.0,107.0,C,ATLANTIC SOUTH AREA,Y,R,129.9899902,2.0,2.0,WCMB,0.0,0.0,,,,U,,,,,,,0.0,U,U,U,U,U,U,N,200.0,180-365,1,0.10236450949005259,0.4761513157894737,0.0,0.0,14.37171052631579,1678.6499999999999,0.6774373259052925,0,0,1,1,1,1,1,1,1,1,1,0,0.7668233,164.76517359924318,45,119.76517359924318,463.40210411071774,65,398.40210411071774,906.2084547958375,85,821.2084547958375
96.6425,403.5,75.0,3.2175,0.0,0.0,0.0,0.0,18.425,-403.5,-21.6425,9.333333333,0.0,1.0,0.0,7.666666667,0.0,144.6666667,0.0,21.0,0.0,128.6666667,0.0,0.0,0.0,0.0,10.33333333,0.0,142.4366667,0.0,30.45666667,19.33333333,16.79,1.0,2.06,138.6666667,0.0,167.99,0.0,4.333333333,0.0,4.903333333,0.0,10.33333333,144.6666667,128.6666667,0.0,0.333333333,15,1049006,1,1,U,AA,N,5141,10894.0,1619.48,1544.49,10852.0,5116,110.32,775.14,365.43,538,268,104,624.0,299.0,104.0,S,NEW ENGLAND AREA,Y,N,149.9899902,2.0,1.0,WCMB,0.0,0.0,O,5.0,S,A,3.0,M,9.0,2.0,C,A,0.0,S,U,U,U,U,U,Y,432.0,365-730,1,0.23891841779975279,0.0,0.04555006180469716,0.0,5.309210526315789,1449.6375,1.0,0,0,0,0,0,0,0,0,0,0,0,1,0.88701093,164.58806429290772,45,119.58806429290772,462.903976906538,65,397.903976906538,905.2343536109925,85,820.2343536109925
166.585,832.0,59.99,0.495,290.25,116.1,116.1,0.0,0.0,477.0,144.605,4.666666667,0.0,0.333333333,0.0,28.66666667,0.333333333,198.6666667,0.333333333,151.0,0.0,168.0,0.0,0.0,0.0,0.0,77.66666667,0.333333333,199.01,0.0,210.62,12.0,5.906666667,4.333333333,6.16,241.3333333,0.0,343.65,0.0,74.66666667,0.0,65.98,0.0,5.0,199.0,168.0,0.0,2.333333333,20,1045115,1,1,U,ZA,N,6180,14264.0,2173.49,2093.51,14141.0,6108,110.18,744.26,321.47,673,299,118,618.0,296.0,92.0,S,DALLAS AREA,N,N,129.9899902,4.0,4.0,WCMB,1.0,0.0,O,1.0,S,U,2.0,M,2.0,,C,A,0.0,H,U,U,U,U,U,N,304.0,180-365,1,0.19998199279711887,1.9035907525823903,0.0,0.0,13.641580586981473,3331.7000000000003,0.34440115195663223,0,0,0,0,0,0,0,0,1,0,0,1,0.51448375,164.55412890529635,45,119.55412890529635,462.8084974753857,65,397.8084974753857,905.0477089791299,85,820.0477089791299
180.675,1883.75,169.99,7.6725,0.0,0.0,0.0,0.0,5.0625,-812.75,-15.875,10.66666667,0.0,21.0,0.0,73.33333333,0.0,394.3333333,0.0,383.6666667,0.0,294.0,0.0,0.666666667,1.333333333,1.126666667,199.6666667,0.0,456.76,0.0,752.05,35.66666667,40.4,46.33333333,75.82333333,439.3333333,0.0,770.9166667,0.0,233.3333333,0.0,437.8966667,0.0,31.66666667,394.3333333,294.0,2.0,22.0,16,1052439,2,2,U,AA,N,13417,29007.0,3005.37,2872.14,28967.0,13396,191.48,1931.13,893.07,2155,866,186,2137.0,944.0,194.0,,TENNESSEE AREA,Y,R,99.98999023,2.0,2.0,WCMB,0.0,0.0,O,4.0,S,M,2.0,M,7.0,2.0,C,,0.0,F,U,Y,Y,U,U,Y,132.0,<180,1,0.09586152009550339,0.0,0.002686032630322324,10.666666672,11.016726124334756,2890.8,0.5999999998800001,1,0,0,0,0,0,0,0,0,0,1,0,0.47413704,164.47623503923418,45,119.47623503923418,462.5894595086575,65,397.5894595086575,904.619292715788,85,819.619292715788
158.3475,1467.5,44.99,9.9,320.25,112.0975,112.0,0.0975,0.0,-99.5,-43.0675,30.0,0.0,41.66666667,0.0,57.66666667,0.0,531.0,0.333333333,88.66666667,0.0,408.3333333,0.333333333,0.333333333,0.666666667,0.373333333,37.33333333,1.0,791.4166667,0.156666667,190.4066667,118.6666667,225.86,35.66666667,96.52,157.6666667,0.0,262.1766667,0.0,332.6666667,0.333333333,719.65,0.156666667,71.66666667,531.3333333,408.6666667,0.0,14.66666667,10,1064734,1,1,Y,BA,N,3275,9333.0,983.46,873.49,9333.0,3275,97.05,1037.0,363.89,1501,529,173,1206.0,420.0,118.0,C,OHIO AREA,Y,R,29.98999023,3.0,3.0,WCMB,0.0,0.0,O,2.0,M,S,4.0,M,5.0,,C,O,0.0,N,U,U,U,U,U,Y,96.0,<180,1,0.107829417773238,2.4374320504457487,0.0,3.3333333300000003,31.90911067623396,1583.475,0.2651981489991811,0,0,0,0,0,0,0,0,1,0,0,1,0.5407021,164.38815896701814,45,119.38815896701814,462.34171597123145,65,397.34171597123145,904.1348743185997,85,819.1348743185997
167.2,870.5,24.5825,0.495,464.25,139.275,139.275,0.0,0.0,-870.5,-167.2,16.0,0.0,4.0,0.0,31.33333333,0.0,216.0,0.0,38.33333333,0.0,166.6666667,0.0,1.666666667,3.666666667,2.423333333,13.0,0.0,539.6433333,0.0,153.3933333,43.66666667,52.68333333,16.0,50.00333333,165.3333333,0.0,585.9933333,0.0,37.33333333,0.0,107.0433333,0.0,20.0,216.0,166.6666667,0.0,7.666666667,22,1033284,1,1,Y,EA,N,4427,13078.0,2367.66,2310.97,13062.0,4421,110.05,622.0,210.52,1161,299,223,786.0,214.0,140.0,C,ATLANTIC SOUTH AREA,N,R,9.989997864,2.0,2.0,WC,0.0,0.0,O,,M,U,1.0,M,6.0,1.0,,,0.0,N,U,U,U,U,U,Y,390.0,365-730,1,0.19185312679288583,5.44415127528584,0.0,36.666666674000005,34.027167008697354,3678.3999999999996,0.12329212751607808,0,0,0,1,0,0,0,0,0,1,1,0,0.51184857,164.31567817687989,45,119.31567817687989,462.13783988952633,65,397.13783988952633,903.7362299728394,85,818.7362299728394
132.885,910.5,44.87,3.2175,234.5,93.8,93.8,0.0,0.9975,224.5,103.215,6.666666667,0.0,5.0,0.0,46.33333333,0.0,293.6666667,0.0,122.0,0.0,237.3333333,0.0,1.666666667,3.0,1.89,78.66666667,0.333333333,425.6566667,0.0,209.4266667,55.33333333,71.52333333,10.66666667,29.52,186.3333333,0.0,343.4733333,0.0,129.0,0.0,291.61,0.0,11.66666667,293.6666667,237.3333333,0.0,2.666666667,11,1066954,1,1,U,AA,N,3144,7366.0,1018.75,958.77,7364.0,3142,95.88,736.4,314.2,836,324,98,1027.0,421.0,132.0,S,SOUTH FLORIDA AREA,Y,R,9.989997864,2.0,2.0,WC,0.0,0.0,O,1.0,,S,1.0,M,7.0,1.0,C,,0.0,H,U,U,U,U,U,Y,177.0,<180,1,0.1457871640153593,2.0449095269239153,0.0010943499725726824,18.333333337000003,19.849574885546108,1461.735,0.21224319820819357,0,0,0,0,1,0,0,0,0,0,1,1,0.64388114,164.27932456970214,45,119.27932456970214,462.03560035228725,65,397.03560035228725,903.5362851333618,85,818.5362851333618
139.2075,1343.25,44.99,0.2475,264.5,92.575,92.575,0.0,7.395,-203.25,12.3725,6.666666667,0.0,0.333333333,0.0,44.33333333,0.0,150.3333333,0.0,45.0,0.0,99.33333333,0.0,0.0,0.0,0.0,17.66666667,0.333333333,987.6633333,0.0,291.1866667,8.666666667,9.006666667,1.0,2.296666667,50.33333333,0.0,498.7133333,0.0,84.0,0.0,780.1366667,0.0,7.0,150.3333333,99.33333333,0.0,1.666666667,13,1076185,1,1,U,AA,N,1886,12615.0,1362.39,1297.02,12574.0,1876,108.09,1047.83,156.33,1411,155,135,1067.0,142.0,98.0,U,CALIFORNIA NORTH AREA,Y,N,199.9899902,2.0,1.0,WCMB,0.0,0.0,O,2.0,S,S,4.0,M,3.0,2.0,C,A,0.0,H,U,U,U,U,U,Y,204.0,180-365,1,0.1035577459549935,2.012937595129376,0.005501208852519993,0.0,29.20743639921722,1809.6975000000002,0.3319019954533973,0,0,0,0,0,0,0,0,0,0,0,1,0.6143907,164.21335558748248,45,119.21335558748248,461.850070887208,65,396.850070887208,903.1734557311536,85,818.1734557311536
128.1425,802.25,31.95,10.395,251.0,88.2625,88.2625,0.0,0.0,1783.75,269.9375,4.0,0.0,6.666666667,0.0,31.0,0.0,217.3333333,0.0,66.66666667,0.0,176.6666667,0.0,1.666666667,18.66666667,17.38666667,29.33333333,0.0,401.7233333,0.0,336.3266667,21.33333333,23.63,2.666666667,9.82,129.6666667,0.0,336.14,0.0,112.6666667,0.0,401.91,0.0,10.66666667,217.3333333,176.6666667,0.0,8.333333333,25,1015101,1,1,N,C,N,2858,9834.0,1360.88,1329.09,9694.0,2849,60.41,440.64,129.5,208,68,38,265.0,88.0,32.0,U,HOUSTON AREA,Y,N,149.9899902,2.0,2.0,WCMB,0.0,0.0,O,2.0,M,S,1.0,M,9.0,,C,,0.0,N,U,U,U,U,U,Y,44.0,<180,1,0.1595300342359166,2.678679817905918,0.0,41.666666675,24.34749620637329,3203.5625000000005,0.18707861180258004,0,0,0,0,0,0,0,0,1,0,1,1,0.6673146,164.18182044649126,45,119.18182044649126,461.76136236786846,65,396.76136236786846,903.000012455702,85,818.000012455702
104.5425,100.0,44.99,0.0,0.0,0.0,0.0,0.0,61.5525,-100.0,-61.5525,0.0,0.0,0.0,0.0,0.0,0.0,0.0,0.0,0.0,0.0,0.0,0.0,0.0,0.0,0.0,0.0,0.0,0.0,0.0,0.0,0.0,0.0,0.0,0.0,0.0,0.0,0.0,0.0,0.0,0.0,0.0,0.0,0.0,0.0,0.0,0.0,0.0,12,1071612,1,1,N,AA,N,1439,4253.0,1340.71,1216.74,4253.0,1439,110.61,386.64,130.82,133,84,125,112.0,55.0,86.0,T,MIDWEST AREA,Y,N,59.98999023,1.0,1.0,WCMB,0.0,0.0,O,6.0,S,M,3.0,M,8.0,2.0,I,A,0.0,U,U,U,U,U,U,Y,356.0,180-365,0,1.0350742574257425,0.0,0.609430693069307,0.0,2.1743857360295715,1254.51,1.0,0,0,0,0,0,0,0,0,0,0,0,1,0.81764376,164.11877204132082,45,119.11877204132082,461.58404636621475,65,396.58404636621475,902.6532462272645,85,817.6532462272645
209.195,1627.75,75.0,1.98,470.0,117.5,117.5,0.0,5.86,-91.75,-30.975,12.0,0.0,1.333333333,0.0,44.33333333,0.0,284.6666667,0.0,167.0,0.0,233.3333333,0.0,4.333333333,21.66666667,18.60333333,64.0,0.0,887.0633333,0.0,576.6333333,66.66666667,96.82333333,21.33333333,51.69666667,213.0,0.0,657.8,0.0,162.3333333,0.0,805.9033333,0.0,13.33333333,284.6666667,233.3333333,0.0,12.0,22,1035733,1,1,U,EA,N,6320,20732.0,2417.14,2357.13,20569.0,6269,117.86,1028.45,313.45,1658,438,219,1397.0,392.0,163.0,U,GREAT LAKES AREA,Y,N,79.98999023,1.0,1.0,WCMB,0.0,0.0,,2.0,M,U,1.0,M,7.0,1.0,A,A,0.0,U,U,U,U,U,U,N,641.0,365-730,0,0.12843898695318495,1.5460526315789473,0.0035978511128165773,95.33333332599999,21.417763157894736,4602.29,0.14536181065415843,0,0,1,0,0,0,0,0,0,0,0,1,0.40855476,164.09782203006745,45,119.09782203006745,461.5251369285583,65,396.5251369285583,902.538021165371,85,817.538021165371
103.3575,599.5,60.11,0.2475,132.5,53.0,53.0,0.0,0.0,-415.5,-53.3675,4.0,0.0,0.333333333,0.0,16.33333333,0.0,91.33333333,0.0,51.33333333,0.0,72.66666667,0.0,0.333333333,0.333333333,0.043333333,23.33333333,0.0,238.1133333,0.0,149.42,22.0,25.57,2.333333333,6.626666667,82.66666667,0.0,226.71,0.0,32.66666667,0.0,160.8233333,0.0,4.333333333,91.33333333,72.66666667,0.0,1.0,24,1019985,1,1,U,AA,N,2283,9285.0,1599.98,1540.64,9221.0,2278,66.98,400.91,99.04,738,168,121,568.0,130.0,95.0,S,NORTHWEST/ROCKY MOUNTAIN AREA,Y,N,149.9899902,2.0,2.0,WCMB,1.0,0.0,,0.0,M,U,1.0,M,3.0,1.0,B,B,0.0,S,U,U,U,U,U,N,442.0,365-730,1,0.17211906744379685,0.8672884961544756,0.0,7.999999992,9.810178366879398,2480.58,0.4544170137511635,0,0,1,0,0,0,0,0,0,0,0,1,0.8261547,163.94743570232393,45,118.94743570232393,461.10215059161186,65,396.10215059161186,901.7108963627817,85,816.7108963627817
111.505,1041.75,10.0,5.6925,383.25,95.8125,95.8125,0.0,0.0,504.25,61.705,7.0,0.0,6.333333333,0.0,43.66666667,0.0,339.0,0.0,77.33333333,0.0,284.3333333,0.0,0.666666667,6.333333333,5.956666667,34.0,0.0,462.9133333,0.0,199.4833333,76.66666667,55.05333333,17.66666667,48.16333333,315.6666667,0.0,605.0866667,0.0,43.0,0.0,57.31,0.0,13.33333333,339.0,284.3333333,0.0,6.666666667,35,1006422,3,2,N,A,N,6142,14528.0,1836.25,1733.69,14077.0,5912,52.54,426.58,179.15,874,354,91,768.0,307.0,59.0,,DALLAS AREA,Y,N,79.98999023,3.0,3.0,WCMB,0.0,0.0,O,2.0,S,M,1.0,M,7.0,1.0,,B,0.0,N,U,U,U,U,U,Y,348.0,180-365,1,0.10693358906736992,8.710227272727273,0.0,23.333333345,94.70454545454545,3902.6749999999997,0.09636795035280876,1,0,0,0,0,0,0,0,0,1,0,1,0.7657305,163.93494500732425,45,118.93494500732425,461.06703283309935,65,396.06703283309935,901.6421975402833,85,816.6421975402833
117.395,431.75,72.49,0.0,159.25,63.7,39.3,24.4,0.0,-17.75,-12.955,1.333333333,2.0,3.666666667,0.0,19.66666667,0.333333333,88.0,37.66666667,30.66666667,0.0,63.66666667,35.33333333,1.0,7.666666667,7.196666667,13.33333333,1.0,79.88333333,94.89,55.48333333,26.66666667,26.59666667,7.0,13.59666667,61.0,21.33333333,91.45,67.43,30.33333333,14.0,43.91666667,27.46,7.0,125.6666667,99.0,0.0,0.333333333,13,1048122,2,2,U,ZA,N,2232,6896.0,1258.24,1172.46,6861.0,2207,97.71,571.75,183.92,438,135,122,482.0,151.0,89.0,U,NEW ENGLAND AREA,Y,N,129.9899902,1.0,1.0,WCMB,0.0,0.0,,,,U,,,,,,,0.0,O,U,U,U,U,U,N,408.0,365-730,0,0.27127671865973424,0.8667845965437475,0.0,13.0,5.8749489726493405,1526.135,0.3488228593127017,0,0,1,1,1,1,1,1,1,1,1,1,0.7264825,163.74798655319216,45,118.74798655319216,460.54124017000197,65,395.54124017000197,900.6139260425568,85,815.6139260425568
112.75,1126.0,63.725,0.2475,81.0,39.1875,39.1875,0.0,0.0,-854.0,128.59,0.0,0.0,0.0,0.0,0.0,0.0,0.0,0.0,0.0,0.0,0.0,0.0,0.0,0.0,0.0,0.0,0.0,0.0,0.0,0.0,0.0,0.0,0.0,0.0,0.0,0.0,0.0,0.0,0.0,0.0,0.0,0.0,0.0,0.0,0.0,0.0,0.0,13,1068100,2,1,U,AA,N,4934,15890.0,1031.94,822.63,14717.0,4576,74.78,1337.91,416.0,1411,425,70,1385.0,407.0,73.0,S,LOS ANGELES AREA,Y,N,199.9899902,2.0,2.0,WCMB,0.0,0.0,,3.0,M,S,1.0,M,3.0,1.0,C,D,1.0,O,U,U,U,U,U,Y,372.0,365-730,1,0.10004436557231589,0.6054461181923523,0.0,0.0,17.396678254152185,1465.75,0.6228798267773367,0,0,1,0,0,0,0,0,0,0,0,1,0.7562137,163.70515570640566,45,118.70515570640566,460.42074370384216,65,395.42074370384216,900.3783563852311,85,815.3783563852311
125.5275,944.5,69.99,1.2375,203.5,61.05,61.05,0.0,0.0,6.5,-6.6975,5.333333333,0.0,32.0,0.0,35.66666667,0.0,355.0,0.0,59.66666667,0.0,283.6666667,0.0,0.333333333,3.333333333,3.156666667,26.66666667,1.0,383.36,0.0,112.13,121.6666667,101.1466667,15.66666667,36.25666667,196.6666667,0.0,270.0533333,0.0,143.6666667,0.0,225.4366667,0.0,37.33333333,355.0,283.6666667,0.0,3.666666667,15,1056485,2,2,N,AA,N,5085,12187.0,1331.07,1097.85,12187.0,5085,78.42,870.5,363.21,942,433,128,864.0,388.0,108.0,,ATLANTIC SOUTH AREA,Y,R,79.98999023,2.0,1.0,WCMB,0.0,0.0,,,,U,,,,,,,0.0,N,U,U,U,U,U,N,147.0,<180,1,0.13276308831306188,0.8599802789125229,0.0,4.9999999950000005,13.304690801521343,1882.9125000000001,0.45593115119001204,1,0,1,1,1,1,1,1,1,1,1,0,0.6785593,163.54148722743992,45,118.54148722743992,459.9604178631306,65,394.9604178631306,899.4781797509195,85,814.4781797509195
117.49,384.0,29.99,0.0,250.0,87.5,87.5,0.0,0.0,0.0,0.0,4.0,0.0,1.0,0.0,27.0,0.0,169.3333333,0.0,32.33333333,0.0,138.0,0.0,0.0,0.0,0.0,24.66666667,0.0,81.76333333,0.0,21.70333333,1.333333333,0.693333333,0.0,0.0,99.33333333,0.0,70.68,0.0,54.33333333,0.0,32.78666667,0.0,5.0,169.3333333,138.0,0.0,0.0,30,1099987,1,1,U,EA,N,2686,3405.0,939.73,902.54,3373.0,2663,42.98,160.62,126.81,128,99,35,135.0,106.0,34.0,U,LOS ANGELES AREA,Y,N,59.98999023,2.0,2.0,WCMB,0.0,0.0,R,1.0,M,M,1.0,M,2.0,,C,A,0.0,S,U,U,U,U,U,Y,489.0,365-730,1,0.30516883116883115,2.8234914488544693,0.0,0.0,12.39109390125847,3524.7,0.26154105831715757,0,0,0,0,0,0,0,0,1,0,0,1,0.7244181,163.4148064022064,45,118.41480640220641,459.6041780209541,65,394.6041780209541,898.7814352121353,85,813.7814352121353
105.36,423.25,29.99,4.2075,191.25,66.9375,66.9375,0.0,0.0,-94.25,-33.57,2.333333333,0.0,0.0,0.0,12.66666667,0.0,96.0,0.0,28.66666667,0.0,82.33333333,0.0,0.0,0.0,0.0,13.0,0.0,180.9766667,0.0,59.02,10.66666667,4.203333333,1.333333333,4.07,77.66666667,0.0,198.6133333,0.0,22.0,0.0,41.38333333,0.0,2.333333333,96.0,82.33333333,0.0,0.0,50,1001149,1,1,N,A,N,6415,16353.47,3268.84,3202.08,16199.47,6332,69.61,352.16,137.65,455,140,116,357.0,113.0,96.0,U,CALIFORNIA NORTH AREA,N,R,9.989997864,4.0,2.0,,0.0,0.0,O,2.0,M,U,2.0,M,7.0,2.0,C,B,0.0,N,Y,U,U,U,U,Y,934.0,730+,1,0.24834413671184444,2.159970958373669,0.0,0.0,13.657631494030333,5268.0,0.3164586045799188,0,1,0,0,0,0,0,0,0,0,0,1,0.8076799,163.3865344848633,45,118.38653448486329,459.5246533584595,65,394.5246533584595,898.6259396667481,85,813.6259396667481
219.0425,1876.5,149.99,20.295,171.25,42.8125,42.8125,0.0,2.695,-166.5,-42.2825,11.33333333,0.0,10.66666667,0.0,110.0,0.0,572.0,0.0,136.6666667,0.0,445.0,0.0,1.0,9.333333333,8.873333333,55.33333333,0.0,741.3366667,0.0,510.99,81.0,169.8,6.0,34.88,362.0,0.0,770.66,0.0,211.0,0.0,481.6666667,0.0,22.0,572.0,445.0,0.0,9.0,27,1014277,2,2,U,A,N,15576,51448.0,7577.61,7419.43,51448.0,15576,285.36,1978.77,599.08,1932,698,233,1656.0,583.0,200.0,C,MIDWEST AREA,Y,N,199.9899902,2.0,2.0,WCMB,0.0,0.0,,,,U,,,,,,,0.0,N,U,U,U,U,U,N,335.0,180-365,1,0.11666711051930759,0.2835452678985363,0.0014354194407456724,27.0,12.427975362606794,5914.1475,0.4379155579080171,0,0,1,1,1,1,1,1,1,1,1,1,0.38790384,163.13746350097657,45,118.13746350097657,458.82411609649654,65,393.82411609649654,897.2560492553712,85,812.2560492553712
105.54,486.25,39.99,0.0,186.25,65.1875,65.1875,0.0,0.0,244.75,85.3,9.333333333,0.0,45.0,0.0,15.66666667,0.0,239.3333333,0.0,44.66666667,0.0,171.3333333,0.0,1.333333333,8.333333333,7.79,19.66666667,1.0,315.7866667,0.0,94.82333333,30.66666667,19.88333333,0.0,0.0,132.3333333,0.0,257.8966667,0.0,81.66666667,0.0,152.7166667,0.0,54.33333333,239.3333333,171.3333333,0.0,3.0,12,1051983,2,1,U,AA,N,1391,3941.0,741.98,686.66,3878.0,1381,62.42,352.55,125.55,405,165,77,336.0,127.0,60.0,C,ATLANTIC SOUTH AREA,Y,R,79.98999023,2.0,2.0,WCMB,0.0,0.0,O,,M,B,1.0,M,4.0,2.0,C,,0.0,N,U,U,U,U,U,Y,240.0,180-365,1,0.21660338635197537,1.5903269090021956,0.0,15.999999996,11.862649426689435,1266.48,0.25486406526618943,0,0,0,1,0,0,0,0,0,0,1,0,0.80441564,163.00421181106572,45,118.00421181106572,458.4493897533417,65,393.4493897533417,896.5231649608614,85,811.5231649608614
96.365,832.5,44.99,0.0,28.75,11.5,11.5,0.0,0.0,-402.5,7.085,26.33333333,0.0,4.0,0.0,133.3333333,0.0,308.0,0.0,104.3333333,0.0,147.0,0.0,0.0,0.0,0.0,91.33333333,0.333333333,526.1566667,0.0,69.79,1.0,0.553333333,1.0,0.333333333,41.0,0.0,82.68333333,0.0,199.3333333,0.0,513.2633333,0.0,30.33333333,308.0,147.0,0.0,0.666666667,13,1068190,1,1,U,BA,N,3143,9776.0,1146.97,1036.99,9769.0,3139,86.42,814.08,261.58,967,236,94,872.0,231.0,76.0,C,GREAT LAKES AREA,Y,N,199.9899902,2.0,1.0,WCMB,0.0,0.0,O,5.0,,S,3.0,M,7.0,2.0,,,0.0,O,U,U,U,U,U,Y,376.0,365-730,1,0.11561487702459508,0.2500543596434007,0.0,0.0,18.101761252446185,1252.745,0.7999652113411028,0,0,0,0,1,0,0,0,0,1,1,1,0.88002986,162.8238355474472,45,117.8238355474472,457.9420432209968,65,392.9420432209968,895.5310955109596,85,810.5310955109596
127.485,1273.25,69.99,0.495,182.5,73.0,73.0,0.0,0.0,-206.25,-7.895,19.33333333,0.0,1.0,0.0,25.0,0.0,257.0,0.0,190.0,0.0,219.0,0.0,2.666666667,2.666666667,1.91,49.0,1.333333333,406.93,0.0,582.4566667,66.0,90.80666667,16.66666667,58.42666667,179.6666667,0.0,485.32,0.0,204.3333333,0.0,504.0633333,0.0,20.33333333,257.0,219.0,0.0,7.666666667,11,1091133,1,1,U,BA,N,4048,12163.0,1176.2,1090.32,12156.0,4045,109.03,1215.6,404.5,1342,417,130,1403.0,439.0,122.0,T,CHICAGO AREA,N,N,129.9899902,1.0,1.0,WCMB,1.0,0.0,O,5.0,S,M,6.0,M,8.0,3.0,C,A,0.0,N,U,U,U,U,Y,Y,312.0,180-365,0,0.10004708652148323,1.0283138470207072,0.0,29.333333337,17.935624735878292,1402.335,0.21299342926209844,0,0,0,0,0,0,0,0,0,0,0,0,0.66504824,162.78466102123264,45,117.78466102123264,457.83186672091483,65,392.83186672091483,895.3156356167794,85,810.3156356167794
137.4975,1506.25,63.9475,4.2075,127.0,38.6,38.6,0.0,0.0,17.75,101.2725,27.0,0.0,68.33333333,0.0,81.66666667,0.0,479.3333333,0.0,136.6666667,0.0,314.6666667,0.0,7.666666667,19.33333333,16.01666667,51.66666667,0.0,657.3433333,0.0,322.14,121.3333333,141.6733333,48.33333333,103.5433333,228.0,0.0,426.0466667,0.0,211.0,0.0,553.44,0.0,95.33333333,479.3333333,314.6666667,0.0,8.0,13,1049510,1,1,U,EA,N,2946,8715.0,700.15,700.15,8626.0,2927,58.35,718.83,243.92,1500,508,104,1083.0,346.0,77.0,,MIDWEST AREA,Y,N,149.9899902,2.0,1.0,WCMB,0.0,0.0,,,,U,,,,,,,0.0,N,U,U,U,U,U,N,199.0,180-365,1,0.0912240835959529,0.5943261865352786,0.0,99.666666671,23.191808768620813,1787.4675,0.10797978314153014,1,0,1,1,1,1,1,1,1,1,1,1,0.6163524,162.71406440448763,45,117.71406440448763,457.6333553105593,65,392.6333553105593,894.927354224682,85,809.927354224682
117.7075,719.0,79.1825,2.2275,115.75,46.2975,46.2,0.0975,0.0,143.0,59.2725,0.0,0.0,0.0,0.0,0.0,0.0,0.0,0.0,0.0,0.0,0.0,0.0,0.0,0.0,0.0,0.0,0.0,0.0,0.0,0.0,0.0,0.0,0.0,0.0,0.0,0.0,0.0,0.0,0.0,0.0,0.0,0.0,0.0,0.0,0.0,0.0,0.0,11,1069870,2,2,U,AA,N,2067,7965.0,1126.43,1046.45,7813.0,2048,116.27,868.11,227.56,671,202,98,683.0,199.0,93.0,,DALLAS AREA,Y,N,129.9899902,1.0,1.0,WCMB,,,,,,,,,,,,,,,,,,,,,321.0,180-365,0,0.1634826388888889,0.5774015527078851,0.0,0.0,8.967043931032332,1294.7825,0.6339539848197344,1,0,1,1,1,1,1,1,1,1,1,1,0.71948993,162.6035779519081,45,117.60357795190811,457.3225700056553,65,392.3225700056553,894.3196787354946,85,809.3196787354946
106.5775,1049.75,49.99,0.0,181.25,54.375,54.375,0.0,0.0,338.25,55.3125,11.33333333,0.0,35.33333333,0.0,143.3333333,0.0,463.3333333,0.0,264.6666667,0.0,280.0,0.0,0.0,0.0,0.0,143.6666667,0.333333333,307.5933333,0.0,366.71,52.0,35.78333333,27.66666667,39.75,150.0,0.0,217.9766667,0.0,386.6666667,0.0,456.3233333,0.0,46.66666667,463.3333333,280.0,0.0,6.666666667,14,1047417,3,3,Y,BA,N,3615,7377.0,828.8,719.46,7222.0,3542,59.96,601.83,295.17,937,469,88,904.0,427.0,70.0,,ATLANTIC SOUTH AREA,N,N,29.98999023,1.0,1.0,WC,0.0,0.0,,,,U,,,,,,,0.0,H,U,U,U,U,U,N,415.0,365-730,0,0.10142993100166547,1.066385565797215,0.0,0.0,20.587370072563246,1492.085,0.48393679115455807,1,0,1,1,1,1,1,1,1,1,1,1,0.79424584,162.5255648326874,45,117.5255648326874,457.10317650198937,65,392.10317650198937,893.8906065797806,85,808.8906065797806
124.81,738.0,50.0,0.99,226.5,67.9725,67.875,0.0975,2.755,197.0,39.49,15.0,0.0,1.0,0.0,26.66666667,0.0,179.0,0.333333333,54.33333333,0.0,139.6666667,0.333333333,0.333333333,0.666666667,0.656666667,30.0,0.333333333,399.65,0.14,122.94,26.0,29.01333333,0.0,0.0,136.0,0.0,444.6333333,0.0,38.33333333,0.333333333,77.96,0.14,16.0,179.3333333,140.0,0.0,0.333333333,17,1042577,1,1,U,AA,N,2098,7607.0,1220.92,1164.47,7555.0,2085,72.78,472.19,130.31,672,217,112,627.0,186.0,97.0,C,NEW YORK CITY AREA,Y,N,79.98999023,1.0,1.0,WCMB,0.0,0.0,,,,U,,,,,,,0.0,S,U,U,U,U,U,N,523.0,365-730,0,0.16889039242219214,1.3327941176470588,0.0037280108254397833,5.666666661,14.470588235294118,2121.77,0.3750758425885844,0,0,1,1,1,1,1,1,1,1,1,1,0.6781975,162.52000381469728,45,117.52000381469728,457.0875107288361,65,392.0875107288361,893.8600209808351,85,808.8600209808351
113.8325,945.5,39.99,0.0,218.5,76.575,75.6,0.975,7.2675,369.5,201.5675,7.333333333,0.0,1.0,0.0,38.33333333,0.0,236.3333333,1.333333333,115.6666667,0.0,193.3333333,1.333333333,4.666666667,8.0,4.906666667,59.0,0.0,348.7033333,2.596666667,346.2,87.66666667,91.19,11.0,26.54333333,97.0,0.0,183.2066667,0.0,178.6666667,1.333333333,511.6966667,2.596666667,8.333333333,237.6666667,194.6666667,0.0,1.333333333,11,1078187,3,1,U,AA,N,1481,4230.0,532.19,501.66,4230.0,1481,50.17,423.0,148.1,822,273,47,569.0,201.0,39.0,S,NEW ENGLAND AREA,Y,R,129.9899902,2.0,2.0,WCMB,1.0,0.0,O,3.0,S,M,5.0,M,8.0,3.0,,,0.0,N,U,U,U,U,Y,Y,219.0,180-365,1,0.12026677231907025,1.8681385703830202,0.007678288431061807,51.333333337000006,23.066601610148815,1252.1575,0.1327174317709795,0,0,0,0,0,0,0,0,0,1,1,1,0.74333125,162.46128075647354,45,117.46128075647354,456.9223996222019,65,391.9223996222019,893.5370441606044,85,808.5370441606044
119.0125,939.25,49.99,4.455,179.0,71.5775,70.7,0.8775,0.0,712.75,162.2675,5.666666667,0.0,0.333333333,0.0,60.33333333,0.0,275.6666667,1.666666667,60.0,0.0,209.3333333,1.666666667,13.33333333,61.33333333,53.53,36.0,0.0,403.6033333,0.57,83.57,43.33333333,21.68333333,17.66666667,20.96666667,146.3333333,1.0,289.1433333,0.52,112.6666667,0.666666667,198.03,0.05,6.0,277.3333333,211.0,0.0,1.0,27,1023149,3,2,U,U,N,3102,8193.0,1441.97,1409.98,8191.0,3101,54.23,315.04,119.27,702,286,65,688.0,258.0,71.0,C,CALIFORNIA NORTH AREA,T,N,99.98999023,2.0,2.0,WCMB,0.0,0.0,,0.0,,B,1.0,M,3.0,,C,,0.0,S,U,U,U,U,U,N,216.0,180-365,1,0.12657537888859346,1.4037556383604628,0.0,359.99999991,18.420278485977644,3213.3375,0.06354415368754078,0,0,1,0,1,0,0,0,1,0,1,0,0.7107763,162.41523883104327,45,117.41523883104327,456.79285211861134,65,391.79285211861134,893.283813570738,85,808.283813570738
117.8275,654.0,104.99,0.99,47.0,11.75,11.75,0.0,0.0975,-653.0,-12.8375,5.0,0.0,8.0,0.0,25.66666667,0.0,253.3333333,0.0,44.33333333,0.0,215.6666667,0.0,0.333333333,0.333333333,0.193333333,21.0,0.333333333,496.9266667,0.0,130.04,45.0,48.51666667,7.333333333,14.03666667,174.6666667,0.0,412.46,0.0,80.33333333,0.0,214.5066667,0.0,13.0,253.3333333,215.6666667,0.0,4.333333333,26,1016701,3,3,U,A,N,6215,20798.0,3377.32,3308.34,20634.0,6128,137.85,859.75,255.33,872,274,122,1072.0,310.0,149.0,U,MIDWEST AREA,Y,N,149.9899902,5.0,3.0,WCMB,0.0,0.0,O,1.0,S,U,2.0,M,4.0,,,A,0.0,N,U,U,U,U,U,N,251.0,180-365,1,0.17988931297709923,0.1108595150485895,0.00014885496183206107,8.666666658,6.170393433342769,3063.515,0.692428300937241,0,0,0,0,0,0,0,0,1,1,0,1,0.7175712,162.33527799296382,45,117.33527799296382,456.56796584367754,65,391.56796584367754,892.844028961301,85,807.844028961301
176.4225,2776.0,49.99,1.7325,291.75,116.7,116.7,0.0,0.0,861.0,132.9375,30.33333333,0.0,9.666666667,0.0,88.66666667,0.0,475.0,0.0,70.66666667,0.0,354.0,0.0,4.333333333,7.0,4.94,23.66666667,6.0,1350.556667,0.0,297.4533333,47.33333333,69.66,19.66666667,52.97,187.6666667,0.0,375.1366667,0.0,226.6666667,0.0,1232.876667,0.0,40.0,475.0,354.0,0.0,5.333333333,9,1094682,1,1,U,BA,N,3539,16155.0,1026.37,932.49,16148.0,3533,116.56,2018.5,441.63,2489,523,132,2349.0,479.0,135.0,T,ATLANTIC SOUTH AREA,Y,N,149.9899902,1.0,1.0,WCMB,0.0,0.0,,2.0,S,M,2.0,M,7.0,,I,A,0.0,S,U,U,U,U,U,Y,262.0,180-365,0,0.06352988836874325,2.2886840556971957,0.0,38.999999996999996,54.442047460286325,1587.8025000000002,0.13119886101059217,0,0,1,0,0,0,0,0,1,0,0,0,0.47831172,162.01910541129115,45,117.01910541129115,455.67873922705655,65,390.67873922705655,891.1050797621014,85,806.1050797621014
120.3825,1406.0,44.9925,2.97,193.0,67.55,67.55,0.0,4.87,479.0,22.1775,5.333333333,0.0,1.333333333,0.0,50.33333333,0.0,235.0,0.0,30.33333333,0.0,178.3333333,0.0,8.666666667,17.33333333,11.50333333,13.0,0.0,840.7566667,0.0,140.4633333,13.33333333,12.95666667,1.0,6.553333333,102.3333333,0.0,548.46,0.0,102.3333333,0.0,432.76,0.0,6.666666667,235.0,178.3333333,0.0,0.0,7,1096815,3,1,U,AA,N,1130,5531.0,642.98,551.06,5264.0,1078,91.84,877.33,179.67,1246,248,113,877.0,180.0,92.0,,CALIFORNIA NORTH AREA,Y,N,29.98999023,1.0,1.0,,0.0,0.0,,,,S,2.0,M,,1.0,I,,0.0,H,U,U,U,U,U,Y,201.0,180-365,0,0.0855597014925373,1.4687177257161492,0.003461265103056148,60.666666668999994,30.57020166331467,842.6775,0.08980381500382849,1,1,1,1,1,0,0,1,0,0,1,0,0.70011115,161.81977994441988,45,116.81977994441988,455.1181454443931,65,390.1181454443931,890.0087896943093,85,805.0087896943093
121.1825,447.25,47.615,0.2475,186.0,74.4,74.4,0.0,3.92,-329.25,-55.5125,10.0,0.0,1.666666667,0.0,33.33333333,0.0,147.3333333,0.0,122.3333333,0.0,108.6666667,0.0,0.0,0.0,0.0,63.33333333,0.333333333,93.47666667,0.0,449.1233333,25.66666667,23.07666667,13.0,13.48,145.6666667,0.0,477.34,0.0,66.33333333,0.0,65.26,0.0,11.66666667,147.3333333,108.6666667,0.0,2.333333333,25,1029116,2,2,U,BA,N,2380,5364.0,1306.29,1273.3,5340.0,2368,53.05,222.5,98.67,557,175,139,467.0,170.0,105.0,U,NEW ENGLAND AREA,N,N,129.9899902,2.0,2.0,WCMB,0.0,0.0,O,6.0,M,B,1.0,M,1.0,1.0,A,B,0.0,H,U,U,U,U,U,Y,311.0,180-365,1,0.270345789180145,1.5303918543659365,0.008745119910764083,0.0,9.19983544173609,3029.5625,0.3951957078405072,0,0,0,0,0,0,0,0,0,0,0,0,0.69540733,161.8006926188469,45,116.80069261884691,455.06448410570624,65,390.06448410570624,889.903809403658,85,804.903809403658
169.125,1720.75,85.1925,6.6825,178.75,71.5,71.5,0.0,0.0,-508.75,-71.235,26.33333333,0.0,384.3333333,1.0,352.3333333,0.0,1125.666667,1.0,135.0,0.0,371.6666667,0.0,17.0,56.33333333,44.91333333,54.33333333,0.666666667,665.58,0.0,622.9033333,21.33333333,16.05,3.666666667,18.42333333,303.6666667,0.0,604.7433333,0.0,194.0,0.0,683.74,0.0,411.6666667,1126.666667,371.6666667,0.0,8.333333333,7,1091723,1,1,U,EA,Y,2436,7535.0,867.19,777.31,7526.0,2430,155.46,1505.2,486.0,1890,554,193,,,,,ATLANTIC SOUTH AREA,N,N,129.9899902,1.0,1.0,WCMB,,,,,,,,,,,,,,,,,,,,,200.0,180-365,0,0.09822854653695368,0.8295385329350002,0.0,119.0,19.964033993676946,1183.875,0.05310804607616307,1,0,1,1,1,1,1,1,1,1,1,0,0.4979228,161.6854909658432,45,116.6854909658432,454.74049374461174,65,389.74049374461174,889.2702003121377,85,804.2702003121377
105.2175,1124.75,60.11,2.2275,140.25,50.135,41.75,8.385,0.0,-426.75,-53.2475,24.66666667,1.0,0.666666667,0.0,54.33333333,0.0,297.3333333,9.0,104.3333333,0.0,226.3333333,8.0,0.0,0.0,0.0,63.33333333,0.666666667,307.7633333,10.30666667,165.4866667,53.66666667,59.49666667,17.66666667,48.47666667,130.3333333,5.666666667,203.35,7.303333333,176.3333333,2.333333333,269.9033333,3.003333333,26.33333333,306.3333333,234.3333333,0.0,1.0,15,1042296,3,3,N,AA,N,5038,12454.0,1330.16,1267.28,12424.0,5031,90.52,887.43,359.36,1267,449,123,948.0,351.0,107.0,U,NEW YORK CITY AREA,N,N,129.9899902,2.0,2.0,WCMB,0.0,0.0,,,,U,,,,,,,0.0,H,U,U,U,U,U,N,143.0,<180,1,0.09346435709526982,0.8204058255604647,0.0,0.0,18.405334642448043,1578.2625,0.5493280596880759,0,0,1,1,1,1,1,1,1,1,1,1,0.8002741,161.66945581483844,45,116.66945581483844,454.6953507506847,65,389.6953507506847,889.1820069816114,85,804.1820069816114
104.99,132.75,114.99,0.0,0.0,0.0,0.0,0.0,0.0,-126.75,0.0,0.0,0.0,1.333333333,0.0,5.0,0.0,19.0,0.0,4.333333333,0.0,12.66666667,0.0,0.333333333,0.333333333,0.26,3.333333333,0.0,33.03333333,0.0,3.256666667,3.666666667,3.396666667,2.0,1.443333333,12.66666667,0.0,28.01666667,0.0,4.333333333,0.0,8.28,0.0,1.333333333,19.0,12.66666667,0.0,0.0,13,1084446,2,2,U,BA,N,1623,4668.0,1221.42,1115.09,4667.0,1622,101.37,424.27,147.45,175,59,105,387.0,130.0,105.0,C,CHICAGO AREA,Y,N,149.9899902,1.0,1.0,WCMB,0.0,0.0,O,4.0,S,U,5.0,M,5.0,2.0,C,A,0.0,B,U,Y,U,U,U,Y,366.0,365-730,0,0.7849719626168223,0.0,0.0,4.333333329,1.1444952151047505,1364.87,0.7500000001874999,0,0,0,0,0,0,0,0,0,0,0,1,0.80185,161.6375767002106,45,116.63757670021059,454.6056907272339,65,389.6056907272339,889.0066718511582,85,804.0066718511582
233.2125,2122.5,84.99,12.87,578.5,144.625,144.625,0.0,0.7275,-543.5,-122.5325,10.33333333,0.0,0.333333333,0.0,171.6666667,0.0,778.6666667,0.0,434.0,0.0,600.0,0.0,6.0,43.66666667,40.44,245.3333333,0.0,748.0033333,0.0,683.55,146.3333333,88.11666667,61.66666667,80.23666667,725.3333333,0.0,1110.51,0.0,224.6666667,0.0,321.0433333,0.0,10.66666667,778.6666667,600.0,0.0,0.666666667,37,1098595,2,2,U,B,N,16284,31658.0,4300.89,4161.14,30759.0,15820,244.77,1809.35,930.59,2304,1048,274,2118.0,1020.0,244.0,S,LOS ANGELES AREA,Y,R,99.98999023,3.0,3.0,WCMB,0.0,0.0,O,2.0,,S,2.0,M,9.0,1.0,C,,0.0,H,U,U,U,U,U,Y,174.0,<180,1,0.10982458205792324,1.6818816141411792,0.00034259477278078646,222.0,24.68310268635888,8628.862500000001,0.11518240451138897,0,0,0,0,1,0,0,0,0,0,1,0,0.3609835,161.636864669323,45,116.63686466932299,454.6036957830191,65,389.6036957830191,889.0027556812764,85,804.0027556812764
147.7425,817.5,34.5925,0.99,294.5,104.65,104.65,0.0,0.0,-817.5,-147.7425,4.333333333,0.0,0.0,0.0,63.66666667,0.0,279.0,0.0,116.3333333,0.0,212.0,0.0,2.333333333,3.0,1.563333333,90.33333333,1.0,311.0433333,0.0,86.64,51.33333333,40.51666667,17.33333333,14.83666667,132.3333333,0.0,161.6466667,0.0,172.6666667,0.0,236.0333333,0.0,4.333333333,279.0,212.0,0.0,6.333333333,19,1037193,3,2,U,BA,N,8087,11317.0,1410.38,1366.52,11310.0,8084,75.92,628.33,449.11,1090,599,197,883.0,544.0,130.0,U,LOS ANGELES AREA,Y,N,149.9899902,3.0,1.0,WCMB,0.0,0.0,O,5.0,,U,2.0,M,8.0,2.0,,,0.0,O,U,U,U,U,U,Y,126.0,<180,1,0.18050397067806964,2.9402261712439417,0.0,44.333333327000005,22.96832197794479,2807.1075,0.15939914163937066,0,0,0,0,1,0,0,0,0,1,1,0,0.5697166,161.6089990782738,45,116.6089990782738,454.52531871378426,65,389.52531871378426,888.8494949305059,85,803.8494949305059
150.915,730.25,33.7425,1.2375,245.5,85.935,85.8375,0.0975,0.0,5.75,61.425,6.666666667,0.0,7.333333333,0.0,10.0,0.333333333,85.66666667,0.333333333,47.0,0.0,64.66666667,0.0,3.333333333,5.0,3.356666667,15.0,0.0,261.43,0.0,222.1466667,8.666666667,10.71,0.0,0.0,71.0,0.0,338.15,0.0,37.33333333,0.0,145.4266667,0.0,14.0,86.0,64.66666667,0.0,0.666666667,11,1079011,1,1,U,CA,Y,1072,5943.0,994.37,928.76,5937.0,1070,92.88,593.7,107.0,728,119,131,666.0,112.0,107.0,R,DC/MARYLAND/VIRGINIA AREA,Y,N,199.9899902,1.0,1.0,WCMB,0.0,0.0,O,10.0,S,U,4.0,M,1.0,2.0,I,A,0.0,Z,U,U,U,U,U,Y,320.0,180-365,0,0.20637948717948718,2.4734834856443837,0.0,36.666666663,21.018924947830467,1660.0649999999998,0.14691154862004288,0,0,0,0,0,0,0,0,0,0,0,0,0.5562984,161.19124277973174,45,116.19124277973174,453.35037931323046,65,388.35037931323046,886.5518352885247,85,801.5518352885247
138.6975,606.75,39.98,3.465,255.5,89.425,89.425,0.0,2.5775,275.25,57.8225,2.0,0.0,3.333333333,0.0,48.66666667,0.0,258.0,0.0,27.66666667,0.0,204.3333333,0.0,0.0,0.0,0.0,11.33333333,0.0,277.5966667,0.0,62.31333333,41.33333333,32.5,0.666666667,0.49,155.6666667,0.0,238.9466667,0.0,76.0,0.0,100.9633333,0.0,5.333333333,258.0,204.3333333,0.0,2.0,27,1019405,1,1,Y,AA,N,3716,8104.0,1773.15,1726.29,8009.0,3664,69.05,320.36,146.56,515,231,119,418.0,203.0,90.0,,TENNESSEE AREA,Y,N,59.98999023,1.0,1.0,WCMB,1.0,0.0,,5.0,S,M,2.0,M,6.0,1.0,G,A,0.0,G,U,U,U,U,U,Y,794.0,730+,0,0.22821472645002056,2.182162030258663,0.004241053064582476,0.0,14.806002928257687,3744.8324999999995,0.314251754150531,1,0,1,0,0,0,0,0,0,0,0,0,0.60528755,161.18759083557129,45,116.18759083557129,453.34009922504424,65,388.34009922504424,886.531749595642,85,801.531749595642
125.1025,997.75,94.99,3.96,100.5,25.125,25.125,0.0,11.0275,-966.75,-40.1125,12.0,0.0,2.333333333,0.0,44.0,0.0,325.0,0.0,123.3333333,0.0,269.6666667,0.0,1.0,3.333333333,3.133333333,60.33333333,0.0,631.8133333,0.0,378.6933333,55.33333333,42.29,5.0,20.24,274.0,0.0,863.3033333,0.0,84.0,0.0,147.2033333,0.0,14.33333333,325.0,269.6666667,0.0,2.0,12,1084856,1,1,Y,EA,Y,5560,17916.0,1569.4,1462.08,17881.0,5552,132.92,1625.55,504.73,1320,345,139,1456.0,398.0,136.0,C,GREAT LAKES AREA,Y,N,199.9899902,1.0,1.0,WCMB,0.0,0.0,,,,U,,,,,,,0.0,N,U,U,U,U,U,N,364.0,180-365,0,0.1252590738423029,0.2617460152099177,0.011041301627033793,12.0,10.394311907490364,1501.23,0.44213629349853756,0,0,1,1,1,1,1,1,1,1,1,1,0.6707271,161.10650165557865,45,116.10650165557865,453.1120359063149,65,388.1120359063149,886.0857591056825,85,801.0857591056825
165.63,2352.5,59.83,0.495,281.25,111.8525,86.6,25.2525,4.4525,364.5,-77.57,10.33333333,0.333333333,6.0,2.333333333,59.0,0.0,252.6666667,40.0,60.0,0.0,178.3333333,37.33333333,18.33333333,32.0,18.87666667,19.33333333,0.0,1181.506667,36.08666667,431.1633333,24.33333333,18.01666667,11.33333333,17.63333333,65.66666667,20.66666667,218.0233333,13.18,171.6666667,16.66666667,1354.65,22.90666667,19.0,292.6666667,215.6666667,0.666666667,1.666666667,10,1093994,1,1,U,DA,Y,2090,12714.0,1022.55,932.67,12598.0,2072,116.58,1574.75,259.0,2231,291,191,1788.0,264.0,128.0,T,ATLANTIC SOUTH AREA,Y,N,199.9899902,1.0,1.0,WCMB,0.0,0.0,,,,U,,,,,,,0.0,H,U,U,U,U,U,N,276.0,180-365,0,0.07037603569152326,1.8387719875061648,0.0018918631824941575,183.3333333,38.673351964491204,1656.3,0.04723195851350454,0,0,1,1,1,1,1,1,1,1,1,0,0.5060206,160.9194040489197,45,115.91940404891969,452.58588312149044,65,387.58588312149044,885.0567222690584,85,800.0567222690584
110.365,197.75,38.8675,0.2475,0.0,0.0,0.0,0.0,0.0,-197.75,30.125,0.333333333,0.0,0.0,0.0,14.66666667,0.0,69.0,0.0,7.0,0.0,54.0,0.0,0.0,0.0,0.0,4.0,0.666666667,171.0166667,0.0,22.42666667,10.66666667,8.606666667,0.666666667,0.656666667,42.0,0.0,110.8466667,0.0,17.66666667,0.0,82.59666667,0.0,0.333333333,69.0,54.0,0.0,0.0,24,1021467,2,2,U,CA,N,2715,7566.0,1389.2,1288.16,7243.0,2588,61.34,344.9,123.24,264,74,100,176.0,54.0,76.0,,SOUTHWEST AREA,Y,R,9.989997864,2.0,2.0,,0.0,0.0,O,,,S,1.0,M,9.0,,,,0.0,N,U,U,U,U,U,N,416.0,365-730,1,0.5552955974842767,0.0,0.0,0.0,4.960180598231642,2648.7599999999998,1.0,1,1,0,1,1,0,0,0,1,1,1,1,0.75937545,160.91227441024782,45,115.91227441024782,452.5657980918884,65,387.5657980918884,885.0175092563629,85,800.0175092563629
153.5375,658.25,37.5,0.2475,312.0,109.85,103.5125,6.3375,0.0,-67.25,-37.5175,6.0,0.0,7.0,0.0,53.66666667,1.666666667,260.0,6.0,53.33333333,0.0,194.0,4.333333333,2.333333333,15.66666667,14.36,30.33333333,0.0,290.9066667,13.61333333,122.8866667,33.66666667,13.79666667,3.333333333,5.28,112.3333333,2.0,158.86,5.013333333,134.3333333,2.333333333,254.9333333,8.6,13.0,266.0,198.3333333,0.333333333,1.0,23,1033123,1,1,N,ZA,N,3619,7689.0,1642.64,1610.7,7678.0,3611,76.7,365.62,171.95,681,308,166,514.0,256.0,116.0,C,DALLAS AREA,Y,N,149.9899902,3.0,3.0,WCMB,0.0,0.0,,,,U,,,,,,,0.0,H,U,U,U,U,U,N,501.0,365-730,1,0.23289723170269244,2.853246753246753,0.0,53.666666659,17.0974025974026,3531.3624999999997,0.16164019313725164,0,0,1,1,1,1,1,1,1,1,1,1,0.54573363,160.87792016267778,45,115.87792016267778,452.4691596090793,65,387.4691596090793,884.8285608947277,85,799.8285608947277
155.18,1070.25,107.6975,1.7325,141.75,38.8375,38.775,0.0625,7.9125,135.75,10.13,13.66666667,0.0,0.0,0.0,84.0,0.0,388.6666667,3.0,138.0,0.0,294.0,3.0,5.0,29.0,25.8,62.33333333,1.666666667,492.2366667,0.86,295.1433333,61.0,60.37333333,32.33333333,103.37,261.0,0.0,455.8366667,0.0,156.6666667,3.0,331.5433333,0.86,13.66666667,391.6666667,297.0,0.0,7.666666667,15,1070098,2,2,U,AA,N,4494,14053.0,1929.93,1869.95,13950.0,4465,143.84,1073.08,343.46,1025,374,152,1115.0,375.0,154.0,R,ATLANTIC SOUTH AREA,Y,R,99.98999023,2.0,2.0,WCMB,0.0,0.0,,0.0,M,U,1.0,M,1.0,,B,B,0.0,N,U,U,U,U,U,N,271.0,180-365,1,0.14485880980163363,0.35729892591825935,0.007386231038506418,75.0,9.846132615745532,2327.7000000000003,0.15729950906084822,0,0,1,0,0,0,0,0,1,0,0,1,0.539605,160.7729418869019,45,115.77294188690189,452.17388055801393,65,387.17388055801393,884.2511803779604,85,799.2511803779604
150.5625,947.75,50.0,0.0,389.25,97.3125,97.3125,0.0,0.0,667.25,163.4375,0.0,0.0,0.0,0.0,0.0,0.0,0.0,0.0,0.0,0.0,0.0,0.0,0.0,0.0,0.0,0.0,0.0,0.0,0.0,0.0,0.0,0.0,0.0,0.0,0.0,0.0,0.0,0.0,0.0,0.0,0.0,0.0,0.0,0.0,0.0,0.0,0.0,36,1004380,2,2,N,A,N,9982,23677.0,3021.36,2964.42,23643.0,9970,84.7,675.51,284.86,725,280,96,738.0,287.0,98.0,S,MIDWEST AREA,Y,R,99.98999023,2.0,2.0,WCMB,1.0,0.0,O,2.0,S,M,1.0,M,6.0,2.0,C,A,0.0,N,U,U,U,U,U,Y,314.0,180-365,1,0.15869565217391304,1.9080882352941178,0.0,0.0,18.583333333333332,5420.25,0.3438685208596713,0,0,0,0,0,0,0,0,0,0,0,1,0.5561371,160.76810277700426,45,115.76810277700426,452.1603339314461,65,387.1603339314461,884.2245652735234,85,799.2245652735234
189.0875,2208.0,105.395,4.455,234.5,72.9625,72.9625,0.0,3.525,142.0,-39.3175,37.33333333,0.0,2.666666667,0.0,225.3333333,0.0,763.6666667,1.0,512.3333333,0.0,510.3333333,1.0,18.66666667,90.0,78.73,304.3333333,1.666666667,888.4933333,0.056666667,773.51,62.66666667,77.37666667,8.666666667,8.956666667,462.6666667,0.666666667,851.7033333,0.033333333,403.0,0.333333333,810.2966667,0.023333333,40.0,764.6666667,511.3333333,0.0,1.0,11,1079596,1,1,U,CA,Y,5478,15928.0,1531.07,1450.19,15893.0,5460,145.02,1589.3,546.0,2161,856,202,1728.0,681.0,173.0,C,CALIFORNIA NORTH AREA,Y,N,199.9899902,2.0,1.0,WCMB,0.0,0.0,O,1.0,,S,1.0,M,7.0,1.0,A,,0.0,H,U,U,U,U,U,Y,162.0,<180,1,0.0855986871887732,0.6857700079890973,0.0015957446808510637,205.33333337000002,20.752854927393205,2079.9625,0.04913416588989992,0,0,0,0,1,0,0,0,0,0,1,0,0.44281068,160.76154057860376,45,115.76154057860376,452.1418497830629,65,387.1418497830629,884.1884731823206,85,799.1884731823206
133.88,821.25,59.99,1.7325,77.0,23.1225,23.025,0.0975,59.035,-59.25,-37.25,9.666666667,0.0,4.666666667,0.0,27.0,0.0,225.6666667,0.333333333,109.0,0.0,189.3333333,0.333333333,0.0,0.0,0.0,41.66666667,0.0,248.2866667,0.133333333,236.07,18.33333333,16.78333333,3.0,3.366666667,239.0,0.0,397.6933333,0.0,53.66666667,0.333333333,86.66333333,0.133333333,14.33333333,226.0,189.6666667,0.0,5.333333333,15,1059404,2,1,U,BA,N,4546,9233.0,1401.42,1176.47,9233.0,4546,84.03,659.5,324.71,841,364,146,707.0,337.0,106.0,S,ATLANTIC SOUTH AREA,Y,N,149.9899902,1.0,1.0,WCMB,0.0,0.0,,,,U,,,,,,,0.0,N,U,U,U,U,U,N,431.0,365-730,0,0.16282152629978716,0.3791195277914412,0.07179689875342049,0.0,13.465322183964584,2008.1999999999998,0.725100312082033,0,0,1,1,1,1,1,1,1,1,1,1,0.62526965,160.72530357360841,45,115.72530357360841,452.03996417999264,65,387.03996417999264,883.9891696548463,85,798.9891696548463
155.5,1140.25,59.99,2.7225,172.75,52.2075,50.55,1.6575,50.58,298.75,67.25,13.66666667,0.0,6.333333333,0.0,25.66666667,0.0,251.0,0.0,48.0,0.0,206.6666667,0.0,1.666666667,1.666666667,0.546666667,9.333333333,0.0,392.2066667,0.0,136.1466667,101.0,130.12,20.66666667,57.49,186.0,0.0,381.65,0.0,67.33333333,0.0,146.7033333,0.0,20.0,251.0,206.6666667,0.0,1.666666667,17,1059391,1,1,N,AA,N,4525,12338.0,1583.43,1503.45,12320.0,4516,93.97,770.0,282.25,1041,364,133,946.0,336.0,119.0,T,ATLANTIC SOUTH AREA,N,N,,2.0,2.0,WC,0.0,0.0,O,1.0,M,U,2.0,M,7.0,1.0,C,B,0.0,N,U,Y,U,U,U,Y,27.0,<180,1,0.13625410733844467,0.8560009837678308,0.044319824753559695,28.333333339000003,18.69568781767503,2643.5,0.28387577232329353,0,0,0,0,0,0,0,0,0,0,0,0,0.53826386,160.7040602207184,45,115.70406022071839,451.98015546798706,65,386.98015546798706,883.8723312139512,85,798.8723312139512
105.48,771.25,69.99,3.2175,104.5,31.35,31.35,0.0,10.9225,257.75,5.33,9.0,0.0,7.333333333,0.0,49.0,0.0,230.6666667,0.0,61.33333333,0.0,168.0,0.0,0.0,0.0,0.0,26.66666667,0.0,528.7766667,0.0,172.3933333,42.33333333,68.34,13.33333333,22.67333333,179.0,0.0,482.99,0.0,47.33333333,0.0,218.18,0.0,16.33333333,230.6666667,168.0,0.0,1.666666667,11,1077131,2,2,Y,AA,N,1708,5069.0,879.54,849.22,5061.0,1704,84.92,506.1,170.4,685,215,104,588.0,197.0,93.0,R,ATLANTIC SOUTH AREA,Y,N,29.98999023,1.0,1.0,WC,1.0,0.0,O,1.0,S,M,2.0,M,4.0,1.0,C,A,0.0,N,U,U,Y,Y,U,Y,328.0,180-365,0,0.13658789252185174,0.441611494576701,0.0141437358368404,0.0,10.864206226229047,1160.28,0.6936681649403947,0,0,0,0,0,0,0,0,0,0,0,1,0.7929369,160.58684591674808,45,115.58684591674808,451.65052928924564,65,386.65052928924564,883.2276525421144,85,798.2276525421144
117.145,821.5,39.99,0.495,116.25,40.7575,40.075,0.6825,13.8525,-1.5,-30.055,6.333333333,0.0,3.333333333,0.0,26.33333333,0.333333333,182.3333333,1.333333333,39.66666667,0.0,148.6666667,1.0,0.333333333,0.333333333,0.056666667,22.33333333,0.0,264.3966667,1.41,72.4,20.0,15.44,5.333333333,7.563333333,98.33333333,0.666666667,212.9633333,1.3,83.66666667,0.333333333,123.8333333,0.11,9.666666667,183.6666667,149.6666667,0.0,0.0,11,1056214,1,1,U,CA,N,3017,7070.0,1109.79,1026.56,7070.0,3017,102.66,707.0,301.7,822,320,127,818.0,345.0,121.0,S,HOUSTON AREA,Y,R,39.98999023,2.0,2.0,WCMB,1.0,1.0,O,13.0,S,S,6.0,M,2.0,1.0,,A,0.0,O,Y,Y,U,U,U,Y,296.0,180-365,1,0.1424255319148936,0.9943278848499634,0.0168419452887538,3.666666663,20.0414735301293,1288.595,0.42961578443262016,0,0,0,0,0,0,0,0,0,1,0,1,0.7138222,160.55173502063752,45,115.55173502063752,451.5517756927013,65,386.5517756927013,883.0345426135063,85,798.0345426135063
156.1525,2060.75,69.99,0.0,249.0,99.6,99.6,0.0,2.5625,47.25,5.4375,19.0,0.0,2.333333333,0.0,98.0,0.0,339.6666667,0.0,118.3333333,0.0,228.0,0.0,8.333333333,17.66666667,11.89666667,54.0,0.0,1271.286667,0.0,384.7833333,46.33333333,37.67333333,9.0,8.976666667,145.0,0.0,471.9,0.0,177.0,0.0,1184.17,0.0,21.33333333,339.6666667,228.0,0.0,7.0,11,1089554,1,1,U,EA,Y,3292,16009.0,1902.58,1812.7,16009.0,3292,181.27,1600.9,329.2,2045,331,155,1783.0,332.0,169.0,C,DC/MARYLAND/VIRGINIA AREA,Y,N,59.98999023,1.0,1.0,WCMB,1.0,0.0,O,0.0,S,A,2.0,M,6.0,1.0,C,A,0.0,U,U,U,Y,U,U,Y,327.0,180-365,0,0.07573784406450831,1.4030145090857868,0.001242876197405117,91.666666663,29.02873644175236,1717.6775,0.09314154260912308,0,0,0,0,0,0,0,0,0,0,0,0,0.53523105,160.46911493873597,45,115.46911493873597,451.31942299485206,65,386.31942299485206,882.5801321630479,85,797.5801321630479
164.865,1745.0,69.99,8.415,294.25,73.5625,73.5625,0.0,1.295,603.0,132.115,48.66666667,0.0,13.0,0.0,102.3333333,0.0,569.0,0.0,260.3333333,0.0,423.3333333,0.0,0.0,0.0,0.0,118.0,1.0,519.8933333,0.0,410.9,96.33333333,87.08333333,22.0,33.19333333,304.6666667,0.0,519.1933333,0.0,314.3333333,0.0,411.6066667,0.0,61.66666667,569.0,423.3333333,0.0,20.33333333,19,1031177,1,1,U,AA,N,10484,20705.0,2615.69,2583.69,20688.0,10477,143.54,1149.33,582.06,1544,689,121,1401.0,651.0,112.0,S,NEW ENGLAND AREA,Y,N,79.98999023,2.0,1.0,WCMB,0.0,0.0,O,11.0,S,M,6.0,M,9.0,,,A,1.0,S,U,U,U,U,U,Y,313.0,180-365,1,0.09442439862542956,1.0362374982391886,0.0007416953035509736,0.0,24.580926891111424,3132.4350000000004,0.4911018488092562,0,0,0,0,0,0,0,0,1,1,0,1,0.50669116,160.3884181594849,45,115.3884181594849,451.09246538043027,65,386.09246538043027,882.136299877167,85,797.136299877167
123.2025,1330.25,52.8125,0.0,219.25,77.375,77.375,0.0,0.515,1542.75,195.3375,6.666666667,0.0,13.66666667,0.0,73.33333333,0.0,262.0,0.0,130.6666667,0.0,172.3333333,0.0,4.333333333,6.666666667,4.63,53.0,0.333333333,562.3866667,0.0,542.93,48.33333333,43.04,33.66666667,87.97,132.3333333,0.0,288.0233333,0.0,165.3333333,0.0,817.2933333,0.0,20.33333333,262.0,172.3333333,0.0,1.0,11,1081265,1,1,U,CA,Y,3276,8079.0,853.17,817.55,8073.0,3270,81.76,807.3,327.0,816,286,58,681.0,263.0,55.0,C,SOUTHWEST AREA,Y,R,99.98999023,1.0,1.0,WCMB,0.0,0.0,,,,U,,,,,,,0.0,H,U,U,U,U,U,N,314.0,180-365,0,0.09254647887323944,1.437862950058072,0.00038685446009389674,47.666666662999994,24.720092915214867,1355.2275,0.14768439108788772,0,0,1,1,1,1,1,1,1,1,1,0,0.677847,160.34391040420533,45,115.34391040420533,450.96724801182745,65,385.96724801182745,881.8915072231293,85,796.8915072231293
177.785,1532.0,114.98,9.9,197.5,49.655,48.875,0.78,0.0,123.0,-43.665,19.66666667,0.0,1.666666667,0.0,34.0,0.0,270.6666667,1.333333333,174.6666667,0.0,220.0,1.333333333,0.666666667,5.666666667,5.156666667,97.33333333,1.0,643.2666667,2.113333333,448.62,57.33333333,67.76666667,4.0,15.04,245.0,1.0,760.6066667,1.203333333,104.3333333,0.333333333,331.28,0.91,21.33333333,272.0,221.3333333,0.0,5.666666667,23,1024075,1,1,U,AA,N,8655,26017.0,4273.88,3465.08,25552.0,8510,165.0,1216.76,405.24,1491,464,192,1394.0,453.0,170.0,S,CALIFORNIA NORTH AREA,N,N,29.98999023,1.0,1.0,WCMB,0.0,0.0,,,,U,,M,,,,,0.0,N,U,U,U,U,U,N,687.0,365-730,0,0.11597195042400521,0.4281341610622521,0.0,15.333333341,13.209173995516467,4089.055,0.4773723528288975,0,0,1,1,1,1,0,1,1,1,1,0,0.46972993,160.3410031991005,45,115.3410031991005,450.95906619906424,65,385.95906619906424,881.8755175950528,85,796.8755175950528
243.975,2347.0,59.99,0.0,483.5,193.4,193.4,0.0,0.585,109.0,-11.585,8.333333333,0.0,0.666666667,0.0,6.0,0.0,123.3333333,0.0,57.66666667,0.0,108.3333333,0.0,0.333333333,8.333333333,8.273333333,27.66666667,0.0,1496.596667,0.0,570.74,32.0,45.25666667,7.0,16.77666667,97.66666667,0.0,485.75,0.0,58.33333333,0.0,1541.586667,0.0,9.0,123.3333333,108.3333333,0.0,0.0,56,1000101,1,1,N,C,N,2592,14390.01667,2903.0,2882.44,14371.02,2576,53.38,266.13,47.7,2311,160,248,1534.0,146.0,159.0,U,NEW YORK CITY AREA,Y,N,199.9899902,2.0,2.0,WCMB,0.0,0.0,,,,U,,,,,,,0.0,Z,U,U,U,U,U,N,460.0,365-730,1,0.10390758091993185,3.1710116412526643,0.00024914821124361156,18.666666648,38.48171831447778,13662.6,0.22200786256739016,0,0,1,1,1,1,1,1,1,1,1,1,0.34220946,160.30185168743134,45,115.30185168743134,450.84900149703026,65,385.84900149703026,881.6601842808724,85,796.6601842808724
168.6575,1251.5,47.6525,8.1675,301.5,113.3425,113.05,0.2925,0.0,723.5,89.7025,6.0,0.0,13.66666667,0.0,160.0,0.0,597.3333333,0.0,283.0,0.0,420.0,0.0,1.333333333,30.66666667,29.92666667,195.3333333,0.666666667,406.2233333,0.0,308.2533333,119.3333333,91.33,73.0,75.13333333,378.3333333,0.0,337.6666667,0.0,322.3333333,0.0,376.8133333,0.0,19.66666667,597.3333333,420.0,0.0,4.333333333,16,1055239,1,1,U,AA,N,7450,12294.0,1942.31,1882.32,12294.0,7450,134.45,878.14,532.14,1010,609,139,1102.0,646.0,164.0,U,SOUTH FLORIDA AREA,N,N,129.9899902,3.0,2.0,WCMB,1.0,1.0,O,3.0,S,B,1.0,M,5.0,2.0,C,A,0.0,H,U,U,U,U,U,Y,99.0,<180,1,0.1346566866267465,2.3296336262268125,0.0,21.333333328,25.723241354503877,2698.52,0.2144557336013838,0,0,0,0,0,0,0,0,0,0,0,0,0.49486482,160.24831736922266,45,115.24831736922266,450.69838757455346,65,385.69838757455346,881.3657455307247,85,796.3657455307247
140.07,594.25,24.4825,0.2475,378.5,106.0075,105.91,0.0975,0.585,82.75,70.7,2.333333333,0.0,1.0,0.0,8.0,0.0,71.33333333,0.0,21.0,0.0,60.33333333,0.0,4.333333333,21.0,17.95,9.0,0.333333333,89.60666667,0.0,114.8933333,15.66666667,14.41,0.333333333,0.083333333,44.33333333,0.0,91.68,0.0,31.33333333,0.0,112.82,0.0,3.333333333,71.33333333,60.33333333,0.0,0.333333333,16,1038959,1,1,N,CA,Y,3186,11084.0,2489.71,2455.58,11043.0,3157,163.71,736.2,210.47,567,195,116,648.0,227.0,136.0,R,SOUTHWEST AREA,Y,R,29.98999023,2.0,2.0,WCMB,,,,,,,,,,,,,,,,,,,,,340.0,180-365,1,0.23531289374212513,4.160011772785245,0.000982780344393112,69.333333328,23.319925439026782,2241.12,0.10533694802589658,0,0,1,1,1,1,1,1,1,1,1,1,0.595611,160.18028319454194,45,115.18028319454194,450.50704231023786,65,385.50704231023786,880.9915575699806,85,795.9915575699806
238.605,1718.25,84.99,5.1975,471.25,144.995,144.8,0.195,0.0,912.75,136.515,17.0,0.0,13.33333333,0.0,124.3333333,0.0,478.0,0.333333333,260.6666667,0.0,331.3333333,0.333333333,0.0,0.0,0.0,93.0,0.0,522.7333333,0.36,649.4566667,104.6666667,64.33,37.66666667,146.99,284.3333333,0.0,586.7266667,0.0,296.6666667,0.333333333,585.46,0.36,30.33333333,478.3333333,331.6666667,0.0,19.0,29,1009064,1,1,N,C,N,9081,22810.0,3292.99,3194.0,22577.0,9004,114.07,806.32,321.57,1414,494,193,1382.0,479.0,178.0,C,DALLAS AREA,Y,N,149.9899902,10.0,6.0,WCMB,0.0,0.0,,,,U,,,,,,,0.0,N,U,U,U,U,U,N,19.0,<180,1,0.13878435364257669,1.686184440051169,0.0,0.0,19.98197464821491,6919.545,0.3722752559690023,0,0,1,1,1,1,1,1,1,1,1,0,0.34945962,160.09499038267137,45,115.09499038267137,450.26719600617884,65,385.26719600617884,880.5224471046926,85,795.5224471046926
99.87,510.25,79.99,8.415,79.75,19.9375,19.9375,0.0,0.0,-510.25,-29.88,13.33333333,0.0,1.0,0.0,32.33333333,0.0,189.0,0.0,34.33333333,0.0,146.0,0.0,0.0,0.0,0.0,17.66666667,0.666666667,306.97,0.0,64.29666667,15.66666667,15.85666667,4.333333333,15.15333333,135.0,0.0,300.0433333,0.0,32.33333333,0.0,71.22333333,0.0,14.33333333,189.0,146.0,0.0,0.0,11,1058119,2,2,U,AA,N,1972,5584.0,1017.21,917.23,5529.0,1947,91.72,552.9,194.7,680,220,110,589.0,200.0,98.0,C,DC/MARYLAND/VIRGINIA AREA,Y,N,79.98999023,1.0,1.0,WCMB,0.0,0.0,O,3.0,S,U,2.0,M,6.0,,B,A,0.0,I,Y,U,U,U,U,Y,329.0,180-365,0,0.19534474327628362,0.24617236695888384,0.0,0.0,6.30016051364366,1098.5700000000002,0.8024572093829729,0,0,0,0,0,0,0,0,1,0,0,1,0.83487505,160.08761663246156,45,115.08761663246156,450.246475353241,65,385.246475353241,880.4818914785386,85,795.4818914785386
111.17,548.5,34.4075,0.0,147.75,59.1,59.1,0.0,0.0,397.5,123.12,2.333333333,0.0,0.666666667,0.0,12.0,0.0,103.3333333,0.0,42.66666667,0.0,89.0,0.0,0.666666667,0.666666667,0.06,25.66666667,0.0,222.5833333,0.0,108.6166667,21.0,24.48666667,0.333333333,0.033333333,87.0,0.0,278.0566667,0.0,23.0,0.0,53.14333333,0.0,3.0,103.3333333,89.0,0.0,0.333333333,35,1005076,1,1,Y,B,N,4199,14261.0,2884.5,2842.67,14226.0,4175,88.83,444.56,130.47,416,111,70,723.0,198.0,148.0,T,CALIFORNIA NORTH AREA,Y,N,29.98999023,1.0,1.0,WC,0.0,0.0,,,,U,,,,,,,0.0,N,U,U,U,U,U,N,1051.0,730+,0,0.20231119199272066,1.6691378945138742,0.0,23.333333345,15.491068276495094,3890.9500000000003,0.29977775422975445,0,0,1,1,1,1,1,1,1,1,1,1,0.74998796,160.08223007583618,45,115.08223007583618,450.23131184577943,65,385.23131184577943,880.452265417099,85,795.452265417099
102.8025,824.0,44.99,1.7325,149.5,52.325,52.325,0.0,10.63,583.0,115.6975,0.0,0.0,1.333333333,0.0,0.0,0.0,1.333333333,0.0,0.0,0.0,0.0,0.0,0.0,0.0,0.0,0.0,0.0,0.0,0.0,0.0,0.0,0.0,0.0,0.0,0.0,0.0,0.0,0.0,0.0,0.0,0.0,0.0,1.333333333,1.333333333,0.0,0.0,0.0,11,1083582,1,1,U,AA,N,1651,5070.0,637.79,567.19,5060.0,1646,63.02,562.22,182.89,630,189,64,544.0,178.0,64.0,R,TENNESSEE AREA,Y,R,99.98999023,2.0,2.0,WCMB,0.0,0.0,O,2.0,S,B,1.0,M,2.0,,C,A,0.0,N,U,U,U,U,U,Y,101.0,<180,1,0.1246090909090909,1.1377473363774733,0.012884848484848485,0.0,17.91693846488367,1130.8274999999999,0.46778212887148446,0,0,0,0,0,0,0,0,1,0,0,1,0.8106798,160.01262615680696,45,115.01262615680696,450.03554783105847,65,385.03554783105847,880.0694438624382,85,795.0694438624382
100.895,706.25,93.9075,0.0,33.0,11.55,11.55,0.0,0.4375,-706.25,-70.905,4.666666667,0.0,3.333333333,0.0,13.0,0.0,119.3333333,0.0,18.66666667,0.0,99.0,0.0,1.0,2.0,1.55,5.666666667,0.0,369.3833333,0.0,116.8366667,14.0,15.72333333,0.0,0.0,98.33333333,0.0,437.8866667,0.0,18.33333333,0.0,48.33333333,0.0,8.0,119.3333333,99.0,0.0,1.666666667,14,1061435,1,1,U,AA,N,3214,15060.0,2556.91,2316.93,15052.0,3211,178.23,1157.85,247.0,942,194,124,1069.0,235.0,146.0,T,CHICAGO AREA,Y,N,199.9899902,1.0,1.0,WCMB,0.0,0.0,O,13.0,S,M,3.0,M,3.0,2.0,,,0.0,G,U,U,U,U,U,Y,420.0,365-730,0,0.14265818310357017,0.12169744224639782,0.0006185931424531637,14.0,7.4414561546769225,1412.53,0.47132073597695723,0,0,0,0,0,0,0,0,0,1,1,1,0.82559776,159.93348347711563,45,114.93348347711563,449.812925286293,65,384.812925286293,879.634159124136,85,794.634159124136
181.7525,1636.75,51.6575,0.7425,373.5,131.325,125.475,5.85,0.0,329.25,-0.0425,19.33333333,2.333333333,1.666666667,0.0,32.33333333,0.0,278.0,15.33333333,275.6666667,0.0,236.0,13.0,5.0,20.66666667,18.62333333,152.6666667,1.333333333,495.2033333,16.53333333,846.54,182.0,363.3333333,94.0,411.2433333,159.6666667,3.333333333,433.24,3.563333333,240.3333333,9.666666667,908.5,12.97,23.33333333,293.3333333,249.0,0.0,1.0,15,1044496,1,1,U,CA,N,4371,12613.0,1414.75,1357.64,12555.0,4341,104.43,965.77,333.92,1527,401,182,1116.0,325.0,134.0,S,,Y,N,79.98999023,1.0,1.0,WCMB,0.0,0.0,O,6.0,,U,1.0,M,6.0,2.0,,,0.0,O,U,U,U,U,U,Y,443.0,365-730,0,0.11097695008395665,2.4939467312348667,0.0,75.0,31.082941651236766,2726.2875,0.1177309007981756,0,0,0,0,1,0,0,0,0,1,1,1,0.45808017,159.85385579395296,45,114.85385579395296,449.58894775390627,65,384.58894775390627,879.1962068667412,85,794.1962068667412
260.235,3596.5,159.99,14.1075,581.5,87.225,87.225,0.0,5.2875,1338.5,97.695,61.0,0.0,8.666666667,0.0,663.3333333,0.0,1986.333333,0.0,358.3333333,0.0,1263.333333,0.0,3.666666667,6.0,4.373333333,255.3333333,16.66666667,1727.056667,0.0,320.85,269.6666667,209.59,23.33333333,42.01333333,1138.666667,0.0,1586.09,0.0,368.0,0.0,461.8233333,0.0,69.66666667,1986.333333,1263.333333,0.0,4.0,34,1005193,1,1,Y,C,N,42726,90253.0,9805.06,9707.41,89975.0,42585,294.16,2726.52,1290.45,3150,1458,228,3138.0,1432.0,232.0,S,NEW YORK CITY AREA,Y,N,199.9899902,5.0,4.0,WCMB,0.0,0.0,O,7.0,M,S,1.0,M,6.0,2.0,C,C,0.0,N,U,U,U,U,U,Y,226.0,180-365,1,0.07233773453787352,0.5418038387477483,0.0014697706740792215,124.666666678,22.339896888005466,8847.99,0.19199494340929096,0,0,0,0,0,0,0,0,0,0,0,0,0.31980377,159.79032969474792,45,114.79032969474792,449.410333288908,65,384.410333288908,878.8468133211137,85,793.8468133211137
188.125,1204.0,69.99,3.465,411.0,123.3225,123.225,0.0975,0.0975,-105.0,-11.165,18.33333333,0.0,9.333333333,0.0,59.66666667,0.0,358.6666667,0.333333333,219.6666667,0.0,279.6666667,0.333333333,2.666666667,20.33333333,18.73,64.0,0.0,414.7933333,0.093333333,473.5933333,45.0,35.51333333,11.0,20.18,351.6666667,0.333333333,680.83,0.093333333,126.6666667,0.0,207.5566667,0.0,27.66666667,359.0,280.0,0.0,7.666666667,16,1047358,1,1,U,DA,N,4263,10774.0,1611.72,1551.74,10764.0,4258,103.45,717.6,283.87,1239,490,192,975.0,382.0,142.0,T,CALIFORNIA NORTH AREA,Y,N,129.9899902,3.0,2.0,WCMB,0.0,0.0,O,,,U,1.0,M,6.0,2.0,C,,0.0,N,U,U,U,U,U,Y,137.0,<180,1,0.15612033195020747,1.7371812931398791,8.091286307053942e-05,42.666666672,16.96013523031413,3010.0,0.185053318926855,0,0,0,1,1,0,0,0,0,0,1,0,0.44194987,159.63229095935822,45,114.63229095935822,448.9658519625664,65,383.9658519625664,877.9776002764703,85,792.9776002764703
127.895,768.5,29.99,1.485,187.5,65.625,65.625,0.0,0.0,-338.5,-78.525,16.0,0.0,15.66666667,0.0,54.0,0.0,254.3333333,0.0,31.0,0.0,170.6666667,0.0,2.666666667,10.0,8.3,16.33333333,0.0,262.77,0.0,163.81,15.33333333,20.61,1.0,0.333333333,67.66666667,0.0,134.2366667,0.0,122.6666667,0.0,292.3433333,0.0,31.66666667,254.3333333,170.6666667,0.0,0.333333333,11,1057497,1,1,U,EA,N,1675,4721.0,824.91,761.68,4709.0,1666,76.17,470.9,166.6,881,279,154,615.0,215.0,101.0,S,LOS ANGELES AREA,Y,N,199.9899902,1.0,1.0,WCMB,0.0,0.0,,2.0,M,B,1.0,M,1.0,,A,O,0.0,U,U,U,U,U,U,N,333.0,180-365,0,0.16620532813515268,2.117618586640852,0.0,29.333333337,24.798322039367537,1406.845,0.17288220690197834,0,0,1,0,0,0,0,0,1,0,0,0,0.6499378,159.59769567632677,45,114.59769567632677,448.868515278101,65,383.868515278101,877.7873262197971,85,792.7873262197971
165.2,1117.0,30.4,0.0,162.0,64.8,64.8,0.0,0.0,,,4.0,0.0,2.0,0.0,17.66666667,0.0,151.6666667,0.0,79.0,0.0,128.6666667,0.0,3.333333333,20.66666667,18.24333333,39.33333333,0.0,345.9133333,0.0,187.3433333,8.0,10.74,3.666666667,4.613333333,163.3333333,0.0,409.0233333,0.0,43.66666667,0.0,124.2333333,0.0,6.0,151.6666667,128.6666667,0.0,8.0,22,1033598,1,0,U,EA,Y,7344,19724.0,2531.8,2498.26,19724.0,7344,124.91,986.2,367.2,1230,397,157,1295.0,432.0,161.0,S,NORTH FLORIDA AREA,N,N,129.9899902,2.0,2.0,WCMB,0.0,0.0,O,3.0,M,M,1.0,M,6.0,1.0,C,B,0.0,N,U,U,U,U,U,Y,147.0,<180,1,0.1477638640429338,2.0636942675159236,0.0,73.333333326,35.57324840764331,3634.3999999999996,0.15632260206589532,0,0,0,0,0,0,0,0,0,0,0,1,0.50309914,159.5750050354004,45,114.57500503540041,448.80468196868895,65,383.80468196868895,877.6625276947022,85,792.6625276947022
177.275,2182.5,94.585,7.1775,225.75,79.0125,79.0125,0.0,0.0,-508.5,-124.905,12.0,0.0,0.666666667,0.0,11.0,0.0,436.6666667,0.0,73.66666667,0.0,416.0,0.0,16.66666667,41.66666667,30.53,24.0,0.0,1612.053333,0.0,509.3066667,89.66666667,139.94,5.666666667,15.31333333,326.3333333,0.0,1038.666667,0.0,155.6666667,0.0,1082.693333,0.0,12.66666667,436.6666667,416.0,0.0,11.0,10,1093022,1,1,Y,C5,Y,4978,21666.0,1790.34,1653.56,21652.0,4973,183.73,2405.78,552.56,2352,474,219,2372.0,541.0,183.0,S,NEW YORK CITY AREA,Y,N,149.9899902,1.0,1.0,WCMB,0.0,0.0,O,2.0,S,S,2.0,M,7.0,1.0,I,A,0.0,S,U,U,U,U,U,Y,291.0,180-365,0,0.08118845889626747,0.8266202856096668,0.0,166.6666667,22.833080504263222,1772.75,0.054073675620799504,0,0,0,0,0,0,0,0,0,0,0,0,0.46851662,159.46805747747422,45,114.46805747747422,448.5039697706699,65,383.5039697706699,877.0743161261082,85,792.0743161261082
154.0625,889.5,50.0,0.0,332.75,99.825,99.825,0.0,0.9875,-319.5,-90.2725,5.333333333,0.0,0.333333333,0.0,37.0,0.0,207.0,0.0,81.0,0.0,167.3333333,0.0,0.0,0.0,0.0,28.66666667,0.0,465.67,0.0,490.4366667,47.66666667,174.5333333,14.33333333,237.77,178.3333333,0.0,534.3533333,0.0,56.33333333,0.0,421.7533333,0.0,5.666666667,207.0,167.3333333,0.0,1.0,22,1040580,1,1,U,CA,N,4306,12988.0,2098.1,2013.03,12985.0,4303,95.86,618.33,204.9,996,262,184,901.0,288.0,150.0,T,NEW ENGLAND AREA,Y,R,29.98999023,3.0,3.0,WCMB,0.0,0.0,O,1.0,M,M,2.0,M,6.0,2.0,C,B,0.0,S,U,U,U,U,U,Y,69.0,<180,1,0.17300673778775968,1.9573529411764707,0.0011089275687815835,0.0,17.441176470588236,3389.375,0.3381402287419194,0,0,0,0,0,0,0,0,0,0,0,1,0.5390105,159.43932497501373,45,114.43932497501373,448.42308312654495,65,383.42308312654495,876.9162873625756,85,791.9162873625756
144.2175,872.75,44.99,1.485,264.25,92.4875,92.4875,0.0,0.2575,-348.75,-48.8475,5.333333333,0.0,0.333333333,0.0,36.0,0.0,241.3333333,0.0,82.0,0.0,201.0,0.0,0.0,0.0,0.0,41.0,0.333333333,534.2933333,0.0,181.1833333,68.0,105.0,18.33333333,27.50666667,174.3333333,0.0,482.6266667,0.0,97.0,0.0,232.85,0.0,5.666666667,241.3333333,201.0,0.0,2.0,14,1074377,1,1,U,BA,N,3612,11874.0,1613.4,1553.42,11843.0,3603,119.49,911.0,277.15,989,301,161,949.0,294.0,138.0,S,NEW YORK CITY AREA,Y,R,99.98999023,2.0,2.0,WCMB,0.0,0.0,O,3.0,S,U,4.0,M,5.0,,,A,0.0,H,U,U,U,Y,U,Y,146.0,<180,1,0.16505579399141632,2.01103500761035,0.00029470672389127325,0.0,18.976951511198084,2019.045,0.33211171489953245,0,0,0,0,0,0,0,0,1,1,0,1,0.5757827,159.43286326074602,45,114.43286326074602,448.404936516881,65,383.404936516881,876.8807479341032,85,791.8807479341032
114.27,625.25,34.98,2.2275,202.5,66.825,66.825,0.0,1.065,109.75,36.06,9.666666667,0.0,1.0,0.0,22.33333333,0.0,123.6666667,0.0,48.33333333,0.0,94.0,0.0,0.333333333,3.0,2.69,17.0,0.0,183.9466667,0.0,180.0233333,32.0,30.98666667,3.666666667,9.74,88.0,0.0,247.3533333,0.0,43.33333333,0.0,116.6166667,0.0,10.66666667,123.6666667,94.0,0.0,1.666666667,24,1015531,1,1,U,C,N,1808,6209.0,1026.27,989.83,6009.0,1745,76.14,462.23,134.23,589,170,102,472.0,144.0,79.0,S,DC/MARYLAND/VIRGINIA AREA,Y,N,29.98999023,1.0,1.0,,0.0,0.0,O,7.0,S,A,2.0,M,6.0,2.0,C,B,0.0,N,U,Y,U,U,U,Y,738.0,730+,0,0.18246706586826347,1.857281823235131,0.0017005988023952095,7.999999992,17.377709838799333,2742.48,0.313419184399532,0,1,0,0,0,0,0,0,0,0,0,1,0.72586364,159.25332897377015,45,114.25332897377015,447.8999945497513,65,382.8999945497513,875.8933093557358,85,790.8933093557358
221.67,2469.75,169.99,2.2275,408.5,61.275,61.275,0.0,0.0,191.25,16.5,39.33333333,0.0,4.0,0.0,122.0,0.0,747.0,0.0,177.6666667,0.0,585.6666667,0.0,9.0,53.33333333,48.21666667,100.6666667,0.0,1434.2,0.0,347.6266667,97.66666667,206.7266667,34.66666667,110.3966667,515.6666667,0.0,1308.53,0.0,217.3333333,0.0,473.2966667,0.0,43.33333333,747.0,585.6666667,0.0,12.33333333,34,1099010,2,2,U,CY,N,11451,39672.0,4310.47,4260.47,39671.0,11450,157.8,1469.3,424.07,2406,762,216,2083.0,625.0,195.0,U,LOS ANGELES AREA,Y,R,99.98999023,6.0,6.0,WCMB,0.0,0.0,O,1.0,,M,3.0,M,7.0,1.0,C,,0.0,N,U,U,U,Y,U,Y,150.0,<180,1,0.08971769705554992,0.35835428972454525,0.0,306.0,14.44382712439324,7536.78,0.09654043219896397,0,0,0,0,1,0,0,0,0,0,1,1,0.37387708,159.1244815635681,45,114.12448156356811,447.53757797241207,65,382.53757797241207,875.1846485996247,85,790.1846485996247
109.8225,802.25,55.795,6.93,93.75,47.0975,47.0,0.0975,0.0,779.75,72.1475,25.0,0.0,0.333333333,0.0,50.66666667,0.0,265.0,0.0,147.3333333,0.0,194.3333333,0.0,5.0,22.66666667,20.55666667,84.0,0.0,475.4833333,0.0,231.1033333,44.66666667,86.16,16.66666667,60.16,138.0,0.0,267.39,0.0,156.6666667,0.0,419.1966667,0.0,25.33333333,265.0,194.3333333,0.0,6.666666667,12,1070184,4,1,U,BA,N,2438,7391.0,1041.19,860.75,6519.0,2177,86.08,651.9,217.7,542,167,86,466.0,149.0,90.0,U,LOS ANGELES AREA,Y,N,199.9899902,1.0,1.0,WCMB,0.0,0.0,,,,U,,,,,,,0.0,O,U,U,U,U,U,N,364.0,180-365,0,0.13672268907563026,0.8292543357689937,0.0,60.0,14.125363148164451,1317.8700000000001,0.146428870683932,0,0,1,1,1,1,1,1,1,1,1,1,0.75394815,158.9769125647545,45,113.97691256475451,447.12254695057874,65,382.12254695057874,874.3730191061499,85,789.3730191061499
235.2575,2385.5,84.91,0.0,404.0,158.8125,158.8125,0.0,0.16,116.5,40.5325,21.66666667,0.0,1.666666667,0.0,264.6666667,0.0,821.6666667,0.0,278.3333333,0.0,539.0,0.0,0.333333333,0.333333333,0.126666667,167.0,0.666666667,1246.43,0.0,465.8933333,81.0,106.3066667,30.66666667,58.35333333,415.6666667,0.0,842.8266667,0.0,366.3333333,0.0,869.5,0.0,23.33333333,821.6666667,539.0,0.0,14.66666667,7,1090415,1,1,U,AA,N,4493,11808.0,1046.31,924.8,11785.0,4480,154.13,1964.17,746.67,2347,849,222,1964.0,747.0,154.0,C,NORTHWEST/ROCKY MOUNTAIN AREA,Y,N,149.9899902,3.0,3.0,WCMB,0.0,0.0,O,10.0,S,A,4.0,M,3.0,2.0,I,,0.0,Z,U,U,U,U,U,Y,58.0,<180,1,0.09857846218311335,1.8485915492957747,6.704378797402053e-05,2.333333331,27.767431032475848,1646.8025,0.3142751752450218,0,0,0,0,0,0,0,0,0,0,1,0,0.35172427,158.8718862378597,45,113.87188623785971,446.8271730327606,65,381.8271730327606,873.7953743082285,85,788.7953743082285
132.8875,1593.25,60.3125,8.91,200.75,77.92,77.725,0.195,1.67,36.75,-17.1875,45.66666667,0.0,11.33333333,0.0,113.6666667,0.0,866.0,0.333333333,124.3333333,0.0,701.0,0.333333333,6.666666667,12.33333333,9.346666667,56.33333333,0.666666667,727.4233333,0.016666667,198.0833333,184.6666667,93.11,12.33333333,20.07,344.0,0.333333333,351.1433333,0.016666667,445.3333333,0.0,574.3633333,0.0,57.0,866.3333333,701.3333333,0.0,5.666666667,14,1053865,1,1,U,AA,N,8392,16265.0,1644.02,1584.03,16221.0,8374,121.85,1247.77,644.15,1581,800,139,1358.0,683.0,120.0,C,NEW YORK CITY AREA,Y,N,59.98999023,1.0,1.0,WCMB,0.0,0.0,O,9.0,M,M,5.0,M,7.0,1.0,I,B,0.0,U,U,U,U,U,U,Y,420.0,365-730,0,0.08335424180649208,1.2708664627930684,0.0010475145052532538,93.333333338,25.98572884811417,1860.4249999999997,0.1118876971394402,0,0,0,0,0,0,0,0,0,0,0,0,0.6226517,158.8658393073082,45,113.86583930730819,446.810196813941,65,381.810196813941,873.7621161901951,85,788.7621161901951
121.7175,949.5,75.0,1.98,144.25,36.0625,36.0625,0.0,0.0,660.5,108.5025,0.0,0.0,0.0,0.0,0.0,0.0,0.0,0.0,0.0,0.0,0.0,0.0,0.0,0.0,0.0,0.0,0.0,0.0,0.0,0.0,0.0,0.0,0.0,0.0,0.0,0.0,0.0,0.0,0.0,0.0,0.0,0.0,0.0,0.0,0.0,0.0,0.0,10,1065213,5,1,U,AA,N,1507,5429.0,800.11,664.92,5235.0,1450,83.12,654.38,181.25,729,218,85,653.0,191.0,84.0,U,SOUTHWEST AREA,Y,R,39.98999023,2.0,1.0,WCMB,0.0,0.0,,,,U,,,,,,,0.0,N,U,U,U,U,U,N,288.0,180-365,1,0.12805628616517623,0.4745065789473684,0.0,0.0,12.493421052631579,1217.175,0.6781929726715004,0,0,1,1,1,1,1,1,1,1,1,1,0.6797318,158.85169405531883,45,113.85169405531883,446.77038590312003,65,381.77038590312003,873.6843173042537,85,788.6843173042537
108.7025,322.25,104.99,0.0,0.0,0.0,0.0,0.0,0.0,325.75,5.5875,0.666666667,0.0,0.0,0.0,4.0,0.0,34.66666667,0.0,10.0,0.0,30.33333333,0.0,0.333333333,0.333333333,0.1,1.666666667,0.333333333,81.94333333,0.0,26.99,1.0,0.516666667,0.0,0.0,31.66666667,0.0,66.24666667,0.0,8.333333333,0.0,42.68666667,0.0,0.666666667,34.66666667,30.33333333,0.0,0.0,12,1064733,1,1,U,BA,N,1850,6384.0,1336.04,1221.96,6210.0,1828,111.09,564.55,166.18,214,56,107,406.0,119.0,118.0,,CALIFORNIA NORTH AREA,Y,R,99.98999023,2.0,2.0,WCMB,0.0,0.0,,,,U,,,,,,,0.0,H,U,U,U,U,U,N,193.0,180-365,1,0.33627996906419183,0.0,0.0,3.999999996,3.0403811680347204,1304.43,0.7500000001874999,1,0,1,1,1,1,1,1,1,1,1,1,0.7602815,158.67744641518595,45,113.67744641518595,446.2803148031235,65,381.2803148031235,872.7259552835227,85,787.7259552835227
130.305,502.5,71.2425,0.0,111.25,27.8125,27.8125,0.0,0.0,-438.5,24.695,4.333333333,0.0,0.666666667,0.0,24.0,0.0,91.0,0.0,26.66666667,0.0,62.33333333,0.0,0.333333333,0.666666667,0.666666667,10.33333333,0.333333333,249.0366667,0.0,125.62,6.0,4.4,10.0,44.78333333,38.33333333,0.0,173.9033333,0.0,50.33333333,0.0,200.7533333,0.0,5.0,91.0,62.33333333,0.0,1.0,7,1097014,5,1,U,EM,N,477,2910.0,723.9,630.52,2907.0,475,105.09,484.5,79.17,649,123,122,485.0,79.0,105.0,C,DALLAS AREA,Y,N,29.98999023,1.0,1.0,,0.0,0.0,,,,U,,,,,,,0.0,N,U,U,U,U,U,N,196.0,180-365,0,0.258798411122145,0.38498806104439903,0.0,2.333333331,6.955739350105547,912.135,0.581963306437283,0,1,1,1,1,1,1,1,1,1,1,1,0.63416255,158.65834432554246,45,113.65834432554246,446.2265817654133,65,381.2265817654133,872.6208937904836,85,787.6208937904836
190.78,2197.25,69.99,0.99,349.5,139.8,139.8,0.0,0.0,212.75,114.41,27.33333333,0.0,3.0,0.0,165.0,0.0,808.3333333,0.0,256.0,0.0,621.0,0.0,18.33333333,39.0,29.15,165.6666667,8.0,1258.333333,0.0,353.4466667,125.6666667,137.3266667,38.33333333,44.93,370.0,0.0,518.7733333,0.0,444.6666667,0.0,1093.013333,0.0,30.33333333,808.3333333,621.0,0.0,27.0,9,1089209,1,1,Y,ZA,Y,5496,15992.0,1262.4,1211.51,15916.0,5461,151.44,1989.5,682.63,2126,719,153,1980.0,695.0,132.0,C,NEW ENGLAND AREA,Y,N,199.9899902,1.0,1.0,WCMB,0.0,0.0,,,,U,,,,,,,0.0,N,U,U,U,U,U,N,269.0,180-365,0,0.08678721710451495,1.9692914494999298,0.0,164.99999996999998,30.951542470770534,1717.02,0.04694257211732547,0,0,1,1,1,1,1,1,1,1,1,1,0.4330989,158.64309575462343,45,113.64309575462343,446.18370112419126,65,381.18370112419126,872.5370266504289,85,787.5370266504289
153.755,831.25,49.99,1.2375,327.5,98.25,98.25,0.0,0.1725,-196.25,-58.785,9.666666667,0.0,1.666666667,0.0,13.0,0.0,200.3333333,0.0,166.3333333,0.0,179.3333333,0.0,0.0,0.0,0.0,109.0,0.0,348.4666667,0.0,253.86,61.33333333,59.21333333,11.66666667,28.53,157.6666667,0.0,373.6366667,0.0,124.0,0.0,228.6866667,0.0,11.33333333,200.3333333,179.3333333,0.0,0.0,25,1028933,1,1,Y,CA,N,6688,15407.0,2384.7,2352.7,15356.0,6661,98.03,639.83,277.54,897,348,173,740.0,285.0,128.0,U,PHILADELPHIA AREA,Y,N,129.9899902,1.0,1.0,WCMB,0.0,0.0,,,,U,,,,,,,0.0,N,U,U,U,U,U,N,746.0,730+,0,0.18474617002102733,1.9268484016473817,0.00020726945028537097,0.0,16.302216120808,3843.875,0.3416644331278478,0,0,1,1,1,1,1,1,1,1,1,1,0.53728074,158.6104318571091,45,113.61043185710909,446.0918304336071,65,381.0918304336071,872.3573752141,85,787.3573752141
118.075,809.0,52.2475,0.0,70.25,21.1425,20.85,0.2925,54.685,-517.0,-90.315,9.0,0.0,2.0,0.0,23.0,0.0,186.0,0.0,45.33333333,0.0,154.6666667,0.0,2.0,15.0,13.50333333,8.666666667,0.0,314.5166667,0.0,195.72,57.33333333,50.62,3.0,11.33666667,117.0,0.0,342.21,0.0,80.33333333,0.0,168.0266667,0.0,11.0,186.0,154.6666667,0.0,3.333333333,20,1041338,2,1,U,AA,N,3789,10795.0,1479.47,1388.74,10771.0,3771,77.15,598.39,209.5,981,311,148,775.0,252.0,111.0,T,CHICAGO AREA,T,N,99.98999023,4.0,3.0,WCMB,0.0,0.0,O,15.0,S,M,5.0,M,5.0,1.0,,A,0.0,N,U,U,U,U,Y,Y,147.0,<180,1,0.1457716049382716,0.39706089487769375,0.06751234567901235,40.0,15.193201558758627,2361.5,0.2943721148796196,0,0,0,0,0,0,0,0,0,1,0,1,0.6988643,158.43533475637437,45,113.43533475637437,445.59938955903056,65,380.59938955903056,871.3943411600591,85,786.3943411600591
171.16,2267.75,85.0,1.7325,343.0,85.75,85.75,0.0,0.0,88.25,3.31,0.0,0.0,0.0,0.0,0.0,0.0,0.0,0.0,0.0,0.0,0.0,0.0,0.0,0.0,0.0,0.0,0.0,0.0,0.0,0.0,0.0,0.0,0.0,0.0,0.0,0.0,0.0,0.0,0.0,0.0,0.0,0.0,0.0,0.0,0.0,0.0,0.0,31,1007238,1,1,U,C,N,12342,29937.0,2231.12,2149.65,29648.0,12169,113.14,1560.42,640.47,2238,725,170,2052.0,703.0,139.0,U,CALIFORNIA NORTH AREA,N,R,9.989997864,3.0,2.0,WC,0.0,0.0,O,15.0,M,M,2.0,M,2.0,1.0,G,A,0.0,I,U,U,U,U,U,Y,279.0,180-365,1,0.07544242424242424,0.997093023255814,0.0,0.0,26.36918604651163,5305.96,0.5007278020378457,0,0,0,0,0,0,0,0,0,0,0,1,0.48206356,158.4191919670105,45,113.4191919670105,445.5540335178375,65,380.5540335178375,871.3055558185578,85,786.3055558185578
130.7975,1050.25,36.77,2.2275,331.0,99.3,99.3,0.0,0.0,-667.25,-163.6875,10.33333333,0.0,4.0,0.0,56.33333333,0.0,318.3333333,0.0,74.33333333,0.0,251.6666667,0.0,4.666666667,6.0,2.093333333,34.0,0.666666667,833.6333333,0.0,174.5866667,10.33333333,6.876666667,0.333333333,0.09,201.3333333,0.0,618.3666667,0.0,109.0,0.0,389.8566667,0.0,14.33333333,318.3333333,251.6666667,0.0,3.333333333,13,1067225,1,1,U,AA,N,2517,10086.0,1226.86,1146.88,10077.0,2514,95.57,839.75,209.5,1273,327,185,935.0,241.0,119.0,,CHICAGO AREA,Y,N,129.9899902,1.0,1.0,WCMB,1.0,1.0,O,12.0,S,B,1.0,M,6.0,,C,A,0.0,U,U,U,U,U,U,Y,385.0,365-730,0,0.12442092746730085,2.6290706910246224,0.0,60.666666671,27.806460153561027,1700.3675000000003,0.12054383556787526,1,0,0,0,0,0,0,0,1,0,0,0,0.63067335,158.3817599077225,45,113.38175990772251,445.44871533274653,65,380.44871533274653,871.0996794924738,85,786.0996794924738
117.89,672.5,39.99,0.0,101.0,40.4,40.4,0.0,0.0,33.5,-55.5,3.333333333,0.0,1.0,0.0,44.0,0.0,199.6666667,0.0,90.66666667,0.0,151.6666667,0.0,0.0,0.0,0.0,52.33333333,0.0,385.8833333,0.0,165.4533333,32.33333333,33.14333333,13.33333333,23.78666667,130.6666667,0.0,351.53,0.0,85.0,0.0,199.8033333,0.0,4.333333333,199.6666667,151.6666667,0.0,3.0,12,1071232,2,2,U,BA,N,1687,4871.0,794.14,734.16,4871.0,1687,66.74,442.82,153.36,661,203,137,546.0,173.0,96.0,T,ATLANTIC SOUTH AREA,Y,R,29.98999023,1.0,1.0,WCMB,0.0,0.0,O,4.0,S,U,3.0,M,4.0,2.0,,A,0.0,S,U,U,U,U,Y,Y,349.0,180-365,0,0.17504083147735708,0.9856062454257135,0.0,0.0,16.40644059526714,1414.68,0.5036245238972847,0,0,0,0,0,0,0,0,0,1,0,0,0.69937205,158.30203397750856,45,113.30203397750856,445.22448461532593,65,380.22448461532593,870.661186876297,85,785.661186876297
127.0925,1213.25,44.99,4.95,273.75,95.8125,95.8125,0.0,3.15,-35.25,3.1475,13.33333333,0.0,16.66666667,0.0,92.33333333,0.0,342.6666667,0.0,63.33333333,0.0,223.3333333,0.0,3.0,23.0,21.66,23.33333333,0.0,738.9766667,0.0,142.9766667,52.33333333,36.57,16.33333333,32.71666667,147.0,0.0,367.03,0.0,136.6666667,0.0,514.92,0.0,30.0,342.6666667,223.3333333,0.0,5.333333333,31,1007223,1,1,U,DA,N,5274,19226.0,2766.41,2739.85,19221.0,5270,91.33,640.7,175.67,1225,318,126,1182.0,292.0,106.0,R,TENNESSEE AREA,Y,N,29.98999023,1.0,1.0,WC,0.0,0.0,O,5.0,S,A,3.0,M,7.0,2.0,I,A,0.0,N,U,U,U,U,Y,Y,935.0,730+,0,0.1046674902203006,2.083333333333333,0.0025941939468807906,93.0,26.380734942378776,3939.8675,0.16438356164383564,0,0,0,0,0,0,0,0,0,0,0,0,0.6484761,158.23957769298556,45,113.23957769298556,445.0488577133417,65,380.0488577133417,870.3176773114205,85,785.3176773114205
320.56,3529.666667,153.9866667,1.98,798.0,172.4333333,171.4833333,0.95,0.0,490.3333333,-22.49,35.33333333,0.0,2.333333333,0.0,91.33333333,0.0,726.3333333,0.0,336.3333333,0.0,613.0,0.0,5.0,23.33333333,21.77,148.3333333,3.0,1299.643333,0.0,1055.18,193.0,271.9033333,81.0,196.53,539.3333333,0.0,1290.613333,0.0,365.6666667,0.0,1064.206667,0.0,37.66666667,726.3333333,613.0,0.0,34.66666667,29,1099614,1,1,U,DA,N,10007,31855.0,2983.33,2895.09,31109.0,9746,125.87,1352.57,423.74,2880,832,257,2531.0,680.0,171.0,U,LOS ANGELES AREA,Y,N,199.9899902,3.0,3.0,WCMB,0.0,0.0,,,M,S,1.0,M,5.0,,C,,0.0,H,U,U,U,U,U,Y,95.0,<180,1,0.09079305135094477,1.1125688226702148,0.0,145.0,22.774002061946405,9296.24,0.1405961790925178,0,0,1,1,0,0,0,0,1,0,1,0,0.25698024,158.16497705078126,45,113.16497705078126,444.83899795532227,65,379.83899795532227,869.9073737792969,85,784.9073737792969
107.755,777.25,94.99,5.6925,48.5,16.975,16.975,0.0,0.0975,-408.25,-15.835,4.666666667,0.0,8.333333333,0.0,38.66666667,0.0,309.0,0.0,64.33333333,0.0,258.3333333,0.0,0.0,0.0,0.0,16.33333333,0.666666667,644.8466667,0.0,247.7033333,32.0,19.88666667,0.0,0.0,300.6666667,0.0,832.3566667,0.0,20.33333333,0.0,60.18666667,0.0,13.0,309.0,258.3333333,0.0,4.333333333,11,1090887,1,1,U,AA,N,2684,9203.0,1382.31,1110.81,9203.0,2684,111.08,920.3,268.4,913,268,113,798.0,230.0,101.0,U,HOUSTON AREA,Y,N,149.9899902,1.0,1.0,WCMB,0.0,0.0,,,,U,,,,,,,0.0,N,U,U,U,U,U,N,315.0,180-365,0,0.13845807902345003,0.17684133763933746,0.00012528107934468358,0.0,8.097197624752578,1185.3049999999998,0.8497322179436109,0,0,1,1,1,1,1,1,1,1,1,0,0.7641766,158.10020079994203,45,113.10020079994203,444.6568275952339,65,379.6568275952339,869.5511043996811,85,784.5511043996811
117.9475,823.0,59.99,7.6725,142.25,56.895,56.7,0.195,0.94,578.0,155.0525,6.666666667,0.0,21.0,0.0,41.33333333,0.0,238.3333333,0.666666667,92.33333333,0.0,174.0,0.666666667,5.666666667,13.33333333,9.146666667,35.0,0.0,385.6833333,0.553333333,397.14,32.0,40.4,4.0,17.59333333,164.0,0.333333333,425.9933333,0.293333333,93.66666667,0.333333333,356.8266667,0.26,27.66666667,239.0,174.6666667,0.0,2.666666667,17,1051244,1,1,U,DA,N,1786,8574.0,1227.19,1143.96,8547.0,1777,76.26,569.8,118.47,630,158,66,605.0,160.0,67.0,R,CHICAGO AREA,Y,R,99.98999023,3.0,2.0,WCMB,0.0,0.0,,,,U,,,,,,,0.0,U,U,U,U,U,U,N,160.0,<180,1,0.14314016990291262,0.9328578455484506,0.001140776699029126,96.333333339,13.494015412362682,2005.1075,0.13158718000695765,0,0,1,1,1,1,1,1,1,1,1,1,0.69809186,158.089329679966,45,113.089329679966,444.62624675512313,65,379.62624675512313,869.4913132398129,85,784.4913132398129
99.065,572.75,44.99,1.485,173.5,60.725,60.725,0.0,1.865,-424.75,-63.085,6.333333333,0.0,0.0,0.0,27.66666667,0.0,112.0,0.0,38.33333333,0.0,82.33333333,0.0,0.666666667,2.333333333,1.833333333,13.0,0.333333333,215.14,0.0,140.9466667,1.333333333,0.713333333,0.0,0.0,85.0,0.0,232.6533333,0.0,30.33333333,0.0,123.4333333,0.0,6.333333333,112.0,82.33333333,0.0,2.0,12,1085029,1,1,Y,BA,N,2025,8575.0,1433.64,1398.02,8539.0,2018,127.09,776.27,183.45,714,192,120,728.0,193.0,115.0,S,NEW ENGLAND AREA,Y,N,59.98999023,1.0,1.0,WCMB,0.0,0.0,O,5.0,S,M,2.0,M,6.0,1.0,I,A,0.0,U,Y,U,U,U,U,Y,363.0,180-365,0,0.1726623093681917,1.3203957382039573,0.003250544662309368,8.000000004,12.45379430310937,1188.78,0.3347770700263357,0,0,0,0,0,0,0,0,0,0,0,1,0.83111656,158.0823641924858,45,113.08236419248581,444.6066404342651,65,379.6066404342651,869.453003058672,85,784.453003058672
153.93,848.75,44.99,0.7425,265.0,100.36,26.1625,74.1975,0.0,537.25,151.05,3.333333333,0.666666667,8.0,0.0,40.33333333,0.666666667,180.0,13.33333333,97.33333333,0.0,130.3333333,12.0,0.0,0.0,0.0,44.0,1.0,154.9833333,223.0366667,205.26,29.66666667,26.72333333,3.333333333,2.913333333,123.6666667,1.666666667,177.43,22.26333333,102.0,10.33333333,182.8133333,200.7733333,12.0,193.3333333,142.3333333,0.0,2.333333333,19,1028629,1,1,N,CA,N,3667,10307.0,2111.34,2076.3,10307.0,3667,115.35,572.61,203.72,670,253,103,828.0,232.0,174.0,T,NORTH FLORIDA AREA,Y,R,99.98999023,2.0,2.0,WCMB,0.0,0.0,O,6.0,S,S,6.0,M,6.0,2.0,,A,0.0,H,U,U,U,U,U,Y,244.0,180-365,1,0.18114739629302737,2.182213524679278,0.0,0.0,18.45509893455099,2924.67,0.3142466689443116,0,0,0,0,0,0,0,0,0,1,0,0,0.53414446,157.86403938674928,45,112.86403938674928,443.99266582489014,65,378.99266582489014,868.2522166271211,85,783.2522166271211
106.3975,797.5,59.99,4.2075,174.0,52.2,52.2,0.0,0.0,74.5,16.0425,5.666666667,0.0,15.0,0.0,43.66666667,0.333333333,250.3333333,0.333333333,66.0,0.0,187.6666667,0.0,0.0,0.0,0.0,27.0,0.0,407.8633333,0.0,143.8866667,17.33333333,19.36,1.666666667,7.556666667,222.0,0.0,478.3166667,0.0,30.0,0.0,73.43333333,0.0,20.66666667,250.6666667,187.6666667,0.0,10.66666667,12,1063658,1,1,U,AA,N,2755,7846.0,919.68,889.7,7822.0,2750,80.88,711.09,250.0,773,260,101,725.0,243.0,88.0,C,DALLAS AREA,Y,N,79.98999023,2.0,1.0,WCMB,1.0,1.0,O,1.0,S,U,2.0,M,6.0,1.0,I,A,0.0,N,Y,U,U,Y,U,Y,348.0,180-365,1,0.13324671258609894,0.8558780127889818,0.0,0.0,13.07591408427611,1276.77,0.5388285184203552,0,0,0,0,0,0,0,0,0,0,0,1,0.7725091,157.81063666749003,45,112.81063666749003,443.8424187982082,65,378.8424187982082,867.9585016711951,85,782.9585016711951
139.2,830.25,59.99,0.495,268.0,80.4225,80.325,0.0975,8.2925,-585.25,-88.82,3.666666667,0.0,6.333333333,0.0,18.0,0.0,195.0,0.0,82.33333333,0.0,168.3333333,0.0,0.0,0.0,0.0,15.66666667,0.0,618.4133333,0.0,451.45,53.33333333,106.7133333,13.0,46.80666667,136.0,0.0,522.97,0.0,112.0,0.0,546.8866667,0.0,10.0,195.0,168.3333333,0.0,5.666666667,13,1079026,2,2,U,AA,N,2341,8731.0,1191.7,1110.82,8684.0,2330,92.57,723.67,194.17,1025,218,169,875.0,211.0,124.0,C,OHIO AREA,T,N,99.98999023,1.0,1.0,WCMB,0.0,0.0,,,,U,,,,,,,0.0,G,U,U,U,U,U,N,381.0,365-730,0,0.16745864661654133,1.3186178061977374,0.00997593984962406,0.0,13.612887358583373,1809.6,0.43129143463272335,0,0,1,1,1,1,1,1,1,1,1,1,0.590372,157.78519180297852,45,112.78519180297852,443.77085609436034,65,378.77085609436034,867.8185549163819,85,782.8185549163819
124.89,1021.0,89.99,1.2375,120.5,42.175,42.175,0.0,0.0,-625.0,-44.0,9.0,0.0,3.333333333,0.0,18.33333333,0.0,234.3333333,1.333333333,79.33333333,0.0,207.0,1.333333333,0.0,0.0,0.0,24.66666667,0.0,490.13,9.966666667,291.4866667,80.33333333,135.95,22.0,91.47333333,198.3333333,1.333333333,497.7066667,9.966666667,84.66666667,0.0,283.91,0.0,12.33333333,235.6666667,208.3333333,0.0,5.333333333,18,1034612,1,1,Y,AA,N,3454,11920.0,1712.48,1679.59,11914.0,3452,98.8,700.82,203.06,1229,341,139,1054.0,285.0,123.0,S,MIDWEST AREA,Y,N,129.9899902,1.0,1.0,WCMB,1.0,1.0,O,10.0,S,M,4.0,M,7.0,2.0,,A,0.0,S,U,U,U,Y,Y,Y,547.0,365-730,0,0.12220156555772994,0.4635124738982306,0.0,0.0,11.221013298164634,2248.02,0.6832876506589569,0,0,0,0,0,0,0,0,0,1,0,0,0.65789497,157.75585466766358,45,112.75585466766358,443.6883412528038,65,378.6883412528038,867.6572006721498,85,782.6572006721498
120.075,1496.75,44.99,0.0,242.5,84.875,84.875,0.0,0.0,-259.75,-49.245,42.33333333,0.0,11.0,0.0,52.66666667,0.0,427.6666667,0.0,264.0,0.0,339.6666667,0.0,0.0,0.0,0.0,110.0,0.0,507.2033333,0.0,537.6033333,111.0,96.42,43.0,82.84666667,163.3333333,0.0,290.9633333,0.0,422.3333333,0.0,753.85,0.0,53.33333333,427.6666667,339.6666667,0.0,23.0,12,1087415,1,1,Y,BA,N,6584,14260.0,1082.55,1016.94,14238.0,6576,92.45,1294.36,597.82,1583,630,137,1437.0,596.0,119.0,S,SOUTH FLORIDA AREA,N,N,129.9899902,1.0,1.0,WCMB,0.0,0.0,,,,U,2.0,M,,,C,,0.0,U,U,U,U,U,U,N,350.0,180-365,0,0.08017025538307461,1.8455098934550989,0.0,0.0,32.54511850402261,1440.9,0.3514308638673442,0,0,1,1,1,0,0,1,1,0,1,1,0.68411463,157.71851524829867,45,112.71851524829867,443.5833599209786,65,378.5833599209786,867.4518338656427,85,782.4518338656427
135.4625,428.5,29.99,0.0,211.5,74.025,74.025,0.0,31.4475,-176.5,-50.2825,1.666666667,0.0,0.0,0.0,8.666666667,0.0,68.66666667,0.0,8.333333333,0.0,58.66666667,0.0,4.0,4.333333333,2.746666667,4.333333333,0.0,83.4,0.0,10.53666667,27.66666667,14.50666667,1.0,0.703333333,48.0,0.0,55.68,0.0,17.0,0.0,38.25666667,0.0,1.666666667,68.66666667,58.66666667,0.0,0.333333333,32,1099378,1,1,U,B,N,1678,4420.0,1299.71,1267.41,4227.0,1614,46.94,156.56,59.78,487,218,152,294.0,128.0,91.0,S,SOUTHWEST AREA,Y,N,29.98999023,2.0,1.0,WC,0.0,0.0,,,,U,,,,,,,0.0,U,U,U,U,U,U,N,926.0,730+,1,0.315395809080326,2.388673765730881,0.07321885913853318,128.0,13.827040980961602,4334.8,0.13534228627579428,0,0,1,1,1,1,1,1,1,1,1,1,0.6059562,157.60194047689438,45,112.60194047689438,443.25546566545967,65,378.25546566545967,866.8106726229191,85,781.8106726229191
178.0125,1881.0,125.7825,0.2475,245.5,61.0,61.0,0.0,0.0,-104.0,30.1475,5.666666667,0.0,1.0,0.0,54.33333333,0.0,329.0,0.0,121.6666667,0.0,268.6666667,0.0,1.666666667,6.333333333,5.826666667,48.66666667,0.333333333,1017.383333,0.0,448.73,63.66666667,87.07333333,36.66666667,105.0266667,182.0,0.0,642.4933333,0.0,203.0,0.0,823.6233333,0.0,6.666666667,329.0,268.6666667,1.666666667,0.0,19,1027063,2,2,U,EA,N,3884,20791.0,1879.39,1824.36,20791.0,3884,101.35,1155.06,215.78,1916,392,168,1665.0,346.0,128.0,T,MIDWEST AREA,Y,N,29.98999023,1.0,1.0,WC,0.0,0.0,O,5.0,S,M,2.0,M,6.0,,I,A,0.0,N,U,U,U,U,U,Y,592.0,365-730,0,0.09458687566418703,0.4811389584524678,0.0,31.666666673,14.836432472935934,3382.2374999999997,0.31768162300563246,0,0,0,0,0,0,0,0,1,0,0,0,0.46096906,157.5518494284153,45,112.5518494284153,443.11459243297577,65,378.11459243297577,866.5351718562841,85,781.5351718562841
134.98,784.5,34.98,0.0,193.25,86.9625,86.9625,0.0,0.0,-484.5,-100.0,7.666666667,0.0,1.333333333,0.0,36.66666667,0.0,180.0,0.0,58.33333333,0.0,134.3333333,0.0,0.0,0.0,0.0,33.0,0.666666667,598.4466667,0.0,113.0466667,28.33333333,28.54,13.33333333,27.73666667,94.33333333,0.0,343.9966667,0.0,85.0,0.0,367.4966667,0.0,9.0,180.0,134.3333333,0.0,0.666666667,24,1016232,1,1,U,A,N,1617,4945.0,1180.73,1123.23,4840.0,1545,51.06,220.0,70.23,946,190,168,536.0,124.0,102.0,U,NEW YORK CITY AREA,N,N,29.98999023,1.0,1.0,WC,0.0,0.0,O,3.0,M,U,1.0,M,8.0,,,,0.0,H,U,U,U,U,U,Y,725.0,365-730,0,0.17183959261616805,2.416967759866593,0.0,0.0,21.80377987770984,3239.5199999999995,0.2926571364662342,0,0,0,0,0,0,0,0,1,1,1,1,0.60725117,157.37618669319153,45,112.37618669319153,442.62053714275356,65,377.62053714275356,865.5690268125534,85,780.5690268125534
214.8875,1069.25,84.99,5.94,390.75,97.6875,97.6875,0.0,26.5825,-658.25,-48.5375,6.666666667,0.0,15.0,0.0,23.33333333,0.0,276.6666667,0.0,27.33333333,0.0,233.3333333,0.0,0.0,0.0,0.0,7.0,0.333333333,700.5266667,0.0,109.0433333,49.66666667,49.66,5.0,11.06,233.0,0.0,760.2,0.0,26.0,0.0,49.37333333,0.0,21.66666667,276.6666667,233.3333333,0.0,1.0,34,1005586,2,2,Y,A,N,6059,23213.0,3698.94,3614.54,22709.0,5912,112.95,709.66,184.75,1289,346,231,1163.0,293.0,191.0,S,MIDWEST AREA,Y,N,199.9899902,3.0,3.0,WCMB,1.0,1.0,O,4.0,S,M,2.0,M,9.0,1.0,I,A,1.0,U,Y,Y,U,U,U,Y,45.0,<180,1,0.2007825274468582,1.1360332596813583,0.02483765475356225,0.0,12.434585416908943,7306.174999999999,0.4681575043214329,0,0,0,0,0,0,0,0,0,0,0,1,0.38136643,157.34567966461182,45,112.34567966461182,442.5347752898931,65,377.5347752898931,865.401238155365,85,780.401238155365
101.4175,120.0,10.605,0.0,89.25,89.25,89.25,0.0,0.0,-112.0,-90.9675,0.666666667,0.0,0.333333333,0.0,1.333333333,0.0,9.333333333,0.0,1.0,0.0,7.0,0.0,0.0,0.0,0.0,0.333333333,0.0,22.26666667,0.0,2.066666667,0.666666667,3.263333333,0.0,0.0,1.333333333,0.0,2.093333333,0.0,6.666666667,0.0,22.24,0.0,1.0,9.333333333,7.0,0.0,0.0,29,1097683,3,1,U,A,N,3512,13984.0,2520.67,2513.53,13984.0,3512,96.67,537.85,135.08,157,26,132,80.0,14.0,69.0,C,CALIFORNIA NORTH AREA,Y,N,199.9899902,2.0,2.0,WCMB,0.0,0.0,,,,U,,,,,,,0.0,N,U,U,U,U,U,N,512.0,365-730,1,0.8381611570247934,7.690650581645842,0.0,0.0,10.34037052994399,2941.1075,0.11506618412572504,0,0,1,1,1,1,1,1,1,1,1,0,0.8072329,157.1856927828789,45,112.1856927828789,442.0847549068928,65,377.0847549068928,864.5213103058339,85,779.5213103058339
109.55,457.0,34.98,0.0,138.25,62.2125,62.2125,0.0,0.0,376.0,68.84,4.333333333,0.0,1.333333333,0.0,38.33333333,0.0,173.3333333,0.0,115.6666667,0.0,129.6666667,0.0,0.0,0.0,0.0,96.0,5.666666667,166.4566667,0.0,70.23333333,5.333333333,5.806666667,0.0,0.0,182.0,0.0,174.0233333,0.0,55.0,0.0,62.66666667,0.0,5.666666667,173.3333333,129.6666667,0.0,0.0,27,1015184,1,1,U,A,N,1230,3455.0,1290.6,1203.69,3254.0,1165,48.15,130.16,46.6,332,182,87,184.0,95.0,65.0,U,NEW YORK CITY AREA,N,N,29.98999023,1.0,1.0,WC,0.0,0.0,O,5.0,,U,1.0,M,6.0,1.0,A,,0.0,H,U,U,U,U,U,Y,807.0,730+,0,0.23919213973799125,1.7290856031128405,0.0,0.0,12.701500833796555,2957.85,0.36642309748707896,0,0,0,0,1,0,0,0,0,0,1,1,0.74707913,157.13764090538027,45,112.13764090538027,441.9496085166931,65,376.9496085166931,864.2570249795914,85,779.2570249795914
117.74,672.0,39.99,0.0,220.75,77.2625,77.2625,0.0,10.4875,-452.0,-87.75,12.66666667,0.0,2.333333333,0.0,34.0,0.0,108.0,0.0,87.66666667,0.0,67.33333333,0.0,4.666666667,5.666666667,1.716666667,35.33333333,0.0,220.2533333,0.0,386.3866667,6.666666667,12.28,4.333333333,9.986666667,62.33333333,0.0,264.4766667,0.0,69.66666667,0.0,342.16,0.0,15.0,108.0,67.33333333,0.0,0.0,12,1064704,1,1,Y,DA,Y,1238,4735.0,916.79,856.81,4726.0,1232,77.89,429.64,112.0,823,149,147,525.0,102.0,97.0,S,NEW YORK CITY AREA,Y,N,129.9899902,1.0,1.0,WCMB,0.0,0.0,,,,U,1.0,M,6.0,,A,,0.0,H,U,U,U,U,U,Y,356.0,180-365,0,0.17494799405646358,1.884910953891193,0.015583209509658249,56.000000004,16.394242498170286,1412.8799999999999,0.13242266056214963,0,0,1,1,1,0,0,0,1,0,1,0,0.69510883,157.13686738967897,45,112.13686738967897,441.9474465513229,65,376.9474465513229,864.2527706432343,85,779.2527706432343
142.71,911.0,54.91,5.445,215.75,84.1425,0.0,84.1425,1.7125,-568.0,-85.59,2.333333333,0.666666667,4.333333333,0.0,18.66666667,0.0,112.0,24.66666667,60.0,0.0,87.66666667,24.0,0.0,0.0,0.0,24.0,0.0,229.6766667,272.8666667,379.56,31.33333333,83.03,24.33333333,140.99,41.66666667,5.0,116.7433333,16.95333333,105.0,19.0,492.4933333,255.9133333,7.333333333,136.6666667,111.6666667,0.0,2.333333333,26,1019866,2,2,U,BA,N,4702,17760.0,2521.78,2441.25,17560.0,4604,97.65,702.4,184.16,1100,188,171,1090.0,208.0,119.0,S,DALLAS AREA,Y,N,199.9899902,4.0,4.0,WCMB,1.0,1.0,O,15.0,S,S,4.0,M,6.0,1.0,I,A,0.0,N,U,U,U,U,U,Y,222.0,180-365,1,0.15648026315789473,1.5049633339295296,0.0018777412280701754,0.0,16.294043999284565,3710.46,0.3992074400671177,0,0,0,0,0,0,0,0,0,0,0,0,0.57330906,157.08851810073855,45,112.08851810073855,441.81147417068485,65,376.81147417068485,863.986849554062,85,778.986849554062
109.9125,1274.25,84.99,4.7025,4.75,1.2225,1.125,0.0975,0.0,-319.25,-24.9825,28.33333333,0.0,3.0,0.0,37.33333333,0.0,305.6666667,0.333333333,33.66666667,0.0,240.0,0.333333333,0.0,0.0,0.0,17.66666667,0.0,447.6666667,0.016666667,80.35,24.66666667,23.00666667,0.0,0.0,185.3333333,0.0,332.4333333,0.0,75.66666667,0.333333333,195.5833333,0.016666667,31.33333333,306.0,240.3333333,0.0,4.0,11,1069612,1,1,N,AA,N,3795,10010.0,1118.17,838.2,10001.0,3791,93.13,1111.22,421.22,1381,514,118,1244.0,457.0,100.0,,NEW ENGLAND AREA,Y,R,99.98999023,3.0,2.0,WCMB,0.0,0.0,O,6.0,S,M,3.0,M,7.0,,H,A,0.0,D,U,U,U,U,U,Y,52.0,<180,1,0.08618898255244069,0.014216769391789744,0.0,0.0,14.81858355622747,1209.0375,0.9859825139744876,1,0,0,0,0,0,0,0,1,0,0,1,0.74412453,157.03409237623214,45,112.03409237623214,441.65836515426633,65,376.65836515426633,863.6875080692769,85,778.6875080692769
144.9975,1554.25,86.655,0.7425,234.0,93.6,93.6,0.0,0.0,-814.25,-67.0375,12.33333333,0.0,8.666666667,0.0,47.33333333,0.0,334.3333333,0.0,108.3333333,0.0,270.3333333,0.0,3.666666667,24.0,22.17,35.33333333,0.0,1001.476667,0.0,589.7533333,78.33333333,151.85,5.0,44.85,168.3333333,0.0,676.7,0.0,197.0,0.0,914.53,0.0,21.0,334.3333333,270.3333333,0.0,6.0,21,1032855,1,1,U,BA,N,5571,23089.0,2331.37,2298.47,23086.0,5570,120.97,1215.05,293.16,1826,342,167,1890.0,403.0,176.0,S,NORTH FLORIDA AREA,Y,R,29.98999023,3.0,3.0,WCMB,0.0,0.0,,,M,B,1.0,M,,,C,,0.0,G,U,U,U,U,U,N,185.0,180-365,1,0.09323099180196111,1.067822714049398,0.0,77.000000007,17.731447150761507,3044.9475,0.17438344263129535,0,0,1,1,0,0,0,1,1,0,1,1,0.5635473,156.8888669714928,45,111.8888669714928,441.24992971479895,65,376.24992971479895,862.8887683432104,85,777.8887683432104
108.3975,1257.75,43.78,0.7425,170.75,61.125,61.125,0.0,0.0,-660.75,-64.4075,14.33333333,0.0,0.666666667,0.0,43.0,0.0,368.0,0.0,160.0,0.0,315.0,0.0,4.0,18.0,15.53,72.66666667,0.666666667,835.28,0.0,518.71,46.66666667,47.1,1.333333333,10.16,166.6666667,0.0,421.3033333,0.0,257.6666667,0.0,932.6866667,0.0,15.0,368.0,315.0,0.0,11.33333333,13,1081997,1,1,U,AA,N,4384,14018.0,1104.92,1035.31,14018.0,4384,86.28,1168.17,365.33,1478,360,130,1295.0,379.0,117.0,S,CALIFORNIA NORTH AREA,N,N,129.9899902,1.0,1.0,WCMB,0.0,0.0,O,5.0,M,S,1.0,M,6.0,2.0,C,,0.0,N,U,U,U,U,U,Y,373.0,365-730,0,0.08611519364448858,1.3650066994193837,0.0,52.0,28.08731576596695,1409.1675,0.15710902552407682,0,0,0,0,0,0,0,0,0,0,1,0,0.75350004,156.82084456443786,45,111.82084456443786,441.05859949350355,65,376.05859949350355,862.5146451044083,85,777.5146451044083
132.6125,459.5,34.62,0.0,251.0,100.0975,100.0,0.0975,4.585,-120.5,-93.3725,3.666666667,0.0,29.33333333,0.333333333,35.0,0.0,315.0,0.666666667,35.33333333,0.0,247.6666667,0.333333333,0.0,0.0,0.0,16.66666667,1.333333333,337.1333333,0.04,52.18,7.666666667,7.25,0.0,0.0,260.3333333,0.333333333,366.6033333,0.04,21.66666667,0.0,22.71,0.0,33.33333333,315.6666667,248.0,0.0,1.333333333,16,1064271,2,1,U,I,N,2948,6373.0,1913.42,1851.6,6353.0,2935,123.44,423.53,195.67,500,243,164,619.0,258.0,170.0,R,OHIO AREA,Y,R,99.98999023,2.0,2.0,WCMB,0.0,0.0,O,9.0,S,M,4.0,M,7.0,2.0,C,A,0.0,N,Y,Y,U,U,U,Y,424.0,365-730,1,0.28797502714440826,2.8101487928130267,0.00995656894679696,0.0,12.900056148231332,2121.8,0.2624569418092729,0,0,0,0,0,0,0,0,0,0,0,0,0.6151389,156.62420825719835,45,111.62420825719835,440.5055936276913,65,375.5055936276913,861.433145414591,85,776.433145414591
206.7,2347.5,59.99,0.2475,346.25,103.875,103.875,0.0,29.3225,1121.5,321.1,31.33333333,0.0,0.333333333,0.0,16.0,0.0,366.0,0.0,321.0,0.0,329.6666667,0.0,0.0,0.0,0.0,165.3333333,0.0,579.2966667,0.0,672.19,52.33333333,74.77,11.33333333,23.88,157.0,0.0,215.46,0.0,462.6666667,0.0,1036.03,0.0,31.66666667,366.0,329.6666667,0.0,0.0,14,1070746,1,1,U,M,N,7287,20174.0,1089.46,1009.48,20156.0,7280,77.65,1550.46,560.0,1974,720,100,2028.0,729.0,91.0,U,NEW YORK CITY AREA,N,N,129.9899902,6.0,5.0,WCMB,0.0,0.0,,,,U,,,,,,,0.0,Z,U,U,U,U,U,N,-1.0,<180,1,0.08801362571854375,1.7031480570585342,0.012485629124973387,0.0,38.48991637973438,2893.7999999999997,0.3699390410335729,0,0,1,1,1,1,1,1,1,1,1,1,0.39447927,156.55462683677672,45,111.55462683677672,440.30990645885464,65,375.30990645885464,861.050447602272,85,776.050447602272
114.65,465.75,30.0,0.99,238.75,83.5625,83.5625,0.0,0.0975,-464.75,-84.65,1.0,0.0,17.33333333,0.0,10.0,0.0,152.3333333,0.0,34.66666667,0.0,124.0,0.0,0.0,0.0,0.0,11.33333333,0.666666667,222.3,0.0,87.20333333,27.66666667,23.19333333,3.0,6.55,119.6666667,0.0,229.1866667,0.0,39.0,0.0,80.31666667,0.0,18.33333333,152.3333333,124.0,0.0,1.0,23,1028114,1,1,U,AA,N,3701,8750.0,1565.8,1533.05,8735.0,3690,69.68,397.05,167.73,621,263,143,545.0,230.0,110.0,T,DC/MARYLAND/VIRGINIA AREA,Y,N,29.98999023,1.0,1.0,,0.0,0.0,,,,U,,,,,,,0.0,U,U,U,U,U,U,N,690.0,365-730,0,0.24563470808784146,2.6955645161290325,0.00020889126941617568,0.0,15.024193548387096,2636.9500000000003,0.270594653573377,0,1,1,1,1,1,1,1,1,1,1,1,0.7098862,156.2658192062378,45,111.26581920623781,439.4976438522339,65,374.4976438522339,859.462005634308,85,774.462005634308
114.76,1624.75,69.99,2.97,154.5,61.8,61.8,0.0,0.0,-9.75,24.41,21.33333333,0.0,0.666666667,0.0,181.0,0.0,670.0,0.0,430.6666667,0.0,474.6666667,0.0,9.666666667,13.0,8.643333333,283.3333333,1.333333333,467.7333333,0.0,528.5833333,95.0,67.83666667,33.33333333,45.19,308.6666667,0.0,323.7066667,0.0,503.0,0.0,672.61,0.0,22.0,670.0,474.6666667,0.0,28.0,11,1090388,1,1,U,AA,N,7964,15077.0,926.71,839.84,14977.0,7908,83.98,1497.7,790.8,1628,798,107,1564.0,802.0,85.0,T,SOUTHWEST AREA,Y,N,199.9899902,1.0,1.0,WCMB,0.0,0.0,,5.0,M,U,2.0,M,2.0,1.0,C,B,0.0,F,U,U,U,U,Y,Y,319.0,180-365,0,0.07058895894202676,0.8705451472038316,0.0,106.333333337,22.887026341738274,1262.3600000000001,0.08667605450121563,0,0,1,0,0,0,0,0,0,0,0,0,0.7088235,156.1816033859253,45,111.18160338592531,439.2607937240601,65,374.2607937240601,858.9988186225892,85,773.9988186225892
87.68,491.5,44.99,0.495,120.5,48.195,48.0,0.195,0.0,-491.5,-48.69,20.33333333,0.0,3.0,0.0,100.6666667,0.0,343.6666667,0.0,90.0,0.0,221.3333333,0.0,0.333333333,0.666666667,0.34,62.33333333,0.0,267.0866667,0.0,76.53666667,60.0,43.44666667,4.666666667,5.51,138.0,0.0,182.7366667,0.0,125.3333333,0.0,160.8866667,0.0,23.33333333,343.6666667,221.3333333,0.0,0.0,12,1062889,1,1,U,BA,N,3421,10054.0,960.56,872.58,10000.0,3404,79.33,909.09,309.45,655,301,104,756.0,292.0,79.0,C,NORTHWEST/ROCKY MOUNTAIN AREA,N,N,129.9899902,1.0,1.0,WCMB,0.0,0.0,,,,U,,,,,,,0.0,G,U,U,U,U,U,N,366.0,365-730,0,0.1780304568527919,1.047945205479452,0.0,3.999999996,10.687105892585345,1052.16,0.4199424736925327,0,0,1,1,1,1,1,1,1,1,1,1,0.9275997,156.1573394775391,45,111.1573394775391,439.19253295898443,65,374.19253295898443,858.865367126465,85,773.865367126465
115.725,1475.5,77.53,0.0,241.25,96.5,96.5,0.0,0.0,1060.5,200.865,14.33333333,0.0,59.66666667,0.0,36.0,0.0,433.6666667,0.0,136.0,0.0,330.0,0.0,7.0,8.666666667,5.496666667,38.0,0.666666667,724.0066667,0.0,438.13,68.66666667,83.30666667,30.0,105.6466667,309.0,0.0,770.4,0.0,142.3333333,0.0,391.7366667,0.0,74.0,433.6666667,330.0,0.0,8.666666667,22,1026500,3,2,U,BA,N,3217,8293.0,1174.23,1121.74,8050.0,3072,86.29,619.23,236.31,1122,381,49,972.0,349.0,127.0,S,TENNESSEE AREA,Y,N,149.9899902,2.0,2.0,WCMB,0.0,0.0,,,M,U,1.0,M,,,,,0.0,N,U,U,U,U,U,Y,263.0,180-365,1,0.07837792075855063,1.2288297465936584,0.0,154.0,18.788997835222208,2545.95,0.10835610011866324,0,0,1,1,0,0,0,1,1,1,1,1,0.7024069,156.06919682264328,45,111.06919682264328,438.94461951255795,65,373.94461951255795,858.380582524538,85,773.380582524538
120.1625,887.25,45.0,3.2175,208.25,55.3875,46.125,9.2625,5.42,267.75,69.6375,11.66666667,1.666666667,26.66666667,1.0,26.0,0.333333333,220.0,9.666666667,72.66666667,0.0,159.0,6.666666667,0.666666667,3.666666667,3.126666667,25.0,0.666666667,300.9133333,20.71333333,171.7,44.0,48.60333333,21.66666667,52.54666667,200.3333333,6.666666667,418.4266667,20.71333333,28.0,0.0,54.19,0.0,41.0,229.6666667,165.6666667,0.0,3.666666667,18,1034498,2,2,U,BA,N,5400,12882.0,1416.65,1359.03,12776.0,5365,79.94,751.53,315.59,798,309,97,710.0,285.0,74.0,R,OHIO AREA,Y,R,29.98999023,6.0,2.0,WCMB,1.0,1.0,,2.0,S,A,2.0,M,4.0,,I,A,0.0,S,U,U,U,U,U,N,45.0,<180,1,0.135280045032367,1.204076086956522,0.006101885730368703,12.000000006,19.28804347826087,2162.9249999999997,0.34834190511210994,0,0,1,0,0,0,0,0,1,0,0,1,0.6758271,155.92142553448676,45,110.92142553448676,438.5290200591087,65,373.5290200591087,857.5678404396772,85,772.5678404396772
113.045,929.75,64.63,1.2375,193.0,49.275,49.275,0.0,0.0,-929.75,-113.045,2.666666667,0.0,0.0,0.0,14.66666667,0.0,47.66666667,0.0,3.666666667,0.0,30.33333333,0.0,1.0,1.333333333,0.523333333,1.0,0.0,82.12666667,0.0,14.98666667,0.0,0.0,0.0,0.0,13.66666667,0.0,34.94,0.0,20.0,0.0,62.18,0.0,2.666666667,47.66666667,30.33333333,0.0,0.0,16,1041277,1,1,N,CA,Y,3932,17103.0,1579.66,1536.5,17010.0,3889,109.75,1215.0,277.79,1240,244,151,1809.0,398.0,147.0,,GREAT LAKES AREA,N,N,29.98999023,1.0,1.0,WC,0.0,0.0,,,,U,,,,,,,0.0,G,U,U,U,U,U,N,473.0,365-730,0,0.12145581520279344,0.7507999390522627,0.0,16.0,14.166539692213927,1808.72,0.3635306173318193,1,0,1,1,1,1,1,1,1,1,1,0,0.718301,155.90465440273286,45,110.90465440273286,438.4818472456932,65,373.4818472456932,857.4755992150308,85,772.4755992150308
182.8475,1838.75,58.4925,0.2475,339.0,127.1725,127.075,0.0975,6.3425,-485.75,-7.7275,13.66666667,0.0,7.333333333,0.0,22.33333333,0.0,314.6666667,0.333333333,128.0,0.0,277.6666667,0.333333333,16.33333333,44.66666667,32.83,34.66666667,0.0,784.6266667,0.123333333,522.8366667,42.33333333,38.29,14.33333333,33.71333333,192.3333333,0.0,612.3666667,0.0,207.0,0.333333333,695.1,0.123333333,21.0,315.0,278.0,0.0,3.666666667,11,1055652,1,1,N,ZA,Y,4108,18098.0,1432.68,1352.7,17982.0,4071,135.27,1798.2,407.1,2001,449,185,1986.0,458.0,171.0,C,DALLAS AREA,Y,N,129.9899902,2.0,2.0,WCMB,0.0,0.0,,,,U,,,,,,,0.0,S,U,U,U,U,U,N,199.0,180-365,1,0.09938714499252616,2.137622389376812,0.00344747927707569,179.66666662999998,30.907257217296298,2011.3225,0.0513585472851153,0,0,1,1,1,1,1,1,1,1,1,1,0.4440761,155.90055684733392,45,110.90055684733392,438.4703106838465,65,373.4703106838465,857.4530626603365,85,772.4530626603365
273.105,1771.0,52.4925,0.0,497.75,199.1,199.1,0.0,0.0,-726.0,31.855,14.33333333,0.0,5.666666667,0.0,85.66666667,0.0,458.6666667,0.0,379.3333333,0.0,362.0,0.0,4.333333333,9.333333333,6.61,205.3333333,0.333333333,462.6466667,0.0,792.4066667,116.6666667,106.8033333,50.0,68.97,419.3333333,0.0,600.2666667,0.0,313.0,0.0,654.7866667,0.0,20.0,458.6666667,362.0,0.0,24.66666667,7,1094946,1,1,U,Z4,Y,3472,8712.0,1126.96,1041.08,8654.0,3443,173.51,1442.33,573.83,2013,776,262,1442.0,574.0,173.0,U,HOUSTON AREA,Y,N,149.9899902,1.0,1.0,WCMB,0.0,0.0,O,6.0,,B,1.0,M,7.0,2.0,,,0.0,X,U,U,U,U,U,N,195.0,180-365,0,0.15412246049661402,3.7220171052016635,0.0,30.333333331,33.10744496892087,1911.7350000000001,0.11043194924641632,0,0,0,0,1,0,0,0,0,1,1,1,0.2972235,155.85260481834413,45,110.85260481834413,438.3354510515929,65,373.3354510515929,857.1893265008927,85,772.1893265008927
130.3775,627.25,29.99,0.0,263.25,92.1375,92.1375,0.0,0.0,522.75,164.6625,1.0,0.0,1.666666667,0.0,19.0,0.0,95.66666667,0.0,63.66666667,0.0,75.0,0.0,0.0,0.0,0.0,36.66666667,0.0,97.01,0.0,128.1933333,34.0,37.67,19.66666667,44.88,64.0,0.0,83.77333333,0.0,73.66666667,0.0,141.43,0.0,2.666666667,95.66666667,75.0,0.0,3.333333333,19,1048407,1,1,U,AA,N,2543,6059.0,906.08,846.1,6051.0,2539,47.01,336.17,141.06,453,154,76,339.0,126.0,54.0,C,MIDWEST AREA,N,N,129.9899902,2.0,2.0,WCMB,0.0,0.0,,,,U,,,,,,,0.0,H,U,U,U,U,U,N,44.0,<180,1,0.20752487067250297,2.9731364956437565,0.0,0.0,20.240400129073898,2477.1725,0.25169032100871047,0,0,1,1,1,1,1,1,1,1,1,0,0.62249905,155.82695981550216,45,110.82695981550216,438.26331670999525,65,373.26331670999525,857.048278985262,85,772.048278985262
152.99,1564.75,76.2875,0.2475,239.5,61.415,57.125,4.29,0.94,1725.25,188.45,3.666666667,0.0,38.33333333,0.333333333,34.33333333,1.333333333,252.3333333,5.0,74.66666667,0.0,177.0,3.333333333,2.0,3.666666667,2.763333333,21.33333333,0.0,453.4933333,12.83,1018.423333,75.33333333,71.8,17.0,100.4833333,127.3333333,0.666666667,502.3533333,3.466666667,123.0,2.666666667,969.56,9.363333333,42.33333333,257.3333333,180.3333333,0.0,2.666666667,25,1017710,1,1,U,A,N,4489,28794.0,2925.28,2833.07,28411.0,4342,128.78,1291.41,197.36,990,234,90,1143.0,230.0,110.0,S,CENTRAL/SOUTH TEXAS AREA,Y,R,29.98999023,2.0,2.0,WCMB,0.0,0.0,O,2.0,M,M,1.0,M,4.0,1.0,C,O,0.0,N,U,U,Y,Y,U,Y,416.0,365-730,1,0.09771036244611209,0.7946304382985606,0.0006003512693597317,50.0,20.245835355005664,3824.75,0.26353027422833325,0,0,0,0,0,0,0,0,0,0,0,0,0.53046733,155.8198983020783,45,110.81989830207829,438.2434730935097,65,373.2434730935097,857.0094406614305,85,772.0094406614305
131.925,1001.75,34.98,0.495,203.25,91.4625,91.4625,0.0,0.0,8.25,-13.905,24.0,0.0,0.333333333,0.0,15.33333333,0.0,284.6666667,0.0,163.3333333,0.0,254.0,0.0,0.0,0.0,0.0,96.33333333,0.666666667,404.54,0.0,324.7766667,126.3333333,145.2566667,39.0,112.9733333,124.0,0.0,152.74,0.0,260.3333333,0.0,576.57,0.0,24.33333333,284.6666667,254.0,0.0,1.0,25,1018936,2,2,U,AA,N,3585,6338.0,1079.98,1045.95,6217.0,3522,47.54,282.59,160.09,999,419,137,632.0,295.0,87.0,U,NEW YORK CITY AREA,N,N,79.98999023,1.0,1.0,WC,0.0,0.0,O,1.0,M,S,2.0,M,6.0,1.0,I,O,0.0,H,Y,Y,Y,U,U,Y,752.0,730+,0,0.13156320119670906,2.5420372429127296,0.0,0.0,27.841856586992776,3298.1250000000005,0.2823234007493575,0,0,0,0,0,0,0,0,0,0,0,1,0.61506677,155.7939567804337,45,110.79395678043369,438.17049558162694,65,373.17049558162694,856.8667622923853,85,771.8667622923853
168.695,2040.5,106.6575,5.445,138.5,55.4,55.4,0.0,8.6925,-316.5,108.835,21.33333333,0.0,0.666666667,0.0,75.66666667,0.0,377.6666667,0.0,350.3333333,0.0,290.6666667,0.0,2.0,5.333333333,4.293333333,172.0,0.0,905.2433333,0.0,1010.96,57.33333333,98.55333333,6.0,26.36333333,279.0,0.0,882.0666667,0.0,239.6666667,0.0,1034.143333,0.0,22.0,377.6666667,290.6666667,0.0,5.333333333,14,1071671,1,1,U,BA,N,6850,25179.0,2494.34,2389.36,25145.0,6839,183.8,1934.23,526.08,2146,486,133,2038.0,495.0,148.0,C,DC/MARYLAND/VIRGINIA AREA,Y,N,149.9899902,1.0,1.0,WCMB,0.0,0.0,,,,U,,,,,,,0.0,H,U,U,U,U,U,N,416.0,365-730,0,0.0826328679892236,0.5145948958502659,0.004257898603967671,28.0,18.95362608271602,2361.73,0.28452781319995507,0,0,1,1,1,1,1,1,1,1,1,1,0.4806671,155.68539944267275,45,110.68539944267275,437.86516582250596,65,372.86516582250596,856.2696969347,85,771.2696969347
159.175,1167.5,44.99,3.96,343.5,120.225,120.225,0.0,0.0,-1167.5,-124.185,45.66666667,0.0,38.33333333,0.0,136.3333333,0.0,609.0,0.0,216.6666667,0.0,407.3333333,0.0,3.0,26.66666667,25.0,130.6666667,0.666666667,322.1733333,0.0,209.87,63.66666667,14.49333333,29.33333333,35.01,251.3333333,0.0,222.74,0.0,354.0,0.0,309.3066667,0.0,84.0,609.0,407.3333333,0.0,15.66666667,11,1083480,2,2,U,EA,N,8761,14603.0,1276.99,1180.11,13877.0,8284,131.12,1541.89,920.44,1557,943,201,1667.0,1001.0,173.0,,MIDWEST AREA,N,N,129.9899902,1.0,1.0,WCMB,0.0,0.0,,,,U,,,,,,,0.0,Z,U,U,U,U,U,N,308.0,180-365,0,0.13622165169020112,2.6141552511415522,0.0,33.0,25.38595346814525,1750.9250000000002,0.15119088712461168,1,0,1,1,1,1,1,1,1,1,1,1,0.508979,155.55214508533481,45,110.55214508533481,437.49041754007345,65,372.49041754007345,855.5367979693415,85,770.5367979693415
111.815,1505.5,59.99,1.485,149.5,59.8,59.8,0.0,0.54,-8.5,36.955,26.0,0.0,10.33333333,0.0,101.6666667,0.0,364.3333333,0.0,27.0,0.0,227.3333333,0.0,2.333333333,3.333333333,2.463333333,13.66666667,0.666666667,1021.293333,0.0,73.13666667,41.33333333,54.48,4.666666667,6.806666667,123.6666667,0.0,384.3866667,0.0,128.6666667,0.0,710.0433333,0.0,36.33333333,364.3333333,227.3333333,0.0,1.0,13,1084222,1,1,U,CA,Y,2264,11444.0,1014.68,949.07,11325.0,2262,86.28,1029.55,205.64,1508,266,100,1053.0,215.0,85.0,,ATLANTIC SOUTH AREA,Y,R,29.98999023,2.0,2.0,WCMB,0.0,0.0,O,6.0,S,M,4.0,M,7.0,1.0,C,A,0.0,N,U,U,U,U,U,Y,266.0,180-365,1,0.07422170594092267,0.9804886046892932,0.0003584467308330568,30.333333329000002,24.68437448762092,1453.595,0.23181299887766157,1,0,0,0,0,0,0,0,0,0,0,1,0.724301,155.49640262222292,45,110.49640262222292,437.33365903377535,65,372.33365903377535,855.230214422226,85,770.230214422226
147.1325,1189.0,40.0,2.7225,304.25,106.4975,106.4,0.0975,0.0,44.0,21.5375,26.0,0.0,4.333333333,0.0,160.3333333,0.0,477.3333333,0.333333333,162.6666667,0.0,292.0,0.333333333,3.333333333,23.66666667,21.44666667,110.3333333,0.333333333,538.34,0.073333333,210.5766667,59.33333333,71.46666667,9.0,19.99,164.6666667,0.333333333,372.9566667,0.073333333,234.3333333,0.0,375.96,0.0,30.33333333,477.6666667,292.3333333,0.0,5.0,16,1052792,1,1,U,EA,N,5909,14759.0,1376.69,1316.7,14698.0,5884,87.78,979.87,392.27,1174,451,140,1154.0,472.0,117.0,U,NEW YORK CITY AREA,Y,N,149.9899902,2.0,2.0,WCMB,0.0,0.0,,,,U,,,,,,,0.0,I,U,U,U,U,U,N,391.0,365-730,1,0.123640756302521,2.5975,0.0,53.333333328,29.0,2354.12,0.14428279428372165,0,0,1,1,1,1,1,1,1,1,1,0,0.5502344,155.43814152383806,45,110.43814152383806,437.16976426601406,65,372.16976426601406,854.9097783811093,85,769.9097783811093
172.6875,1804.25,54.99,1.485,367.75,128.7125,124.3375,4.375,0.0,428.75,128.8525,18.66666667,5.333333333,2.666666667,0.0,113.0,0.0,464.6666667,35.0,116.6666667,0.0,334.0,29.66666667,6.0,9.666666667,5.393333333,62.0,0.333333333,916.1266667,123.9666667,349.4966667,128.3333333,180.9966667,37.0,89.46333333,184.0,2.333333333,357.95,8.49,252.3333333,27.33333333,907.68,115.48,26.66666667,499.6666667,363.6666667,0.0,11.33333333,10,1085328,1,1,Y,ZA,Y,3601,11463.0,1067.59,996.42,11423.0,3576,110.71,1269.22,397.33,1661,434,130,1415.0,411.0,119.0,U,PHILADELPHIA AREA,Y,N,149.9899902,1.0,1.0,WCMB,0.0,0.0,,,,U,,,,,,,0.0,H,U,U,U,U,U,N,300.0,180-365,0,0.09565849605317824,2.2988480085729597,0.0,60.0,32.224504375781386,1726.875,0.10754020273028037,0,0,1,1,1,1,1,1,1,1,1,0,0.4684512,155.31967391967774,45,110.31967391967774,436.836624071002,65,371.836624071002,854.2582065582276,85,769.2582065582276
156.1575,1287.25,39.865,0.2475,309.0,123.545,121.4,2.145,0.0,1389.75,165.0025,7.0,0.333333333,1.0,0.0,134.6666667,0.0,467.6666667,1.0,390.3333333,0.0,327.0,0.666666667,2.0,2.0,0.45,254.6666667,1.0,530.5933333,5.423333333,682.9466667,39.66666667,53.38333333,31.33333333,61.18666667,239.3333333,0.333333333,494.8866667,0.723333333,395.6666667,0.333333333,718.6533333,4.7,8.333333333,468.6666667,327.6666667,0.0,15.0,8,1088590,2,2,U,AA,N,1802,3997.0,597.62,511.74,3915.0,1791,85.29,652.5,298.5,824,293,101,653.0,299.0,85.0,U,NORTHWEST/ROCKY MOUNTAIN AREA,N,N,129.9899902,1.0,1.0,WCMB,0.0,0.0,O,3.0,,U,2.0,M,6.0,2.0,I,,0.0,I,U,U,U,U,U,Y,230.0,180-365,0,0.12121676693188434,3.0232472776214365,0.0,16.0,31.50006117704637,1249.26,0.16602340131632404,0,0,0,0,1,0,0,0,0,0,1,1,0.51790464,155.27941786623,45,110.27941786623,436.7233720564842,65,371.7233720564842,854.0367982642651,85,769.0367982642651
183.5675,1179.0,31.8325,0.0,265.0,145.775,145.775,0.0,0.0975,175.0,-85.9875,0.0,0.0,0.0,0.0,0.0,0.0,0.0,0.0,0.0,0.0,0.0,0.0,0.0,0.0,0.0,0.0,0.0,0.0,0.0,0.0,0.0,0.0,0.0,0.0,0.0,0.0,0.0,0.0,0.0,0.0,0.0,0.0,0.0,0.0,0.0,0.0,0.0,36,1008746,2,1,U,A,N,22446,41668.0,4773.1,4673.12,41116.0,22019,137.44,1209.29,647.62,1121,600,212,1680.0,630.0,239.0,U,NEW YORK CITY AREA,Y,N,199.9899902,5.0,4.0,WCMB,0.0,0.0,R,2.0,M,M,1.0,M,3.0,,C,K,0.0,U,U,U,Y,U,U,Y,168.0,<180,1,0.15556567796610168,4.439960405086424,8.26271186440678e-05,0.0,35.90954085129064,6608.43,0.18382486737678988,0,0,0,0,0,0,0,0,1,0,0,0,0.44040346,155.22002733016015,45,110.22002733016015,436.5563432782888,65,371.5563432782888,853.7101503158808,85,768.7101503158808
106.54,484.25,49.99,0.0,188.5,56.55,56.55,0.0,0.0,769.75,169.65,0.0,0.0,4.0,0.0,1.0,0.0,35.66666667,0.0,10.0,0.0,30.66666667,0.0,2.0,2.333333333,1.43,1.333333333,0.0,279.25,0.0,113.9233333,14.0,6.42,1.333333333,2.796666667,26.0,0.0,214.87,0.0,14.66666667,0.0,178.3033333,0.0,4.0,35.66666667,30.66666667,0.0,0.0,17,1042018,1,1,U,DA,N,2024,7565.0,1172.69,1086.25,7504.0,2001,67.89,469.0,125.06,228,58,50,350.0,100.0,69.0,,DC/MARYLAND/VIRGINIA AREA,Y,R,99.98999023,2.0,2.0,WCMB,0.0,0.0,,,,U,,,,,,,0.0,N,U,U,U,U,U,N,133.0,<180,1,0.21955692941782587,1.1090409884291037,0.0,34.0,9.49696018827221,1811.18,0.24336578846888124,1,0,1,1,1,1,1,1,1,1,1,1,0.7585939,155.1755360107422,45,110.1755360107422,436.43124583244327,65,371.43124583244327,853.4654480590821,85,768.4654480590821
106.7625,1101.75,59.99,0.495,138.0,55.0275,48.3,6.7275,0.0,-204.75,-14.5725,10.0,0.666666667,1.333333333,0.0,48.0,0.0,401.3333333,8.0,112.6666667,0.0,343.6666667,7.333333333,0.0,0.0,0.0,90.66666667,1.333333333,676.3166667,24.30666667,119.69,110.3333333,132.48,6.333333333,12.06666667,192.6666667,0.0,363.94,0.0,186.0,7.333333333,432.0666667,24.30666667,12.0,409.3333333,351.0,0.0,0.0,11,1090660,2,1,U,AA,N,4271,11531.0,1169.19,1078.84,11359.0,4200,107.88,1135.9,420.0,1170,405,112,1080.0,394.0,89.0,U,NEW YORK CITY AREA,Y,N,79.98999023,1.0,1.0,WCMB,0.0,0.0,,,,U,1.0,M,,,C,,0.0,N,U,U,U,U,U,N,317.0,180-365,0,0.09681478122874632,0.9022380718150517,0.0,0.0,18.064436792916872,1174.3875,0.5256965543991208,0,0,1,1,1,0,0,1,1,0,1,0,0.7569098,155.15438776731492,45,110.15438776731492,436.3717219591141,65,371.3717219591141,853.3491327202321,85,768.3491327202321
128.9725,391.25,79.99,3.7125,0.0,0.0,0.0,0.0,45.27,-226.25,-46.0125,0.666666667,0.0,12.0,0.0,25.0,0.0,124.0,0.0,11.66666667,0.0,86.66666667,0.0,0.0,0.0,0.0,4.0,0.0,207.4,0.0,28.85,5.333333333,5.733333333,0.0,0.0,69.0,0.0,149.64,0.0,28.66666667,0.0,86.60666667,0.0,12.66666667,124.0,86.66666667,0.0,0.0,19,1038289,1,1,U,AA,N,2405,5537.0,1804.78,1717.05,5494.0,2378,95.39,305.22,132.11,467,128,144,366.0,117.0,115.0,U,DC/MARYLAND/VIRGINIA AREA,Y,N,79.98999023,1.0,1.0,WCMB,0.0,0.0,O,5.0,M,M,2.0,M,6.0,2.0,C,C,0.0,S,U,U,Y,U,Y,Y,568.0,365-730,0,0.32880178457616316,0.0,0.1154110898661568,0.0,4.830843313989382,2450.4775,1.0,0,0,0,0,0,0,0,0,0,0,0,1,0.6259505,155.00238081479074,45,110.00238081479074,435.9441921979189,65,370.9441921979189,852.5130944813491,85,767.5130944813491
131.1425,871.5,63.9475,3.7125,173.5,69.385,68.8,0.585,0.865,-170.5,-50.3725,12.33333333,0.0,0.666666667,0.0,45.66666667,0.0,277.0,1.0,78.33333333,0.0,220.3333333,1.0,9.333333333,22.0,14.96333333,53.33333333,1.0,544.0,2.136666667,92.84,48.66666667,48.4,19.33333333,24.87333333,165.6666667,0.666666667,452.2,1.563333333,106.0,0.333333333,184.6433333,0.573333333,13.0,278.0,221.3333333,0.0,5.0,15,1044373,2,2,N,DA,N,4093,11034.0,1688.74,1607.14,11029.0,4091,114.8,787.79,292.21,928,288,148,979.0,332.0,155.0,U,LOS ANGELES AREA,Y,N,149.9899902,2.0,2.0,WCMB,0.0,0.0,,,,U,,,,,,,0.0,N,U,U,U,U,U,N,156.0,<180,1,0.15030659025787968,1.0683244158743603,0.000991404011461318,139.999999995,13.4185303514377,1967.1375000000003,0.08770654426096293,0,0,1,1,1,1,1,1,1,1,1,0,0.61533,154.9361535675526,45,109.9361535675526,435.7579436337948,65,370.7579436337948,852.1488446215393,85,767.1488446215393
161.2475,1071.0,69.99,0.0,272.5,108.3125,81.5,26.8125,2.945,964.0,174.9225,8.333333333,0.333333333,8.666666667,0.333333333,31.33333333,0.0,198.3333333,22.33333333,57.0,0.0,154.3333333,21.66666667,4.333333333,10.66666667,7.786666667,15.66666667,0.333333333,432.4766667,67.30666667,283.3,35.0,30.97333333,1.333333333,3.723333333,111.6666667,13.0,348.01,46.05333333,94.66666667,8.666666667,367.7666667,21.25333333,17.66666667,220.6666667,176.0,0.0,3.333333333,9,1090878,1,1,U,BA,N,951,3091.0,663.68,577.8,3083.0,943,72.23,385.38,117.88,750,210,103,459.0,138.0,78.0,,CENTRAL/SOUTH TEXAS AREA,Y,N,149.9899902,1.0,1.0,WCMB,0.0,0.0,,,,U,,,,,,,0.0,N,U,U,U,U,U,N,254.0,180-365,0,0.15041744402985074,1.5257430624031554,0.0027472014925373133,38.999999996999996,15.086631919988731,1451.2275,0.14579222366879951,1,0,1,1,1,1,1,1,1,1,1,0,0.50043875,154.93343790459633,45,109.93343790459633,435.75027969002724,65,370.75027969002724,852.1339084752799,85,767.1339084752799
136.0725,827.5,50.0,7.6725,249.0,74.7,74.7,0.0,0.0,135.5,29.5575,11.33333333,0.0,2.333333333,0.0,47.66666667,0.0,196.6666667,0.0,117.6666667,0.0,138.0,0.0,0.0,0.0,0.0,88.66666667,0.666666667,412.28,0.0,135.1866667,42.0,79.23666667,8.666666667,55.06,140.6666667,0.0,397.7666667,0.0,62.33333333,0.0,149.6933333,0.0,13.66666667,196.6666667,138.0,0.0,0.0,18,1033336,1,1,Y,EA,N,3082,10561.0,1546.21,1489.52,10555.0,3079,87.62,620.88,181.12,782,200,126,694.0,179.0,105.0,,CALIFORNIA NORTH AREA,Y,N,79.98999023,1.0,1.0,WCMB,0.0,0.0,O,1.0,,U,1.0,M,9.0,2.0,C,,0.0,N,U,U,U,U,U,Y,560.0,365-730,0,0.1642395896197948,1.4647058823529413,0.0,0.0,16.225490196078432,2449.305,0.40572792362768495,1,0,0,0,1,0,0,0,0,0,1,1,0.59279454,154.8730214524269,45,109.87302145242691,435.5803971666097,65,370.5803971666097,851.8016179883481,85,766.8016179883481
251.6575,1129.75,34.6725,2.7225,288.0,166.5,166.5,0.0,0.4875,-745.75,101.4925,9.666666667,0.0,7.666666667,0.0,73.66666667,0.0,331.3333333,0.333333333,59.0,0.0,242.3333333,0.333333333,6.666666667,16.33333333,12.35333333,21.66666667,0.666666667,592.6866667,0.293333333,281.3366667,121.0,111.1133333,30.0,128.6566667,169.0,0.333333333,416.9833333,0.293333333,127.6666667,0.0,457.0433333,0.0,17.33333333,331.6666667,242.6666667,0.0,3.0,19,1029295,1,1,N,DA,N,6195,21070.0,3127.25,3091.53,21025.0,6159,171.75,1168.06,342.17,1378,334,218,1234.0,337.0,181.0,S,SOUTH FLORIDA AREA,Y,N,199.9899902,4.0,3.0,WCMB,0.0,0.0,O,,M,S,1.0,M,5.0,1.0,C,,0.0,N,U,U,U,U,U,Y,191.0,180-365,1,0.22255803670130445,4.667460929287266,0.0004311297811187265,126.66666667300001,31.67005396313687,4781.4925,0.08107585982011513,0,0,0,1,0,0,0,0,0,0,1,1,0.32023412,154.73148101139068,45,109.73148101139068,435.1823203444481,65,370.1823203444481,851.0231455626488,85,766.0231455626488
199.0,1931.25,42.9575,1.7325,480.25,168.275,168.275,0.0,0.0,679.75,123.88,12.66666667,0.0,0.0,0.0,0.333333333,0.0,388.6666667,0.0,221.3333333,0.0,381.3333333,0.0,2.333333333,12.33333333,10.97333333,82.66666667,4.666666667,927.8033333,0.0,854.0866667,88.66666667,93.55666667,40.0,78.63,303.6666667,0.0,711.6666667,0.0,293.3333333,0.0,1070.206667,0.0,12.66666667,388.6666667,381.3333333,0.0,0.0,19,1050573,1,1,U,DA,N,5760,18970.0,2152.45,2079.22,18970.0,5760,115.51,1053.89,320.0,1705,460,158,1880.0,501.0,198.0,U,NEW YORK CITY AREA,Y,R,99.98999023,5.0,2.0,WCMB,0.0,0.0,,2.0,M,U,2.0,M,1.0,,C,E,0.0,Z,U,U,U,U,U,N,368.0,365-730,1,0.10298874369258636,3.8281294432121933,0.0,44.333333327000005,43.93448217027811,3781.0,0.1396362770077701,0,0,1,0,0,0,0,0,1,0,0,1,0.4049544,154.7249785423279,45,109.7249785423279,435.16404366493225,65,370.16404366493225,850.9873819828034,85,765.9873819828034
160.17,467.0,59.98,0.0,163.0,65.2,65.2,0.0,0.0,0.0,0.0,2.666666667,0.0,3.0,0.0,10.66666667,0.0,34.33333333,0.0,5.333333333,0.0,19.33333333,0.0,0.0,0.0,0.0,1.666666667,0.0,32.16666667,0.0,6.213333333,1.0,0.273333333,0.333333333,0.64,16.66666667,0.0,32.14333333,0.0,6.666666667,0.0,6.236666667,0.0,5.666666667,34.33333333,19.33333333,0.0,0.333333333,25,1017503,1,1,Y,C,Y,263,1449.0,150.2,103.94,1392.0,253,34.65,464.0,84.33,464,84,35,,,,C,CENTRAL/SOUTH TEXAS AREA,N,N,29.98999023,2.0,1.0,,0.0,0.0,O,6.0,S,U,2.0,M,5.0,,,A,0.0,H,U,U,U,U,U,N,28.0,<180,1,0.3422435897435897,1.0692030173827485,0.0,0.0,7.658248606100361,4004.2499999999995,0.4832778570296402,0,1,0,0,0,0,0,0,1,1,0,0,0.5029609,154.67376422595976,45,109.67376422595976,435.0199762058258,65,370.0199762058258,850.7057032427788,85,765.7057032427788
143.0025,1423.75,103.8325,0.495,175.0,43.75,43.75,0.0,0.0,306.25,114.4875,3.333333333,0.0,6.333333333,0.0,98.33333333,0.0,427.3333333,0.0,153.0,0.0,320.6666667,0.0,9.666666667,13.33333333,5.136666667,76.0,0.0,514.0566667,0.0,305.9166667,68.33333333,78.12666667,32.66666667,47.95666667,268.3333333,0.0,478.12,0.0,204.0,0.0,341.8533333,0.0,9.666666667,427.3333333,320.6666667,0.0,12.0,13,1066489,2,2,U,CA,Y,7134,16372.0,1474.28,1384.3,16356.0,7127,115.36,1363.0,593.92,1322,541,105,1445.0,618.0,110.0,S,HOUSTON AREA,Y,R,79.98999023,2.0,2.0,WCMB,0.0,0.0,O,2.0,M,U,2.0,M,6.0,2.0,C,N,0.0,H,U,U,U,U,U,Y,338.0,180-365,1,0.10037024039305141,0.41733241122743425,0.0,125.66666667099999,13.581189039658504,1859.0325,0.09022014463753647,0,0,0,0,0,0,0,0,0,0,0,0,0.5631135,154.61114296245577,45,109.61114296245577,434.84389072358607,65,369.84389072358607,850.3612862935067,85,765.3612862935067
244.0975,1771.5,99.99,6.1875,546.25,136.5625,136.5625,0.0,0.39,397.5,82.1325,28.66666667,0.0,1.333333333,0.0,31.0,0.0,323.6666667,0.0,276.3333333,0.0,276.3333333,0.0,0.0,0.0,0.0,134.3333333,0.0,591.74,0.0,680.1266667,71.0,109.3333333,29.66666667,167.88,435.6666667,0.0,1181.4,0.0,36.33333333,0.0,90.46666667,0.0,30.0,323.6666667,276.3333333,0.0,11.33333333,52,1000023,1,1,N,A,N,27530,64174.80667,7419.73,7341.87,63886.81,27398,143.96,1252.68,537.22,1639,601,217,1393.0,519.0,163.0,T,NORTHWEST/ROCKY MOUNTAIN AREA,Y,N,149.9899902,8.0,6.0,WCMB,0.0,0.0,,,,U,,,,,,,0.0,J,U,U,U,U,U,N,350.0,180-365,1,0.13771368124118477,1.352237845331221,0.00022002820874471088,0.0,17.541340726804634,12693.07,0.42512707717241455,0,0,1,1,1,1,1,1,1,1,1,1,0.32986027,154.59467983150483,45,109.59467983150483,434.79756612479684,65,369.79756612479684,850.2707390732766,85,765.2707390732766
133.25,321.0,119.99,0.2475,65.75,23.0125,19.075,3.9375,0.0,-232.0,-23.26,7.666666667,1.0,0.0,0.0,22.33333333,0.0,113.0,16.66666667,55.0,0.0,86.66666667,15.66666667,0.0,0.0,0.0,33.33333333,0.0,147.0966667,46.60333333,59.55333333,47.0,38.49666667,12.33333333,12.38333333,79.33333333,14.0,145.79,44.46666667,41.66666667,1.666666667,60.86,2.136666667,8.666666667,129.6666667,102.3333333,0.0,0.666666667,22,1034915,2,2,N,AA,N,1947,5262.0,2784.61,2710.59,5042.0,1833,135.53,252.1,91.65,398,141,141,393.0,150.0,160.0,U,CALIFORNIA NORTH AREA,Y,N,79.98999023,2.0,2.0,WCMB,0.0,0.0,,,,U,,,,,,,0.0,U,U,U,U,U,U,N,441.0,365-730,1,0.4138198757763975,0.19020166955946774,0.0,0.0,2.653111827423754,2931.5,0.8401937466363432,0,0,1,1,1,1,1,1,1,1,1,1,0.6041538,154.5667137861252,45,109.5667137861252,434.71888649463654,65,369.71888649463654,850.1169258236886,85,765.1169258236886
136.22,557.25,39.99,2.475,216.75,86.7,86.7,0.0,0.0,1.75,17.07,3.333333333,0.0,0.666666667,0.0,22.33333333,0.0,119.6666667,0.0,66.33333333,0.0,94.66666667,0.0,0.0,0.0,0.0,31.0,0.0,138.9333333,0.0,248.76,19.33333333,14.30333333,2.333333333,2.623333333,86.33333333,0.0,294.77,0.0,61.0,0.0,92.92,0.0,4.0,119.6666667,94.66666667,0.0,1.666666667,19,1032465,1,1,U,BA,N,1830,6722.0,1022.49,1022.49,6220.0,1697,92.95,565.45,154.27,557,154,130,560.0,162.0,98.0,U,LOS ANGELES AREA,Y,N,79.98999023,1.0,1.0,WCMB,0.0,0.0,O,7.0,M,U,1.0,M,7.0,2.0,C,,0.0,J,U,U,U,U,U,Y,564.0,365-730,0,0.24401253918495297,2.1151500365942915,0.0,0.0,13.594779214442546,2588.18,0.3210118255149189,0,0,0,0,0,0,0,0,0,0,1,1,0.5907869,154.5158195896149,45,109.51581958961489,434.5757466554642,65,369.5757466554642,849.8370077428818,85,764.8370077428818
119.56,1052.75,94.99,0.0,91.75,23.0425,22.75,0.2925,11.5275,-476.75,-34.57,6.333333333,0.0,3.666666667,0.0,42.33333333,0.0,109.0,0.333333333,84.33333333,0.0,58.33333333,0.333333333,0.666666667,0.666666667,0.233333333,33.66666667,0.0,267.0233333,0.776666667,636.0366667,19.0,14.94,28.66666667,26.05666667,58.66666667,0.0,459.26,0.0,82.33333333,0.333333333,443.7966667,0.776666667,10.0,109.3333333,58.66666667,0.0,0.333333333,14,1074485,3,3,U,BA,N,1113,5372.0,1370.94,1209.81,5314.0,1077,100.82,442.83,89.75,1212,170,131,778.0,125.0,114.0,,MIDWEST AREA,T,N,99.98999023,2.0,2.0,WCMB,0.0,0.0,,7.0,M,S,5.0,M,7.0,1.0,,B,0.0,O,U,U,U,U,U,Y,126.0,<180,1,0.11346144721233689,0.24005104698406085,0.01093950177935943,9.333333338,10.967288259193667,1673.8400000000001,0.5244614830322805,1,0,1,0,0,0,0,0,0,1,0,1,0.6725509,154.38756702804565,45,109.38756702804565,434.2150358295441,65,369.2150358295441,849.1316186542512,85,764.1316186542512
118.7675,1157.75,59.99,0.0,195.5,58.65,58.65,0.0,2.6375,1109.25,125.5325,7.333333333,0.0,4.666666667,0.0,41.66666667,0.0,283.3333333,0.0,96.33333333,0.0,231.6666667,0.0,0.333333333,0.333333333,0.216666667,32.0,0.0,526.6566667,0.0,411.5033333,62.0,63.88333333,15.33333333,55.57,190.3333333,0.0,493.4433333,0.0,134.0,0.0,444.7166667,0.0,12.0,283.3333333,231.6666667,0.0,9.666666667,23,1032063,1,1,U,DA,N,3758,12151.0,1092.67,982.25,11637.0,3585,65.48,775.8,239.0,788,258,77,1014.0,269.0,70.0,U,SOUTHWEST AREA,Y,N,29.98999023,1.0,1.0,,0.0,0.0,O,15.0,S,M,3.0,M,6.0,,,A,0.0,U,U,U,Y,Y,U,Y,674.0,365-730,0,0.10249622437971953,0.9616330545991145,0.0022761596548004316,7.6666666590000005,18.982620101656007,2731.6525,0.4357362292552584,0,1,0,0,0,0,0,0,1,1,0,0,0.6766641,154.30215390586852,45,109.30215390586852,433.9748361766338,65,368.9748361766338,848.6618464822769,85,763.6618464822769
138.9775,886.5,39.99,20.79,176.5,70.6,70.6,0.0,7.5975,-52.5,-40.1775,2.333333333,0.0,4.333333333,0.0,56.0,0.0,335.3333333,0.0,69.33333333,0.0,272.6666667,0.0,2.666666667,7.333333333,5.613333333,35.66666667,0.0,359.4866667,0.0,117.8466667,45.33333333,21.75,18.66666667,19.21333333,269.3333333,0.0,328.0766667,0.0,72.66666667,0.0,149.2566667,0.0,6.666666667,335.3333333,272.6666667,0.0,3.0,37,1007790,2,2,N,A,N,5310,9880.0,1762.86,1718.34,9817.0,5271,49.1,280.49,150.6,904,428,152,625.0,314.0,113.0,C,DALLAS AREA,Y,N,129.9899902,4.0,3.0,WCMB,1.0,1.0,O,5.0,S,M,3.0,M,9.0,3.0,I,A,0.0,N,U,U,U,U,U,Y,674.0,365-730,1,0.1565943661971831,1.722371310075628,0.00856056338028169,98.666666679,21.627226152720176,5142.1675,0.1855618765824048,0,0,0,0,0,0,0,0,0,0,0,1,0.5782012,154.285361825943,45,109.285361825943,433.92758013546467,65,368.92758013546467,848.5694900426864,85,763.5694900426864
225.9625,2759.25,129.99,20.5425,502.5,75.375,75.1125,0.2625,1.2675,-302.25,-60.6025,22.0,0.0,0.666666667,0.0,138.0,0.0,797.0,0.0,221.3333333,0.0,642.0,0.0,5.0,35.33333333,32.88333333,131.3333333,6.666666667,1063.546667,0.0,352.5033333,103.0,94.67,9.666666667,11.87666667,663.6666667,0.0,1169.273333,0.0,138.6666667,0.0,246.7766667,0.0,22.66666667,797.0,642.0,0.0,32.0,20,1047864,3,2,N,U1,N,14101,31621.0,3190.67,3015.52,29995.0,13333,177.38,1764.41,784.29,2860,1092,246,2713.0,1124.0,252.0,U,NEW ENGLAND AREA,Y,R,129.9899902,9.0,3.0,WCMB,0.0,0.0,,,,U,,,,,,,0.0,N,U,U,U,U,U,N,22.0,<180,1,0.08186305588261933,0.5754256050080159,0.0004591975364550313,100.0,21.06458508283075,4519.25,0.15208141040153716,0,0,1,1,1,1,1,1,1,1,1,0,0.35549343,154.2301120233536,45,109.2301120233536,433.772217002511,65,368.772217002511,848.2656161284448,85,763.2656161284448
104.9025,305.0,75.0,0.0,0.0,0.0,0.0,0.0,0.0,-64.0,-0.9025,3.333333333,0.0,0.0,0.0,45.0,0.0,168.0,0.0,20.0,0.0,120.3333333,0.0,0.0,0.0,0.0,11.33333333,0.333333333,143.0533333,0.0,25.62,1.333333333,0.9,0.666666667,0.306666667,126.0,0.0,154.85,0.0,12.66666667,0.0,13.82666667,0.0,3.333333333,168.0,120.3333333,0.0,0.0,47,1000501,1,1,Y,A,N,15118,32327.16667,6890.37,6773.89,32097.17,15033,147.26,697.76,326.8,326,167,105,281.0,121.0,127.0,U,PHILADELPHIA AREA,N,R,9.989997864,2.0,2.0,,0.0,0.0,O,6.0,S,U,2.0,M,9.0,1.0,C,A,0.0,N,U,U,U,U,U,Y,1390.0,730+,1,0.3428186274509804,0.0,0.0,0.0,4.0131578947368425,4930.4175000000005,1.0,0,1,0,0,0,0,0,0,0,0,0,1,0.7656306,154.20780348300934,45,109.20780348300934,433.7094848120213,65,368.7094848120213,848.1429191565514,85,763.1429191565514
126.45,1031.75,52.99,0.0,74.75,18.6875,18.6875,0.0,0.32,531.25,53.26,26.0,0.0,52.66666667,0.0,98.66666667,0.0,303.6666667,0.0,170.0,0.0,141.0,0.0,0.0,0.0,0.0,63.33333333,0.0,241.5866667,0.0,247.53,14.0,21.48666667,10.33333333,17.69666667,208.6666667,0.0,359.5766667,0.0,87.66666667,0.0,129.54,0.0,78.66666667,303.6666667,141.0,0.0,2.0,16,1039321,1,1,U,BA,N,7887,13634.0,1697.81,1635.75,13622.0,7875,109.05,908.13,525.0,855,478,109,678.0,386.0,96.0,S,SOUTHWEST AREA,N,N,129.9899902,4.0,3.0,WCMB,0.0,0.0,,,,U,,,,,,,0.0,H,U,U,U,U,U,N,147.0,<180,1,0.1224400871459695,0.3461289127616225,0.00030985233599612686,0.0,19.11002037414336,2023.2,0.7428709022737436,0,0,1,1,1,1,1,1,1,1,1,0,0.634938,154.15279502391817,45,109.15279502391817,433.55473977327347,65,368.55473977327347,847.8403726315499,85,762.8403726315499
156.95,996.5,51.28,2.475,257.75,103.09,102.7,0.39,0.0,387.5,126.2,6.0,0.0,0.0,0.0,11.33333333,0.0,112.3333333,0.0,36.66666667,0.0,97.0,0.0,0.333333333,0.333333333,0.023333333,18.33333333,0.0,209.37,0.0,124.26,4.0,3.233333333,5.333333333,8.09,90.66666667,0.0,252.3466667,0.0,37.33333333,0.0,81.28333333,0.0,6.0,112.3333333,97.0,0.0,2.666666667,38,1004086,4,2,Y,BA,N,6190,13364.0,1731.01,1674.69,13186.0,6068,57.75,454.69,209.24,867,300,115,725.0,274.0,84.0,U,DC/MARYLAND/VIRGINIA AREA,Y,R,99.98999023,3.0,3.0,WCMB,0.0,0.0,,7.0,M,M,3.0,M,5.0,1.0,I,M,0.0,Z,U,U,U,U,U,Y,106.0,<180,1,0.15734335839598995,1.9718821729150726,0.0,12.666666654,19.06082631981637,5964.099999999999,0.30255213259479813,0,0,1,0,0,0,0,0,0,0,0,0,0.511121,154.02323310852051,45,109.02323310852051,433.1903805375099,65,368.1903805375099,847.1277820968628,85,762.1277820968628
133.285,867.0,49.99,0.495,232.0,92.8,92.8,0.0,0.0,163.0,70.705,11.66666667,0.0,2.0,0.0,38.66666667,0.0,194.6666667,0.0,260.0,0.0,150.0,0.0,2.0,3.0,1.67,124.0,0.666666667,167.4033333,0.0,362.8233333,18.66666667,11.86,40.33333333,42.91666667,261.6666667,0.0,358.1366667,0.0,119.6666667,0.0,172.0866667,0.0,13.66666667,194.6666667,150.0,0.0,6.0,8,1093722,5,3,U,BA,N,2078,4578.0,586.71,580.71,4251.0,1913,96.79,708.5,318.83,813,383,110,709.0,319.0,97.0,U,NEW ENGLAND AREA,N,N,129.9899902,2.0,1.0,WCMB,0.0,0.0,O,6.0,S,S,1.0,M,3.0,,,A,0.0,H,U,U,U,U,U,Y,78.0,<180,1,0.15355414746543777,1.8199646989605804,0.0,16.0,17.003333987056283,1066.28,0.20747039915368026,0,0,0,0,0,0,0,0,1,1,0,0,0.6009063,153.77625188541413,45,108.77625188541413,432.49570048332214,65,367.49570048332214,845.7693853697778,85,760.7693853697778
219.9475,3142.0,75.0,18.81,992.0,99.2,99.2,0.0,0.0,347.0,31.0325,44.0,0.0,2.666666667,0.0,203.0,0.0,885.0,0.0,776.0,0.0,654.0,0.0,0.666666667,2.0,1.966666667,512.3333333,0.0,1108.393333,0.0,987.0266667,187.0,229.8,34.0,74.67333333,971.6666667,0.0,1864.9,0.0,112.6666667,0.0,230.52,0.0,46.66666667,885.0,654.0,0.0,2.333333333,53,1000689,2,1,Y,A,N,70411,140779.4167,9700.52,9578.97,140060.42,70117,187.82,2746.28,1374.84,3026,1367,209,2830.0,1331.0,215.0,T,SOUTHWEST AREA,Y,N,149.9899902,5.0,3.0,WCMB,0.0,0.0,O,5.0,S,A,2.0,M,9.0,1.0,C,A,0.0,S,U,U,U,U,U,Y,266.0,180-365,1,0.06998011454024816,1.305263157894737,0.0,35.333333351,41.3421052631579,11657.217499999999,0.3364817000803238,0,0,0,0,0,0,0,0,0,0,0,0,0.36414018,153.77611414897444,45,108.77611414897444,432.49533087641,65,367.49533087641,845.7686278193594,85,760.7686278193594
131.915,1459.75,94.99,0.0,187.25,46.8125,46.8125,0.0,0.0,-25.75,18.525,26.0,0.0,3.666666667,0.0,77.66666667,0.0,243.3333333,0.0,65.0,0.0,142.3333333,0.0,6.0,10.0,7.49,22.66666667,0.0,764.0966667,0.0,291.0033333,8.666666667,4.17,0.0,0.0,154.0,0.0,858.4966667,0.0,40.33333333,0.0,196.6033333,0.0,29.66666667,243.3333333,142.3333333,0.0,0.666666667,13,1065985,2,2,U,BA,N,3351,22138.0,2393.06,2210.56,20770.0,3082,184.21,1730.83,256.83,1468,219,126,1564.0,245.0,157.0,C,NEW YORK CITY AREA,Y,N,199.9899902,2.0,1.0,WCMB,0.0,0.0,,3.0,S,B,1.0,M,1.0,,A,A,0.0,U,U,U,U,U,U,N,133.0,<180,1,0.09030634947800786,0.487681008438379,0.0,78.0,15.207313261798104,1714.895,0.1335526979411959,0,0,1,0,0,0,0,0,1,0,0,1,0.6062889,153.55891497802733,45,108.55891497802733,431.8844483757019,65,366.8844483757019,844.5740323791504,85,759.5740323791504
130.0625,1368.75,44.99,0.2475,266.5,94.825,79.7125,15.1125,0.0,-117.75,-61.0125,0.0,0.0,0.0,0.0,0.0,0.0,0.0,0.0,0.0,0.0,0.0,0.0,0.0,0.0,0.0,0.0,0.0,0.0,0.0,0.0,0.0,0.0,0.0,0.0,0.0,0.0,0.0,0.0,0.0,0.0,0.0,0.0,0.0,0.0,0.0,0.0,0.0,12,1065472,1,1,U,BA,N,1169,5730.0,693.43,633.45,5729.0,1168,63.35,572.9,116.8,1408,243,150,817.0,153.0,93.0,R,GREAT LAKES AREA,Y,N,149.9899902,1.0,1.0,WCMB,0.0,0.0,O,11.0,S,M,2.0,M,6.0,2.0,,A,0.0,G,U,U,U,U,U,Y,351.0,180-365,0,0.09495345866033948,2.0618612741900413,0.0,0.0,29.76190476190476,1560.75,0.3265987288286049,0,0,0,0,0,0,0,0,0,1,0,1,0.6147784,153.52246191501618,45,108.52246191501618,431.78190863132477,65,366.78190863132477,844.373540532589,85,759.373540532589
102.8475,627.5,34.98,1.98,170.5,47.74,47.74,0.0,0.0,-296.5,-56.3675,12.33333333,0.0,1.666666667,0.0,26.66666667,0.0,185.6666667,0.0,68.33333333,0.0,146.0,0.0,3.333333333,13.0,11.02,48.33333333,0.0,314.4,0.0,97.68333333,25.0,33.68333333,0.333333333,0.15,111.3333333,0.0,305.8433333,0.0,62.66666667,0.0,106.24,0.0,14.0,185.6666667,146.0,0.0,0.0,22,1021058,2,1,U,ZA,N,2201,4795.0,1076.94,1023.31,4685.0,2130,51.17,234.25,106.5,726,275,121,464.0,184.0,81.0,T,NORTHWEST/ROCKY MOUNTAIN AREA,N,N,29.98999023,1.0,1.0,WC,0.0,0.0,O,0.0,S,U,2.0,M,9.0,,,A,0.0,S,U,U,U,U,U,Y,666.0,365-730,0,0.1636396181384248,1.3268482490272375,0.0,73.333333326,17.440244580322403,2262.645,0.17667277727896533,0,0,0,0,0,0,0,0,1,1,0,1,0.7773542,153.50194564676286,45,108.50194564676286,431.7242282617092,65,366.7242282617092,844.2607010571958,85,759.2607010571958
133.77,1032.25,71.2875,3.465,260.0,65.0375,65.0375,0.0,0.0,-162.25,-29.71,5.333333333,0.0,17.33333333,0.0,11.0,0.0,155.6666667,0.0,16.66666667,0.0,123.0,0.0,2.333333333,9.666666667,8.436666667,4.333333333,1.0,677.9933333,0.0,192.31,64.66666667,158.4866667,5.0,21.12666667,51.0,0.0,179.7133333,0.0,87.33333333,0.0,690.59,0.0,22.66666667,155.6666667,123.0,0.0,0.333333333,25,1017093,1,1,U,A,N,5932,20784.0,2818.32,2790.64,20769.0,5927,116.28,865.38,246.96,1086,176,144,1203.0,263.0,163.0,,HOUSTON AREA,Y,N,29.98999023,1.0,1.0,WC,0.0,0.0,,,M,U,1.0,M,5.0,,C,,0.0,S,U,U,U,U,U,Y,774.0,730+,0,0.1294652794580208,0.8997060349299671,0.0,58.333333325000005,14.279785578419506,3344.2500000000005,0.23623687688239434,1,0,1,1,0,0,0,0,1,0,1,0,0.597325,153.41601441764834,45,108.41601441764834,431.48254852294923,65,366.48254852294923,843.7880792970659,85,758.7880792970659
150.4675,1648.0,75.0,0.0,297.75,74.4375,74.4375,0.0,1.03,-204.0,-49.7175,4.666666667,0.0,25.33333333,0.0,67.0,0.0,507.6666667,0.0,365.6666667,0.0,413.0,0.0,0.0,0.0,0.0,192.6666667,0.666666667,567.1833333,0.0,551.8333333,86.66666667,96.31666667,62.33333333,66.26,585.6666667,0.0,860.78,0.0,190.6666667,0.0,258.24,0.0,30.0,507.6666667,413.0,0.0,18.0,19,1042770,1,1,U,CA,N,12077,21062.0,1784.41,1702.15,21013.0,12052,94.56,1167.39,669.56,1716,1012,167,1426.0,841.0,121.0,U,CHICAGO AREA,Y,N,79.98999023,1.0,1.0,WCMB,0.0,0.0,,,,U,,,,,,,0.0,N,U,U,U,U,U,N,568.0,365-730,0,0.0912477258944815,0.9794407894736842,0.000624620982413584,0.0,21.68421052631579,2858.8825,0.5051931865392605,0,0,1,1,1,1,1,1,1,1,1,0,0.53063726,153.29984359264375,45,108.29984359264375,431.15579216718675,65,366.15579216718675,843.1491397595406,85,758.1491397595406
124.6075,1366.5,44.99,0.0,242.75,85.0425,84.2625,0.78,0.0,137.5,55.7525,0.0,0.0,0.0,0.0,0.0,0.0,0.0,0.0,0.0,0.0,0.0,0.0,0.0,0.0,0.0,0.0,0.0,0.0,0.0,0.0,0.0,0.0,0.0,0.0,0.0,0.0,0.0,0.0,0.0,0.0,0.0,0.0,0.0,0.0,0.0,0.0,0.0,13,1076272,2,1,N,BA,N,3650,15127.0,1114.79,901.32,13421.0,3256,81.94,1220.09,296.0,1321,274,106,1307.0,315.0,94.0,C,NEW YORK CITY AREA,Y,N,199.9899902,5.0,5.0,WCMB,0.0,0.0,O,3.0,S,U,2.0,M,5.0,,C,A,0.0,S,U,U,U,U,U,N,26.0,<180,1,0.09112065813528336,1.8491519895629485,0.0,0.0,29.712981082844095,1619.8975,0.3509816266956671,0,0,0,0,0,0,0,0,1,0,0,1,0.6403853,153.20988950252533,45,108.20988950252533,430.90279937148097,65,365.90279937148097,842.6543922638893,85,757.6543922638893
95.6,489.75,50.0,0.0,152.0,45.6,45.6,0.0,0.0,733.25,136.8,5.333333333,0.0,1.0,0.0,32.66666667,0.0,168.0,0.0,21.0,0.0,130.3333333,0.0,0.0,0.0,0.0,14.66666667,0.0,141.4533333,0.0,20.09,5.333333333,7.523333333,0.666666667,1.58,67.66666667,0.0,70.39333333,0.0,78.33333333,0.0,91.15,0.0,6.333333333,168.0,130.3333333,0.0,0.0,22,1036934,1,1,N,U,N,3763,7107.0,1133.33,1017.86,6618.0,3551,50.89,330.9,177.55,245,137,50,256.0,135.0,50.0,U,NEW YORK CITY AREA,Y,N,129.9899902,1.0,1.0,WCMB,0.0,0.0,O,1.0,M,S,1.0,M,7.0,,A,,0.0,O,U,U,U,U,U,Y,648.0,365-730,0,0.19480387162506366,0.8941176470588236,0.0,0.0,9.602941176470589,2103.2,0.5279503105590062,0,0,0,0,0,0,0,0,1,0,1,1,0.8342879,153.13521293640136,45,108.13521293640136,430.6927806854248,65,365.6927806854248,842.2436711502075,85,757.2436711502075
95.3225,724.0,59.99,0.0,74.5,22.35,22.35,0.0,0.32,-110.0,-31.2925,17.33333333,0.0,1.0,0.0,30.33333333,0.0,148.0,0.0,155.3333333,0.0,101.3333333,0.0,0.0,0.0,0.0,115.3333333,0.333333333,250.37,0.0,289.3266667,3.666666667,4.303333333,0.333333333,0.276666667,131.3333333,0.0,315.2466667,0.0,86.0,0.0,224.45,0.0,18.33333333,148.0,101.3333333,0.0,0.0,12,1054460,1,1,U,ZA,N,2171,5752.0,876.61,796.63,5747.0,2168,72.42,522.45,197.09,761,245,106,659.0,227.0,84.0,S,NEW YORK CITY AREA,Y,N,59.98999023,1.0,1.0,WCMB,0.0,0.0,,,,U,1.0,M,,,,,0.0,O,U,U,U,U,U,N,353.0,180-365,0,0.1314793103448276,0.3664535169699951,0.00044137931034482757,0.0,11.870798491555993,1143.8700000000001,0.7318214542836573,0,0,1,1,1,0,0,1,1,1,1,1,0.8365388,153.10267496299744,45,108.10267496299744,430.6012960600853,65,365.6012960600853,842.0647122964859,85,757.0647122964859
110.1775,554.25,39.99,0.2475,228.0,79.94,78.575,1.365,0.0,767.75,206.9625,12.0,0.0,17.33333333,0.0,44.66666667,0.0,279.0,1.0,61.66666667,0.0,209.6666667,1.0,1.0,1.666666667,0.956666667,38.33333333,0.0,196.2066667,3.966666667,72.66,23.0,16.20666667,7.666666667,7.7,173.6666667,1.0,189.3233333,3.966666667,93.0,0.0,79.54666667,0.0,29.33333333,280.0,210.6666667,0.0,2.0,12,1063855,3,3,U,AA,N,865,1521.0,414.71,336.74,1464.0,855,33.67,146.4,85.5,298,184,41,193.0,115.0,36.0,T,ATLANTIC SOUTH AREA,N,N,129.9899902,1.0,1.0,WCMB,0.0,0.0,O,7.0,S,M,2.0,M,7.0,2.0,C,A,0.0,N,U,U,U,U,U,Y,360.0,180-365,0,0.1984286357496623,1.95023176384484,0.0,12.0,13.521590631861429,1322.1299999999999,0.25314970355731226,0,0,0,0,0,0,0,0,0,0,0,0,0.72325206,152.99732736301422,45,107.99732736301422,430.30499634265897,65,365.30499634265897,841.4853004965782,85,756.4853004965782
105.1,1618.5,57.5675,0.0,178.75,53.6925,53.4,0.2925,0.0,-66.5,-4.56,31.66666667,0.0,9.666666667,0.0,122.6666667,0.0,429.0,0.0,107.6666667,0.0,273.3333333,0.0,14.0,18.66666667,10.25666667,44.33333333,0.0,697.7166667,0.0,365.85,87.0,130.5133333,39.33333333,78.79666667,203.6666667,0.0,410.8566667,0.0,163.0,0.0,652.7166667,0.0,41.33333333,429.0,273.3333333,0.0,4.666666667,12,1084852,2,2,Y,BA,N,5455,20943.0,1228.88,1129.94,20059.0,5246,102.72,1823.55,476.91,1641,409,107,1824.0,459.0,101.0,U,HOUSTON AREA,Y,N,129.9899902,1.0,1.0,WCMB,0.0,0.0,,,,U,,,,,,,0.0,H,U,U,U,U,U,N,364.0,180-365,0,0.06489657301636308,0.9167627096939429,0.0,168.0,27.63478038161096,1261.1999999999998,0.06282684602635687,0,0,1,1,1,1,1,1,1,1,1,0,0.7581568,152.98997222900388,45,107.98997222900388,430.2843470096588,65,365.2843470096588,841.4448472595215,85,756.4448472595215
173.155,1067.75,50.0,0.7425,362.0,108.6,108.6,0.0,4.5925,-278.75,-88.775,23.0,0.0,1.666666667,0.0,102.0,0.0,519.3333333,0.0,241.3333333,0.0,401.0,0.0,6.333333333,13.0,8.38,153.3333333,0.666666667,292.3133333,0.0,259.8433333,80.66666667,62.78666667,15.0,14.02333333,261.6666667,0.0,241.2666667,0.0,337.3333333,0.0,310.89,0.0,24.66666667,519.3333333,401.0,0.0,10.66666667,18,1035732,1,1,U,BA,N,4776,7666.0,1378.35,1320.91,7619.0,4742,82.56,476.19,296.38,1161,764,203,709.0,453.0,128.0,S,CALIFORNIA NORTH AREA,Y,N,149.9899902,2.0,1.0,WCMB,0.0,0.0,,,,U,,,,,,,0.0,N,U,U,U,U,U,N,76.0,<180,1,0.16201637426900584,2.1294117647058823,0.004297076023391813,113.99999999399999,20.936274509803923,3116.79,0.10567757977993476,0,0,1,1,1,1,1,1,1,1,1,1,0.45989612,152.89596275901795,45,107.89596275901795,430.01987461805345,65,365.01987461805345,840.9277951745988,85,755.9277951745988
175.33,1572.0,50.075,17.5725,279.25,111.67,110.5,1.17,0.7625,730.0,113.13,19.66666667,0.0,1.333333333,0.0,104.6666667,0.0,461.6666667,1.333333333,129.0,0.0,336.3333333,1.333333333,4.333333333,13.33333333,10.81,93.0,1.333333333,722.6466667,1.503333333,168.5233333,57.66666667,59.67333333,3.0,4.26,204.3333333,0.0,415.1866667,0.0,214.6666667,1.333333333,475.9833333,1.503333333,21.0,463.0,337.6666667,0.0,3.333333333,7,1096695,1,1,U,CA,Y,2647,7165.0,708.34,629.36,7165.0,2647,104.89,1194.17,441.17,1329,467,138,1194.0,441.0,105.0,U,LOS ANGELES AREA,Y,N,149.9899902,1.0,1.0,WCMB,0.0,0.0,,,,U,,,,,,,0.0,N,U,U,U,U,U,N,205.0,180-365,0,0.11146217418944693,2.186392559960842,0.0004847425301970756,30.333333331,30.778267254038177,1227.3100000000002,0.1329835707091521,0,0,1,1,1,1,1,1,1,1,1,1,0.45396447,152.81969441986084,45,107.81969441986084,429.80539055585865,65,364.80539055585865,840.5083193092347,85,755.5083193092347
199.5,1486.25,70.0,0.0,505.0,126.25,126.25,0.0,0.0,-315.25,-64.75,37.33333333,0.0,5.333333333,0.0,62.0,0.0,392.6666667,0.0,431.6666667,0.0,308.6666667,0.0,4.666666667,7.0,3.753333333,268.6666667,0.0,342.7533333,0.0,704.17,67.66666667,80.71333333,12.0,26.35333333,360.6666667,0.0,705.0266667,0.0,226.6666667,0.0,341.8933333,0.0,42.66666667,392.6666667,308.6666667,0.0,20.0,19,1038209,1,1,N,EA,N,10586,21183.0,2628.21,2547.88,21156.0,10567,141.55,1175.33,587.06,1591,791,221,1465.0,745.0,192.0,U,NORTHWEST/ROCKY MOUNTAIN AREA,Y,N,149.9899902,2.0,2.0,WCMB,0.0,0.0,,,,U,,,,,,,0.0,N,U,U,U,U,U,N,89.0,<180,1,0.1341401916288452,1.778169014084507,0.0,88.66666667300001,20.933098591549296,3790.5,0.1343212990638267,0,0,1,1,1,1,1,1,1,1,1,0,0.3989514,152.81435236930847,45,107.81435236930847,429.79036009311676,65,364.79036009311676,840.4789380311967,85,755.4789380311967
108.255,1087.5,74.99,0.495,93.25,23.3125,23.3125,0.0,0.0,205.5,39.985,8.666666667,0.0,25.33333333,0.0,30.33333333,0.0,263.3333333,0.0,7.666666667,0.0,199.3333333,0.0,2.666666667,4.333333333,3.023333333,2.0,0.0,851.0333333,0.0,32.95666667,15.0,19.44666667,0.333333333,0.443333333,133.3333333,0.0,530.3,0.0,73.0,0.0,353.69,0.0,34.0,263.3333333,199.3333333,0.0,0.333333333,11,1057000,2,1,U,A,N,2074,9717.0,927.88,852.89,9717.0,2074,85.29,971.7,207.4,1019,218,95,951.0,207.0,88.0,C,NORTH FLORIDA AREA,Y,N,149.9899902,2.0,2.0,WCMB,0.0,0.0,O,0.0,S,U,1.0,M,6.0,,A,A,0.0,N,U,U,U,U,U,N,120.0,<180,1,0.09945337620578777,0.30678378734043954,0.0,29.333333337,14.311093564942757,1190.8049999999998,0.2516704339191243,0,0,0,0,0,0,0,0,1,0,0,1,0.73503137,152.77597548294065,45,107.77597548294065,429.6824568557739,65,364.6824568557739,840.2678651561737,85,755.2678651561737
112.91,947.25,44.8275,0.0,162.0,64.795,64.6,0.195,0.0,658.75,189.12,14.0,0.0,0.0,0.0,4.666666667,0.0,225.0,0.666666667,219.3333333,0.0,211.0,0.666666667,13.0,22.66666667,15.45333333,122.6666667,0.333333333,294.3666667,0.04,333.87,57.33333333,74.91666667,43.33333333,77.26333333,256.0,0.666666667,415.7433333,0.04,166.3333333,0.0,212.4933333,0.0,14.0,225.6666667,211.6666667,0.0,0.333333333,17,1042926,1,1,U,CA,N,7888,16837.0,1533.01,1443.85,16793.0,7857,96.26,1119.53,523.8,728,412,50,892.0,436.0,57.0,U,NEW YORK CITY AREA,Y,N,149.9899902,1.0,1.0,WCMB,0.0,0.0,O,2.0,M,U,3.0,M,6.0,,I,F,0.0,H,U,U,U,U,U,Y,520.0,365-730,0,0.11907197469021882,1.4138890404233266,0.0,221.0,20.669903442256288,1919.47,0.06487655369631076,0,0,0,0,0,0,0,0,1,0,0,0,0.704645,152.75802039909362,45,107.75802039909362,429.6319256424904,65,364.6319256424904,840.169112195015,85,755.169112195015
130.13,1053.5,29.9925,0.495,276.75,96.8625,96.8625,0.0,0.0,856.5,161.57,3.666666667,0.0,5.666666667,0.0,43.66666667,0.0,272.6666667,0.0,72.33333333,0.0,220.0,0.0,0.0,0.0,0.0,30.33333333,0.333333333,463.0,0.0,201.6133333,108.6666667,219.27,30.0,87.56,144.6666667,0.0,256.01,0.0,147.3333333,0.0,408.6033333,0.0,9.333333333,272.6666667,220.0,0.0,0.333333333,9,1066707,2,1,U,AA,N,2376,8161.0,879.52,837.63,7580.0,2258,104.7,947.5,282.25,768,284,76,923.0,297.0,100.0,U,DALLAS AREA,Y,N,59.98999023,2.0,2.0,WCMB,0.0,0.0,O,,,S,1.0,M,6.0,1.0,C,,0.0,S,U,U,U,U,U,Y,276.0,180-365,1,0.12340445708866761,3.1253529079616036,0.0,0.0,33.99209486166008,1171.17,0.24240350396934024,0,0,0,1,1,0,0,0,0,0,1,1,0.61094886,152.6453383808136,45,107.6453383808136,429.3150064396858,65,364.3150064396858,839.5493610944748,85,754.5493610944748
122.91,1834.75,59.99,2.475,230.5,69.195,69.0,0.195,0.0,-72.75,-71.54,6.666666667,0.0,0.666666667,0.0,116.0,0.0,405.0,0.333333333,209.3333333,0.0,283.0,0.333333333,5.666666667,19.66666667,16.3,151.0,2.333333333,1252.013333,0.033333333,517.0666667,102.6666667,157.5566667,23.66666667,78.98666667,185.3333333,0.0,623.32,0.0,199.3333333,0.333333333,1145.76,0.033333333,7.333333333,405.3333333,283.3333333,0.0,4.333333333,12,1074687,3,2,U,CA,N,3033,15385.0,1004.52,910.22,15155.0,2968,91.02,1515.5,296.8,1859,369,147,1434.0,288.0,97.0,U,GREAT LAKES AREA,Y,N,149.9899902,2.0,1.0,WCMB,0.0,0.0,R,2.0,,M,1.0,M,4.0,1.0,C,,0.0,U,U,U,U,U,U,Y,339.0,180-365,1,0.06695356121476236,1.1345302508607966,0.0,68.000000004,30.082800459091654,1474.92,0.12818545801741082,0,0,0,0,1,0,0,0,0,0,1,0,0.6467283,152.61959529876708,45,107.61959529876708,429.24264108181,65,364.24264108181,839.4077741432191,85,754.4077741432191
116.455,973.75,59.99,4.95,184.25,55.275,55.275,0.0,0.0,-127.75,-53.295,9.333333333,0.0,1.333333333,0.0,45.66666667,0.0,189.6666667,0.0,119.3333333,0.0,137.0,0.0,1.666666667,5.0,3.896666667,57.0,0.333333333,422.3833333,0.0,338.76,20.66666667,62.46666667,3.0,18.14666667,179.0,0.0,582.3133333,0.0,46.66666667,0.0,178.83,0.0,10.66666667,189.6666667,137.0,0.0,1.0,25,1017481,2,1,N,B,N,3652,11504.0,1794.65,1731.25,11442.0,3623,72.14,476.75,150.96,1016,231,134,935.0,237.0,109.0,S,NORTHWEST/ROCKY MOUNTAIN AREA,Y,N,29.98999023,3.0,2.0,,0.0,0.0,O,7.0,S,M,1.0,M,4.0,1.0,C,A,0.0,O,U,U,Y,U,U,Y,19.0,<180,1,0.11947165939984611,0.9062961141170683,0.0,41.666666675,15.965732087227414,2911.375,0.2798797696088385,0,1,0,0,0,0,0,0,0,0,0,1,0.68250656,152.6040990600586,45,107.60409906005859,429.1990563714504,65,364.1990563714504,839.3225448303223,85,754.3225448303223
163.105,2267.75,102.41,3.2175,107.5,26.875,26.8125,0.0625,0.0,-505.75,-26.155,9.666666667,1.333333333,18.66666667,1.0,106.0,1.666666667,628.3333333,51.0,299.6666667,0.0,496.3333333,47.0,7.0,35.66666667,31.91333333,122.6666667,0.333333333,897.5466667,95.55333333,672.48,131.0,165.31,49.0,118.38,433.6666667,19.66666667,833.0566667,41.99333333,360.0,27.33333333,736.9766667,53.56,30.66666667,679.3333333,543.3333333,0.0,26.66666667,10,1061607,1,1,U,BA,N,5085,13926.0,1145.49,1065.51,13926.0,5085,118.39,1547.33,565.0,2436,848,172,1644.0,544.0,108.0,S,DALLAS AREA,Y,R,99.98999023,6.0,6.0,WCMB,1.0,1.0,O,7.0,M,S,2.0,M,7.0,1.0,I,B,0.0,G,U,U,U,U,U,Y,42.0,<180,1,0.07189201101928375,0.2598878251619766,0.0,70.0,21.929697321342232,1631.05,0.121067019451973,0,0,0,0,0,0,0,0,0,0,0,1,0.4872505,152.58814211273193,45,107.58814211273193,429.1541885793209,65,364.1541885793209,839.2347816200257,85,754.2347816200257
143.005,2594.75,94.99,10.89,185.0,46.25,46.25,0.0,0.875,-343.75,-53.305,0.0,0.0,0.0,0.0,0.0,0.0,0.0,0.0,0.0,0.0,0.0,0.0,0.0,0.0,0.0,0.0,0.0,0.0,0.0,0.0,0.0,0.0,0.0,0.0,0.0,0.0,0.0,0.0,0.0,0.0,0.0,0.0,0.0,0.0,0.0,0.0,0.0,13,1067081,1,1,Y,AA,N,4433,28020.0,1577.23,1488.34,27837.0,4378,124.03,2319.75,364.83,2709,354,161,2481.0,336.0,127.0,U,NEW YORK CITY AREA,Y,N,59.98999023,2.0,2.0,WCMB,0.0,0.0,,,,U,,,,,,,0.0,I,U,U,U,U,U,N,379.0,365-730,1,0.05509197727053838,0.4818210230232316,0.0003370894731773091,0.0,27.031461610584437,1859.065,0.6748453318335208,0,0,1,1,1,1,1,1,1,1,1,0,0.5554811,152.5182278213501,45,107.51822782135011,428.9575157475471,65,363.9575157475471,838.8502530174255,85,753.8502530174255
178.955,2028.0,90.8225,10.395,188.5,75.4,75.4,0.0,1.56,484.0,88.625,25.33333333,0.0,73.0,0.0,37.0,0.0,507.6666667,0.0,147.6666667,0.0,378.0,0.0,0.666666667,3.333333333,3.0,69.0,7.333333333,1021.85,0.0,386.29,79.0,229.2566667,15.66666667,54.11666667,179.3333333,0.0,522.1266667,0.0,334.0,0.0,886.0133333,0.0,98.33333333,507.6666667,378.0,0.0,20.33333333,19,1029071,1,1,U,AA,N,8441,27719.0,3265.5,3099.52,27554.0,8407,172.2,1530.78,467.06,1867,509,150,1535.0,442.0,144.0,U,CHICAGO AREA,Y,N,129.9899902,3.0,3.0,WCMB,0.0,0.0,,,,U,1.0,M,,,C,,0.0,R,U,U,U,U,U,N,198.0,180-365,1,0.08819862000985708,0.8211495003947834,0.0007688516510596353,12.666666673,22.08609001061831,3400.1450000000004,0.4019589602744604,0,0,1,1,1,0,0,1,1,0,1,0,0.44381943,152.49351006269455,45,107.49351006269455,428.88803438425066,65,363.88803438425066,838.7143053448201,85,753.7143053448201
114.315,587.75,39.99,4.95,215.0,75.25,75.25,0.0,0.16,-283.75,-75.035,4.0,0.0,1.666666667,0.0,66.66666667,0.0,226.0,0.0,100.6666667,0.0,155.0,0.0,3.0,10.33333333,8.39,62.66666667,0.666666667,273.5966667,0.0,162.7933333,17.0,8.663333333,0.0,0.0,123.0,0.0,245.2466667,0.0,109.3333333,0.0,191.1433333,0.0,5.666666667,226.0,155.0,0.0,5.0,14,1046791,1,1,U,AA,N,2497,5924.0,1120.79,1057.56,5911.0,2488,81.35,454.69,191.38,682,259,139,659.0,248.0,133.0,U,NEW ENGLAND AREA,Y,N,199.9899902,1.0,1.0,WCMB,0.0,0.0,O,2.0,M,M,4.0,M,4.0,2.0,,A,0.0,D,U,U,U,U,U,Y,421.0,365-730,0,0.1941656050955414,1.83581361307636,0.0002717622080679406,42.0,14.338863137350573,1600.4099999999999,0.171355712553823,0,0,0,0,0,0,0,0,0,1,0,1,0.6946086,152.45602723789216,45,107.45602723789216,428.7826106750965,65,363.7826106750965,838.508149808407,85,753.508149808407
251.795,1261.75,47.49,2.475,416.0,166.38,165.6,0.78,2.95,-287.75,-137.425,9.666666667,0.0,0.666666667,0.0,100.6666667,0.0,516.6666667,0.666666667,164.3333333,0.0,407.6666667,0.666666667,0.333333333,1.0,0.69,100.3333333,0.333333333,670.2566667,1.3,312.59,125.3333333,103.27,12.33333333,24.53333333,281.0,0.0,495.9566667,0.0,238.3333333,0.666666667,486.8966667,1.3,10.33333333,517.3333333,408.3333333,0.0,8.333333333,17,1050496,1,1,N,EA,N,5084,13309.0,2005.83,1935.85,13300.0,5078,120.99,831.25,317.38,1358,497,298,1052.0,409.0,201.0,S,NEW ENGLAND AREA,Y,R,99.98999023,2.0,2.0,WCMB,0.0,0.0,O,9.0,S,M,6.0,M,9.0,,,A,0.0,I,U,U,U,U,U,Y,164.0,<180,1,0.19940209859433775,3.431222932563415,0.0023361710552365867,5.666666661,26.020829036914826,4280.514999999999,0.20988313376161769,0,0,0,0,0,0,0,0,1,1,0,1,0.31502494,152.29767899990082,45,107.29767899990082,428.3372071790695,65,363.3372071790695,837.6372344994545,85,752.6372344994545
109.85,907.5,10.0,0.0,307.5,107.625,107.625,0.0,0.0,-224.5,-85.5,13.66666667,0.0,7.666666667,0.0,34.66666667,0.0,255.3333333,0.0,48.0,0.0,203.3333333,0.0,1.666666667,4.0,3.116666667,15.33333333,0.0,539.5933333,0.0,133.18,25.0,23.78333333,7.0,22.61666667,201.6666667,0.0,530.46,0.0,45.66666667,0.0,142.3133333,0.0,21.33333333,255.3333333,203.3333333,0.0,5.333333333,23,1018606,2,2,U,AA,N,4597,13945.0,1729.87,1654.06,13695.0,4510,78.76,652.14,214.76,982,272,138,885.0,239.0,104.0,S,DALLAS AREA,N,N,29.98999023,1.0,1.0,,1.0,0.0,O,1.0,S,A,3.0,M,6.0,1.0,C,A,0.0,U,Y,Y,U,U,U,Y,688.0,365-730,0,0.12091359383599339,9.784090909090908,0.0,38.333333341,82.5,2526.5499999999997,0.08031639792909406,0,1,0,0,0,0,0,0,0,0,0,1,0.7215603,152.1857300567627,45,107.18573005676271,428.02236578464505,65,363.02236578464505,837.0215153121949,85,752.0215153121949
153.295,1538.25,159.99,0.7425,10.25,2.5625,2.5625,0.0,0.0,210.75,7.935,26.66666667,0.0,70.0,0.0,56.66666667,0.0,492.0,0.0,193.6666667,0.0,351.6666667,0.0,7.333333333,16.0,13.15333333,84.66666667,1.0,666.0633333,0.0,479.7766667,68.33333333,51.99333333,19.33333333,49.73666667,389.0,0.0,968.9366667,0.0,143.0,0.0,176.9,0.0,96.66666667,492.0,351.6666667,0.0,12.0,12,1063115,2,2,U,AA,N,4870,15528.0,2015.08,1985.1,15523.0,4866,180.46,1411.18,442.36,1468,514,151,1541.0,510.0,180.0,U,CHICAGO AREA,N,N,129.9899902,1.0,1.0,WCMB,1.0,1.0,O,4.0,M,M,3.0,M,4.0,,B,B,0.0,H,U,U,U,U,U,Y,364.0,180-365,0,0.09959070976124736,0.015917137710416796,0.0,87.999999996,9.554941300701907,1839.54,0.1197712301850387,0,0,0,0,0,0,0,0,1,0,0,1,0.5169947,152.16518735980986,45,107.16518735980986,427.96463513493535,65,362.96463513493535,836.9085304789543,85,751.9085304789543
134.0925,789.0,59.99,1.7325,231.5,69.45,69.45,0.0,0.5,-232.0,-69.6025,6.0,0.0,6.666666667,0.0,59.66666667,0.0,213.6666667,0.0,26.66666667,0.0,143.0,0.0,0.666666667,2.666666667,2.333333333,4.333333333,0.0,467.2266667,0.0,154.8966667,30.33333333,25.12333333,0.0,0.0,151.3333333,0.0,532.9366667,0.0,16.66666667,0.0,89.18666667,0.0,12.66666667,213.6666667,143.0,0.0,0.666666667,20,1026033,1,1,Y,EA,N,3441,10933.0,2113.99,1982.3,10532.0,3320,110.13,585.11,184.44,866,231,157,853.0,241.0,148.0,R,NORTH FLORIDA AREA,Y,R,9.989997864,1.0,1.0,WC,0.0,0.0,O,1.0,S,B,1.0,M,5.0,1.0,C,A,0.0,N,U,U,U,U,U,Y,602.0,365-730,0,0.1697373417721519,1.1387112641416626,0.0006329113924050633,13.33333334,12.93654697491392,2681.85,0.3564582115298259,0,0,0,0,0,0,0,0,0,0,0,1,0.59061635,152.05867192411424,45,107.05867192411424,427.6650227791071,65,362.6650227791071,836.3226955826283,85,751.3226955826283
142.0175,716.5,25.4025,0.99,350.75,105.225,105.225,0.0,0.0,-716.5,-193.5575,14.33333333,0.0,0.666666667,0.0,17.33333333,0.0,215.0,0.0,64.66666667,0.0,187.0,0.0,2.333333333,3.666666667,1.583333333,36.66666667,1.0,483.2633333,0.0,114.2533333,25.66666667,53.49666667,5.666666667,11.17333333,93.66666667,0.0,259.4766667,0.0,141.0,0.0,338.04,0.0,15.0,215.0,187.0,0.0,0.333333333,19,1037697,1,1,U,BA,N,4828,20250.0,4439.89,4231.5,20241.0,4826,235.08,1124.5,268.11,955,292,206,1178.0,314.0,257.0,U,NEW YORK CITY AREA,Y,N,149.9899902,1.0,1.0,WCMB,0.0,0.0,O,6.0,S,A,5.0,M,5.0,1.0,,A,0.0,G,U,U,U,U,U,Y,574.0,365-730,0,0.19793379790940768,3.9854180475333774,0.0,44.333333327000005,27.137581668402614,2698.3325000000004,0.1366353286244739,0,0,0,0,0,0,0,0,0,1,0,0,0.5574601,152.00466301083566,45,107.00466301083566,427.5131020206213,65,362.5131020206213,836.0256465595962,85,751.0256465595962
133.52,1319.25,65.03,1.2375,211.25,84.2175,73.2,11.0175,3.035,-422.25,-49.76,0.0,0.0,0.0,0.0,0.0,0.0,0.0,0.0,0.0,0.0,0.0,0.0,0.0,0.0,0.0,0.0,0.0,0.0,0.0,0.0,0.0,0.0,0.0,0.0,0.0,0.0,0.0,0.0,0.0,0.0,0.0,0.0,0.0,0.0,0.0,0.0,0.0,20,1046569,2,2,U,AA,N,6665,13061.0,1570.73,1490.75,13061.0,6665,78.46,687.42,350.79,1460,690,150,1068.0,513.0,115.0,S,NEW YORK CITY AREA,T,N,199.9899902,3.0,3.0,WCMB,0.0,0.0,O,8.0,S,A,3.0,M,6.0,1.0,I,A,0.0,N,U,U,U,Y,Y,Y,162.0,<180,1,0.10113236129520925,1.2754429804634257,0.0022988070441204316,0.0,19.97955474784189,2670.4,0.4394748664703239,0,0,0,0,0,0,0,0,0,0,0,0,0.59291553,151.99887278747562,45,106.99887278747562,427.496869506836,65,362.496869506836,835.9938003311158,85,750.9938003311158
125.4225,720.0,44.99,0.7425,256.0,89.69,88.8125,0.8775,0.0,-183.0,-45.6325,8.0,0.0,0.333333333,0.0,25.33333333,0.0,211.3333333,1.333333333,73.66666667,0.0,179.6666667,1.333333333,1.0,1.666666667,0.923333333,28.0,0.666666667,423.61,2.866666667,173.5433333,34.33333333,62.93333333,4.333333333,15.93333333,163.6666667,1.0,436.25,2.15,71.33333333,0.333333333,160.8966667,0.716666667,8.333333333,212.6666667,181.0,0.0,3.0,11,1082100,1,1,U,AA,N,2053,6940.0,1002.04,936.43,6888.0,2034,93.64,688.8,203.4,781,238,141,741.0,219.0,112.0,C,LOS ANGELES AREA,T,N,99.98999023,1.0,1.0,WCMB,0.0,0.0,,,,U,,,,,,,0.0,G,U,U,U,U,U,N,311.0,180-365,0,0.17395631067961165,1.9502065666449226,0.0,11.0,15.655577299412915,1379.6475,0.25315131832443444,0,0,1,1,1,1,1,1,1,1,1,1,0.6310401,151.96153240299225,45,106.96153240299225,427.39179493188857,65,362.39179493188857,835.7884282164574,85,750.7884282164574
108.2525,485.0,30.0,0.495,221.25,77.4375,77.4375,0.0,0.32,333.0,95.6975,11.66666667,0.0,4.0,0.0,12.66666667,0.0,118.3333333,0.0,33.66666667,0.0,93.66666667,0.0,0.0,0.0,0.0,14.33333333,0.333333333,170.4766667,0.0,112.24,43.33333333,46.57666667,10.33333333,15.46666667,70.66666667,0.0,144.0433333,0.0,47.66666667,0.0,138.6766667,0.0,15.66666667,118.3333333,93.66666667,0.0,1.0,21,1031095,1,1,U,AA,N,2221,6194.0,1088.61,1056.61,6194.0,2221,52.83,309.7,111.05,374,147,76,357.0,140.0,59.0,U,PHILADELPHIA AREA,Y,N,59.98999023,1.0,1.0,WCMB,0.0,0.0,,,M,U,1.0,M,5.0,,C,,0.0,O,U,U,U,U,U,N,631.0,365-730,0,0.2227417695473251,2.497983870967742,0.0006584362139917696,0.0,15.64516129032258,2273.3025,0.2858789625360231,0,0,1,1,0,0,0,0,1,0,1,1,0.7307877,151.89042632579805,45,106.89042632579805,427.1918369460106,65,362.1918369460106,835.3973447918893,85,750.3973447918893
123.1,675.75,44.9925,0.2475,13.5,5.4,5.4,0.0,2.72,-124.75,68.26,6.0,0.0,14.33333333,0.0,17.66666667,0.0,103.3333333,0.0,126.0,0.0,65.66666667,0.0,2.0,7.0,6.11,51.33333333,0.0,178.87,0.0,319.7866667,6.666666667,4.616666667,0.333333333,0.3,108.0,0.0,260.6166667,0.0,83.33333333,0.0,238.0433333,0.0,20.33333333,103.3333333,65.66666667,0.0,2.666666667,12,1063628,1,1,U,CA,Y,1431,5324.0,1082.13,984.15,5324.0,1431,89.47,484.0,130.09,717,202,100,752.0,194.0,134.0,T,NORTH FLORIDA AREA,Y,N,149.9899902,1.0,1.0,WCMB,0.0,0.0,,,M,U,1.0,M,,,C,,0.0,H,U,U,U,U,U,N,361.0,180-365,0,0.18189878093830808,0.1174104473555471,0.004019209456963428,24.0,14.692612926020548,1477.1999999999998,0.3207790622656972,0,0,1,1,0,0,0,1,1,0,1,1,0.64262664,151.88610176086425,45,106.88610176086425,427.1796612024307,65,362.1796612024307,835.3735596847534,85,750.3735596847534
132.2475,1184.0,69.99,10.89,152.0,45.6,45.6,0.0,14.87,567.0,81.8225,12.66666667,0.0,5.333333333,0.0,85.0,0.0,364.6666667,0.0,157.6666667,0.0,264.6666667,0.0,0.0,0.0,0.0,58.66666667,0.0,467.7333333,0.0,336.5766667,81.0,83.5,31.33333333,65.1,271.0,0.0,554.1933333,0.0,136.0,0.0,250.1166667,0.0,18.0,364.6666667,264.6666667,0.0,10.33333333,11,1059862,1,1,U,DA,N,2493,6535.0,719.78,689.8,6510.0,2480,76.64,723.33,275.56,995,378,105,743.0,284.0,80.0,C,ATLANTIC SOUTH AREA,Y,N,99.98999023,2.0,2.0,WCMB,0.0,0.0,,,,U,,,,,,,0.0,U,U,U,U,U,U,N,35.0,<180,1,0.11160126582278482,0.6423439921115651,0.012548523206751054,0.0,16.678405409212566,1454.7225,0.6088858392658032,0,0,1,1,1,1,1,1,1,1,1,0,0.59717023,151.63060185313225,45,106.63060185313225,426.46106377065183,65,361.46106377065183,833.9683101922275,85,748.9683101922275
166.1775,758.25,59.99,0.7425,298.0,119.2,119.2,0.0,0.0,-35.25,17.0125,5.333333333,0.0,6.0,0.0,67.0,0.0,280.0,0.0,69.66666667,0.0,203.0,0.0,0.333333333,0.333333333,0.3,31.33333333,0.0,416.0433333,0.0,164.12,24.0,32.37,7.666666667,16.44666667,239.6666667,0.0,545.01,0.0,31.66666667,0.0,35.15333333,0.0,11.33333333,280.0,203.0,0.0,5.333333333,7,1091550,2,2,U,AA,N,1138,3178.0,737.41,651.53,3167.0,1133,108.59,527.83,188.83,770,254,161,528.0,189.0,109.0,U,HOUSTON AREA,Y,N,149.9899902,1.0,1.0,WCMB,0.0,0.0,,,,U,,,,,,,0.0,G,U,U,U,U,U,N,201.0,180-365,0,0.21887059598287786,1.9544187571733072,0.0,2.333333331,12.432365961633055,1163.2425,0.3041591861469357,0,0,1,1,1,1,1,1,1,1,1,0,0.47508404,151.58069278120996,45,106.58069278120996,426.3206934946776,65,361.3206934946776,833.6938102966548,85,748.6938102966548
144.285,1760.5,84.91,0.99,171.0,63.2125,63.2125,0.0,0.1725,31.5,6.305,7.333333333,0.0,6.333333333,0.0,47.33333333,0.0,606.6666667,0.0,33.33333333,0.0,546.0,0.0,20.0,31.0,20.36,10.0,0.0,1174.01,0.0,142.1533333,37.0,28.74666667,0.666666667,0.866666667,418.3333333,0.0,849.67,0.0,160.3333333,0.0,466.49,0.0,13.66666667,606.6666667,546.0,0.0,4.333333333,18,1041087,2,1,U,AA,N,8477,24295.0,2224.32,2147.78,24254.0,8454,126.34,1426.71,497.29,1750,592,142,1593.0,541.0,130.0,T,CENTRAL/SOUTH TEXAS AREA,Y,R,29.98999023,2.0,2.0,WCMB,0.0,0.0,,,,U,,,,,,,0.0,F,U,U,U,U,U,N,495.0,365-730,1,0.0819103037184218,0.7357990920730998,9.792790235594662e-05,360.0,20.49237574205564,2597.13,0.046007050201558645,0,0,1,1,1,1,1,1,1,1,1,1,0.54691917,151.5114964799881,45,106.5114964799881,426.12607524991034,65,361.12607524991034,833.3132306399345,85,748.3132306399345
103.7825,335.0,65.635,0.0,0.0,0.0,0.0,0.0,0.6475,-295.0,-43.7925,12.66666667,0.0,1.666666667,0.0,28.0,0.0,111.0,0.0,51.66666667,0.0,73.33333333,0.0,0.666666667,1.333333333,0.926666667,27.0,0.333333333,120.5933333,0.0,171.9233333,46.33333333,48.72333333,12.66666667,65.49333333,49.0,0.0,72.94333333,0.0,55.33333333,0.0,219.5766667,0.0,14.33333333,111.0,73.33333333,0.0,1.666666667,11,1078032,2,2,U,BA,N,568,2170.0,645.22,609.6,2169.0,567,60.96,216.9,56.7,433,122,119,281.0,77.0,78.0,T,ATLANTIC SOUTH AREA,Y,N,149.9899902,1.0,1.0,WCMB,0.0,0.0,,,,U,,,,,,,0.0,N,U,U,U,U,U,N,325.0,180-365,0,0.3088764880952381,0.0,0.0019270833333333332,7.333333337,5.02738800930442,1141.6075,0.5999999998800001,0,0,1,1,1,1,1,1,1,1,1,0,0.7600627,151.45192458438873,45,106.45192458438873,425.95852552175523,65,360.95852552175523,832.9855852141382,85,747.9855852141382
104.8975,987.0,68.49,0.495,115.75,46.1525,22.7,23.4525,8.26,-987.0,-54.9075,0.333333333,0.0,0.666666667,0.0,15.66666667,0.0,82.0,0.0,14.0,0.0,65.66666667,0.0,1.666666667,4.333333333,3.386666667,7.666666667,0.0,172.9066667,0.0,22.97,22.33333333,28.4,7.0,13.1,29.33333333,0.0,50.34,0.0,50.0,0.0,145.5366667,0.0,1.0,82.0,65.66666667,0.0,0.333333333,22,1025784,1,1,Y,BA,N,5102,15746.0,1360.61,1321.68,15577.0,5040,62.94,741.76,240.0,1316,376,123,1081.0,306.0,105.0,C,CENTRAL/SOUTH TEXAS AREA,Y,N,149.9899902,2.0,2.0,WCMB,0.0,0.0,O,7.0,S,A,4.0,M,6.0,1.0,C,C,0.0,O,U,U,U,U,U,Y,65.0,<180,1,0.10617155870445344,0.6641603108360916,0.008360323886639676,36.666666674000005,14.203482515469853,2307.745,0.3002257417314606,0,0,0,0,0,0,0,0,0,0,0,0,0.7513136,151.31697663736344,45,106.31697663736344,425.57897803544995,65,360.57897803544995,832.2433715054989,85,747.2433715054989
115.9275,644.0,51.93,0.99,216.5,64.95,64.95,0.0,5.5575,-571.0,-113.6975,5.666666667,0.0,1.333333333,0.0,68.33333333,0.0,294.0,0.0,88.66666667,0.0,221.6666667,0.0,0.0,0.0,0.0,45.0,0.666666667,466.5133333,0.0,167.7033333,56.0,69.14666667,14.66666667,20.97333333,247.3333333,0.0,537.3333333,0.0,49.33333333,0.0,96.88333333,0.0,7.0,294.0,221.6666667,0.0,0.333333333,14,1075721,2,2,U,AA,N,2615,8961.0,1735.46,1655.48,8961.0,2615,137.96,746.75,217.92,834,277,154,767.0,239.0,123.0,C,ATLANTIC SOUTH AREA,T,N,99.98999023,1.0,1.0,WCMB,0.0,0.0,O,2.0,S,A,2.0,M,6.0,2.0,C,A,0.0,N,U,U,Y,U,U,Y,395.0,365-730,0,0.17973255813953487,1.2270923861704137,0.008616279069767443,0.0,12.167013036085397,1622.985,0.4490159484221242,0,0,0,0,0,0,0,0,0,0,0,0,0.678987,151.1294821178913,45,106.12948211789131,425.051671911478,65,360.051671911478,831.2121516484023,85,746.2121516484023
137.2475,1302.25,39.8225,0.0,273.0,93.875,93.875,0.0,0.0,-17.25,80.5425,19.66666667,0.0,2.0,0.0,166.6666667,0.0,512.0,0.0,434.0,0.0,331.3333333,0.0,3.0,12.66666667,10.58666667,289.6666667,0.0,528.34,0.0,429.4766667,38.66666667,43.99,12.66666667,17.35,314.3333333,0.0,434.15,0.0,266.3333333,0.0,523.6633333,0.0,21.66666667,512.0,331.3333333,0.0,0.666666667,25,1027327,1,1,U,ZA,N,8798,18195.0,1658.8,1609.82,17983.0,8697,80.49,899.15,434.85,1308,546,110,1204.0,531.0,109.0,U,NEW YORK CITY AREA,Y,N,199.9899902,3.0,3.0,WCMB,0.0,0.0,,,,U,,,,,,,0.0,H,U,U,U,U,U,N,311.0,180-365,1,0.10531172069825437,2.2995896870598322,0.0,75.0,31.90030007961296,3431.1875,0.15874049734606185,0,0,1,1,1,1,1,1,1,1,1,0,0.5731487,151.0334015350342,45,106.03340153503419,424.7814418172836,65,359.7814418172836,830.683708442688,85,745.683708442688
146.9375,1109.25,75.11,4.2075,123.75,47.3225,19.8,27.5225,10.2975,-1106.25,-87.3175,7.0,0.0,7.333333333,0.666666667,71.66666667,0.0,340.6666667,77.0,157.3333333,0.0,258.0,76.33333333,34.0,66.66666667,46.28333333,106.3333333,1.0,354.1166667,532.09,138.69,101.0,111.62,43.66666667,55.90333333,220.6666667,21.0,281.2266667,160.5666667,150.6666667,55.33333333,211.58,371.52,15.0,417.6666667,334.3333333,0.0,2.0,10,1093999,1,1,Y,EA,Y,3237,12984.0,1304.21,1158.44,12911.0,3213,144.81,1613.88,401.63,1478,486,176,1506.0,412.0,157.0,C,SOUTHWEST AREA,Y,N,249.9899902,2.0,2.0,WCMB,0.0,0.0,,,,U,,,,,,,0.0,H,U,U,U,U,U,N,63.0,<180,1,0.13234631839675748,0.6217645513073183,0.009274938077009682,340.0,14.574300354749704,1469.375,0.02807272499260007,0,0,1,1,1,1,1,1,1,1,1,0,0.5349222,150.9122461438179,45,105.9122461438179,424.44070103764534,65,359.44070103764534,830.0173537909985,85,745.0173537909985
119.415,836.0,30.0,0.2475,110.75,38.7625,38.7625,0.0,6.0325,-118.0,-87.665,9.333333333,0.0,2.666666667,0.0,51.66666667,0.333333333,280.6666667,0.666666667,174.6666667,0.0,221.6666667,0.333333333,0.333333333,1.0,0.69,79.0,0.0,304.89,0.143333333,278.2566667,27.66666667,20.87333333,22.66666667,32.02333333,161.3333333,0.333333333,222.7733333,0.143333333,230.3333333,0.0,360.3766667,0.0,12.0,281.3333333,222.0,0.0,6.333333333,20,1026628,1,1,U,AA,N,4815,10520.0,1171.75,1101.03,10122.0,4678,61.17,562.33,259.89,875,426,149,667.0,320.0,92.0,S,MIDWEST AREA,Y,R,99.98999023,3.0,3.0,WCMB,1.0,1.0,O,2.0,S,M,3.0,M,8.0,2.0,C,A,0.0,N,U,U,U,Y,Y,Y,48.0,<180,1,0.14267025089605737,1.2504032258064517,0.0072072879330943845,6.666666660000001,26.967741935483872,2388.3,0.3870363627404593,0,0,0,0,0,0,0,0,0,0,0,1,0.65733707,150.71214892959594,45,105.71214892959594,423.8779188644886,65,358.8779188644886,828.9168191127777,85,743.9168191127777
116.96,903.5,44.9925,4.2075,81.0,32.4,32.4,0.0,1.3325,185.5,135.59,7.0,0.0,8.333333333,0.0,67.66666667,0.0,290.6666667,0.0,82.66666667,0.0,210.3333333,0.0,0.0,0.0,0.0,37.0,0.0,413.4766667,0.0,204.2033333,53.66666667,89.02666667,21.0,77.69333333,155.0,0.0,320.8033333,0.0,132.3333333,0.0,296.8766667,0.0,15.33333333,290.6666667,210.3333333,0.0,4.666666667,16,1046995,2,1,Y,DA,N,2801,8213.0,1091.95,1028.99,8014.0,2740,68.6,534.27,182.67,842,290,72,620.0,207.0,64.0,U,HOUSTON AREA,Y,N,149.9899902,1.0,1.0,WCMB,0.0,0.0,,,,U,,,,,,,0.0,N,U,U,U,U,U,N,481.0,365-730,0,0.12930901050304033,0.7044626841332826,0.0014731896075179658,0.0,19.644507256617928,1871.36,0.5866951557865867,0,0,1,1,1,1,1,1,1,1,1,0,0.67086005,150.65047113037107,45,105.65047113037107,423.7044918823242,65,358.7044918823242,828.577591217041,85,743.577591217041
165.37,1333.75,59.99,1.485,436.25,130.875,130.875,0.0,2.565,293.25,87.64,11.66666667,0.0,3.666666667,0.0,78.33333333,0.0,409.6666667,0.0,115.6666667,0.0,319.6666667,0.0,4.666666667,33.66666667,31.04333333,59.0,0.333333333,621.39,0.0,265.1466667,39.0,25.21,3.0,7.03,268.0,0.0,584.5666667,0.0,152.3333333,0.0,301.9666667,0.0,15.33333333,409.6666667,319.6666667,0.0,3.666666667,19,1028791,2,1,U,CA,N,4989,11760.0,1901.39,1856.3,11684.0,4948,103.13,649.11,274.89,1236,436,136,987.0,369.0,139.0,U,SOUTHWEST AREA,Y,N,129.9899902,4.0,3.0,WCMB,0.0,0.0,,,M,U,1.0,M,6.0,,C,,0.0,N,U,U,U,U,U,N,59.0,<180,1,0.12389586064806143,2.145843580914904,0.0019217081850533807,88.66666667300001,21.868339071979012,3142.03,0.12799983209838245,0,0,1,1,0,0,0,0,1,0,1,0,0.47446734,150.64832661628722,45,105.64832661628722,423.69840875148776,65,358.69840875148776,828.5657963895798,85,743.5657963895798
143.1125,830.5,44.99,2.7225,263.5,105.4,105.4,0.0,0.0,351.5,98.6575,36.33333333,0.0,5.333333333,0.0,78.66666667,0.0,218.3333333,0.0,19.33333333,0.0,99.33333333,0.0,1.333333333,2.666666667,1.65,11.33333333,0.0,463.48,0.0,48.84,14.0,17.77666667,0.333333333,6.076666667,68.66666667,0.0,323.01,0.0,41.0,0.0,189.3066667,0.0,41.66666667,218.3333333,99.33333333,0.0,0.0,7,1090837,1,1,U,AA,N,841,5735.0,997.53,826.93,5735.0,841,137.82,955.83,140.17,713,145,110,956.0,140.0,138.0,,CHICAGO AREA,Y,N,149.9899902,2.0,2.0,WCMB,0.0,0.0,,,,U,,,,,,,0.0,N,U,U,U,U,U,N,66.0,<180,1,0.17211365003006615,2.2918025657751686,0.0,9.333333330999999,18.05827353772559,1001.7875000000001,0.21620986320960228,1,0,1,1,1,1,1,1,1,1,1,1,0.5481838,150.62775695562365,45,105.62775695562365,423.6405749678612,65,358.6405749678612,828.45266325593,85,743.45266325593
108.015,1120.0,10.0,1.2375,234.5,93.8,93.8,0.0,2.9775,-96.0,-26.815,19.33333333,0.0,2.666666667,0.0,109.6666667,0.0,422.6666667,0.0,127.3333333,0.0,293.6666667,0.0,0.0,0.0,0.0,85.66666667,0.0,544.5266667,0.0,193.5233333,98.33333333,73.53666667,2.0,8.986666667,192.6666667,0.0,382.32,0.0,191.0,0.0,355.73,0.0,22.0,422.6666667,293.6666667,0.0,2.666666667,8,1092234,3,3,U,A,N,2212,7098.0,691.79,635.87,6515.0,2030,105.98,1085.83,338.33,1152,389,117,1086.0,338.0,106.0,,SOUTHWEST AREA,Y,N,149.9899902,1.0,1.0,WCMB,,,,,,,,,,,,,,,,,,,,,240.0,180-365,0,0.09635593220338982,8.527272727272727,0.0026561106155218554,0.0,101.81818181818181,864.12,0.1049618320610687,1,0,1,1,1,1,1,1,1,1,1,0,0.72612107,150.58937694740297,45,105.58937694740297,423.53266129374504,65,358.53266129374504,828.2415732107163,85,743.2415732107163
139.7175,1527.25,54.905,3.7125,184.25,73.605,69.9,3.705,0.0,683.75,167.9125,11.0,0.0,0.0,0.0,1.333333333,0.0,210.6666667,6.0,85.0,0.0,204.0,6.0,0.666666667,2.666666667,2.116666667,26.0,0.0,809.46,14.34666667,294.0033333,46.66666667,80.9,6.333333333,21.25333333,115.0,2.0,377.7933333,3.196666667,164.3333333,4.0,725.6733333,11.15,11.0,216.6666667,210.0,0.0,6.0,30,1010293,4,1,Y,A,N,6804,22022.0,2116.86,2054.94,21933.0,6779,70.86,756.31,233.76,1299,346,84,1253.0,350.0,69.0,C,NEW YORK CITY AREA,Y,N,149.9899902,5.0,4.0,WCMB,0.0,0.0,,,,U,,,,,,,0.0,S,U,U,U,U,U,N,134.0,<180,1,0.0914231964665467,1.316608532331634,0.0,20.00000001,27.318665593417403,4191.525,0.3352020625599803,0,0,1,1,1,1,1,1,1,1,1,0,0.56134206,150.58426861667633,45,105.58426861667633,423.51830545127393,65,358.51830545127393,828.2134773917198,85,743.2134773917198
116.8125,1402.75,60.15,1.485,153.25,61.3,61.3,0.0,1.3775,728.25,90.2875,10.0,0.0,22.66666667,0.0,105.3333333,0.0,521.6666667,0.0,129.6666667,0.0,388.3333333,0.0,17.0,30.66666667,20.09333333,34.66666667,0.333333333,611.1433333,0.0,477.4166667,185.3333333,309.7666667,66.33333333,289.4666667,207.6666667,0.0,408.4466667,0.0,305.6666667,0.0,680.1133333,0.0,32.66666667,521.6666667,388.3333333,0.0,6.0,11,1069785,2,2,U,EA,Y,2174,5899.0,607.13,547.15,5877.0,2167,60.79,653.0,240.78,1160,434,87,838.0,302.0,74.0,T,DALLAS AREA,Y,N,199.9899902,1.0,1.0,WCMB,0.0,0.0,O,0.0,S,M,3.0,M,4.0,2.0,C,A,0.0,H,U,U,Y,U,U,Y,321.0,180-365,0,0.08321460373998218,1.0024529844644317,0.000981300089047195,187.0,22.939493049877353,1284.9375,0.052624784853700514,0,0,0,0,0,0,0,0,0,0,0,1,0.67136675,150.5741349577904,45,105.57413495779039,423.48978938162327,65,358.48978938162327,828.1577422678471,85,743.1577422678471
109.29,999.5,59.99,4.95,134.75,53.9,53.9,0.0,0.0,520.5,79.86,6.333333333,0.0,28.33333333,0.0,10.0,0.0,212.3333333,0.0,71.33333333,0.0,168.3333333,0.0,0.0,0.0,0.0,30.33333333,0.333333333,301.79,0.0,301.89,69.0,68.16333333,15.0,51.19,106.0,0.0,261.5666667,0.0,132.6666667,0.0,342.1133333,0.0,34.66666667,212.3333333,168.3333333,0.0,2.666666667,23,1018353,3,3,N,A,N,7167,15870.0,1679.29,1630.54,15527.0,6992,74.12,705.77,317.82,826,251,83,791.0,274.0,87.0,T,,N,N,29.98999023,1.0,1.0,WC,1.0,1.0,O,13.0,S,M,4.0,M,9.0,1.0,C,A,1.0,N,Y,U,U,U,Y,Y,696.0,365-730,0,0.10923538230884558,0.8837514346614198,0.0,0.0,16.387932447942283,2513.67,0.5308556010096614,0,0,0,0,0,0,0,0,0,0,0,1,0.71636206,150.31913046455384,45,105.31913046455384,422.77254791736607,65,357.77254791736607,826.7552175550462,85,741.7552175550462
111.125,582.5,29.99,0.0,222.5,77.875,77.875,0.0,0.0,-31.5,-11.295,12.66666667,0.0,1.666666667,0.0,52.33333333,0.0,296.6666667,0.0,84.0,0.0,233.6666667,0.0,0.0,0.0,0.0,57.33333333,0.0,261.0733333,0.0,83.25666667,15.66666667,23.21,0.0,0.0,164.3333333,0.0,197.0366667,0.0,121.3333333,0.0,147.2933333,0.0,14.33333333,296.6666667,233.6666667,0.0,0.0,18,1035450,1,1,N,BA,N,3064,5517.0,1110.72,1057.5,5471.0,3042,62.21,321.82,178.94,593,301,115,466.0,232.0,86.0,T,NORTHWEST/ROCKY MOUNTAIN AREA,Y,N,59.98999023,1.0,1.0,WCMB,1.0,1.0,O,10.0,S,M,2.0,M,6.0,1.0,I,A,0.0,H,U,U,U,Y,U,Y,536.0,365-730,0,0.19044558697514996,2.512907389480478,0.0,0.0,18.796385930945466,2000.25,0.28466449272034167,0,0,0,0,0,0,0,0,0,0,0,0,0.7044944,150.31092875003816,45,105.31092875003816,422.74950698018074,65,357.74950698018074,826.7101081252099,85,741.7101081252099
164.9525,2320.0,59.99,5.445,356.5,107.04,106.65,0.39,2.4775,-127.0,-60.8325,21.33333333,0.0,4.666666667,0.0,55.66666667,0.0,557.0,1.0,269.3333333,0.0,481.0,1.0,3.333333333,8.666666667,7.183333333,184.0,0.333333333,1156.503333,0.173333333,414.2033333,204.3333333,329.5466667,78.66666667,219.6133333,201.6666667,0.333333333,425.5966667,0.05,452.6666667,0.666666667,1145.103333,0.123333333,26.0,558.0,482.0,0.0,7.333333333,26,1025946,2,1,U,AA,N,13526,35239.0,3074.78,3024.75,34961.0,13425,126.03,1456.71,559.38,2362,753,185,1990.0,656.0,159.0,U,NEW YORK CITY AREA,Y,R,79.98999023,6.0,4.0,WCMB,0.0,0.0,,,,U,,,,,,,0.0,N,U,U,U,U,U,N,201.0,180-365,1,0.07106958207669108,1.7550418101328087,0.0010674278328306765,86.666666658,38.03902279062141,4288.764999999999,0.16424743490517638,0,0,1,1,1,1,1,1,1,1,1,1,0.47401872,150.12589457440376,45,105.12589457440376,422.22911290228365,65,357.22911290228365,825.6924201592207,85,740.6924201592207
149.18,1768.0,71.98,0.0,204.75,85.95,75.4,6.5,0.0,-318.0,-5.1,2.666666667,2.333333333,4.0,0.0,47.66666667,1.333333333,389.0,45.66666667,132.0,1.333333333,335.6666667,42.0,6.333333333,20.0,17.89,36.33333333,0.0,709.2933333,112.6433333,559.02,111.0,117.27,25.0,58.41,182.0,19.66666667,412.0,56.07666667,284.6666667,22.33333333,856.3,56.56666667,9.0,434.6666667,377.6666667,0.0,10.0,25,1027309,1,1,Y,ZA,Y,7797,20981.0,1966.73,1930.88,20934.0,7775,80.45,872.25,323.96,1874,630,151,1387.0,470.0,125.0,,MIDWEST AREA,Y,R,99.98999023,5.0,2.0,WCMB,0.0,0.0,O,11.0,,U,2.0,M,3.0,,,,0.0,N,U,U,U,U,U,Y,479.0,365-730,1,0.08433013001695874,1.1777199232666484,0.0,158.33333332499998,24.225815291860783,3729.5,0.11749427125998828,1,0,0,0,1,0,0,0,1,1,1,1,0.5241266,150.12327281570435,45,105.12327281570435,422.2217136859894,65,357.2217136859894,825.678000486374,85,740.678000486374
185.445,835.5,40.96,0.0,142.0,56.795,56.6,0.195,0.195,495.5,113.695,4.0,0.0,0.666666667,0.0,39.66666667,0.0,207.0,0.0,93.0,0.0,164.3333333,0.0,0.0,0.0,0.0,60.0,0.0,145.9766667,0.0,168.42,61.66666667,66.51333333,24.33333333,49.56666667,96.66666667,0.0,105.9166667,0.0,148.0,0.0,208.4766667,0.0,4.666666667,207.0,164.3333333,0.0,2.0,18,1034022,1,1,U,AA,N,5298,9935.0,794.45,763.49,9934.0,5297,58.73,764.15,407.46,778,400,45,855.0,444.0,63.0,S,GREAT LAKES AREA,Y,N,199.9899902,5.0,3.0,WCMB,0.0,0.0,O,2.0,S,M,2.0,M,6.0,1.0,I,A,0.0,N,U,U,U,Y,Y,Y,11.0,<180,1,0.22169157202630005,1.353551000953289,0.0002331141661685595,0.0,19.911820781696854,3338.0099999999998,0.42488987899346864,0,0,0,0,0,0,0,0,0,0,0,1,0.4216149,150.1178385643959,45,105.1178385643959,422.2064375424385,65,357.2064375424385,825.6481121041775,85,740.6481121041775
111.07,755.25,52.12,0.0,221.5,66.45,66.45,0.0,0.0,661.75,64.62,3.666666667,0.0,0.333333333,0.0,42.66666667,0.0,216.3333333,0.0,86.0,0.0,170.0,0.0,2.0,5.666666667,4.243333333,38.66666667,0.333333333,522.74,0.0,286.36,53.33333333,32.59333333,14.33333333,20.01333333,161.0,0.0,502.8433333,0.0,79.0,0.0,306.2566667,0.0,4.0,216.3333333,170.0,0.0,0.0,24,1020945,2,2,Y,BA,N,3367,8611.0,1234.96,1208.83,8611.0,3367,52.56,374.39,146.39,535,148,90,362.0,117.0,70.0,U,NEW YORK CITY AREA,N,N,29.98999023,1.0,1.0,WC,0.0,0.0,O,15.0,M,M,6.0,M,4.0,3.0,C,L,0.0,I,U,U,U,U,U,Y,729.0,365-730,0,0.1468694214876033,1.2509412650602412,0.0,48.0,14.21780873493976,2665.68,0.23524201762543728,0,0,0,0,0,0,0,0,0,0,0,1,0.7036579,150.05815710258483,45,105.05815710258483,422.03856023073195,65,357.03856023073195,825.3198640642166,85,740.3198640642166
102.8175,950.5,75.0,5.6925,73.75,18.4375,18.4375,0.0,0.0,-553.5,-19.8575,12.66666667,0.0,11.33333333,0.0,95.33333333,0.0,492.6666667,0.0,64.33333333,0.0,376.3333333,0.0,1.333333333,7.333333333,6.68,32.33333333,1.666666667,515.5766667,0.0,96.55666667,65.0,51.38666667,21.0,30.99333333,212.0,0.0,295.4733333,0.0,225.6666667,0.0,316.6566667,0.0,24.0,492.6666667,376.3333333,0.0,7.333333333,20,1035893,4,2,Y,BA,N,7962,15127.0,1732.09,1603.07,15081.0,7937,89.06,837.83,440.94,1135,574,109,893.0,480.0,97.0,S,MIDWEST AREA,Y,R,79.98999023,3.0,2.0,WCMB,1.0,1.0,O,8.0,S,M,3.0,M,6.0,1.0,I,A,0.0,N,U,U,Y,U,U,Y,228.0,180-365,1,0.1080583289542827,0.24259868421052633,0.0,26.666666659999997,12.506578947368421,2056.35,0.38820900292349286,0,0,0,0,0,0,0,0,0,0,0,1,0.76010865,150.05275038313866,45,105.05275038313866,422.0233819019794,65,357.0233819019794,825.2901271072626,85,740.2901271072626
94.14,335.25,29.99,4.2075,156.75,54.8625,54.8625,0.0,4.3825,-148.25,-46.92,2.666666667,0.0,2.333333333,0.0,29.33333333,0.0,136.3333333,0.0,37.0,0.0,102.6666667,0.0,0.333333333,3.0,2.866666667,20.0,0.0,181.6333333,0.0,70.80333333,5.666666667,5.836666667,0.0,0.0,64.0,0.0,114.4266667,0.0,70.0,0.0,138.01,0.0,5.0,136.3333333,102.6666667,0.0,0.0,27,1011837,1,1,U,A,N,3194,6773.0,1841.21,1761.44,6748.0,3184,67.75,259.54,122.46,385,178,110,274.0,137.0,77.0,C,MIDWEST AREA,Y,N,29.98999023,1.0,1.0,,0.0,0.0,O,1.0,S,A,2.0,M,6.0,2.0,C,A,0.0,S,Y,U,U,U,U,Y,819.0,730+,0,0.27997026022304833,1.770329138431752,0.013033457249070632,8.999999991000001,10.818005808325267,2541.78,0.3221999844392517,0,1,0,0,0,0,0,0,0,0,0,1,0.82871294,149.78887667083742,45,104.78887667083742,421.28120441436766,65,356.28120441436766,823.8388216896058,85,738.8388216896058
216.5775,2891.25,84.99,0.99,552.25,138.0975,138.0,0.0975,0.0,503.75,52.9025,25.33333333,0.0,2.333333333,0.0,273.3333333,0.0,830.0,0.333333333,460.0,0.0,535.0,0.333333333,7.666666667,15.0,9.726666667,202.3333333,1.333333333,825.9733333,0.176666667,1275.346667,117.0,150.8433333,93.33333333,152.5933333,515.0,0.0,1180.156667,0.0,432.0,0.333333333,921.16,0.176666667,27.66666667,830.3333333,535.3333333,0.0,14.66666667,13,1056513,1,1,Y,EA,Y,8794,24976.0,1974.7,1894.72,24897.0,8766,157.89,2074.75,730.5,2723,909,199,2651.0,926.0,187.0,U,NEW YORK CITY AREA,N,R,9.989997864,2.0,2.0,WCMB,0.0,0.0,,,M,S,3.0,M,5.0,,C,,0.0,N,U,U,U,U,U,Y,232.0,180-365,1,0.074882012274181,1.6059716246075126,0.0,99.666666671,33.62309570880335,2815.5074999999997,0.09734597594241927,0,0,1,1,0,0,0,0,1,0,1,1,0.36015478,149.7627207906246,45,104.7627207906246,421.20767158716916,65,356.20767158716916,823.6949643484354,85,738.6949643484354
177.8325,2502.5,109.99,7.1775,178.0,62.3,61.95,0.35,0.195,-186.5,-64.9325,9.666666667,0.0,20.33333333,2.0,281.0,1.666666667,927.0,16.66666667,142.3333333,0.0,617.0,13.0,49.66666667,144.0,112.8666667,82.33333333,0.333333333,1372.963333,91.62333333,238.1066667,26.66666667,46.18666667,1.0,1.373333333,413.0,3.666666667,905.08,22.58,345.3333333,9.333333333,705.9933333,69.04333333,32.0,943.6666667,630.0,0.0,4.333333333,16,1045995,1,1,Y,DA,Y,6972,18603.0,1930.16,1826.93,18595.0,6966,130.5,1328.21,497.57,2565,879,199,1959.0,680.0,193.0,,CENTRAL/SOUTH TEXAS AREA,Y,N,149.9899902,4.0,3.0,WCMB,0.0,0.0,,,,U,,,,,,,0.0,N,U,U,U,U,U,N,44.0,<180,1,0.07103355302576393,0.5613118298945851,7.789095266626723e-05,794.66666672,22.547076313181368,2845.32,0.01952058287839833,1,0,1,1,1,1,1,1,1,1,1,1,0.43828362,149.64686212420466,45,104.64686212420466,420.88180502414707,65,355.88180502414707,823.0577416831256,85,738.0577416831256
283.7225,1216.75,69.99,11.6325,545.25,218.1,218.1,0.0,0.0,-277.75,-81.1825,10.33333333,0.0,1.666666667,0.0,42.33333333,0.0,444.3333333,0.0,159.3333333,0.0,391.6666667,0.0,0.0,0.0,0.0,108.3333333,0.0,535.2033333,0.0,229.6,114.3333333,104.3966667,2.0,0.976666667,400.3333333,0.0,625.14,0.0,73.33333333,0.0,139.6633333,0.0,12.0,444.3333333,391.6666667,0.0,0.0,9,1089408,1,1,Y,AA,N,3320,7614.0,1724.21,1638.33,7583.0,3309,204.79,947.88,413.63,1309,561,311,1070.0,464.0,246.0,U,NEW YORK CITY AREA,N,N,399.9899902,1.0,1.0,WCMB,0.0,0.0,O,15.0,M,M,3.0,M,9.0,,,A,0.0,U,U,U,U,U,U,Y,267.0,180-365,0,0.2329891192773558,3.0722636991125514,0.0,0.0,17.139737991266376,2553.5025,0.24556366529454493,0,0,0,0,0,0,0,0,1,1,0,0,0.2746113,149.59374446487428,45,104.59374446487428,420.7324063074589,65,355.7324063074589,822.7655945568085,85,737.7655945568085
101.0,1091.0,30.0,0.0,217.75,76.2125,76.2125,0.0,0.0,233.0,54.65,21.66666667,0.0,2.666666667,0.0,139.6666667,0.0,509.3333333,0.0,139.6666667,0.0,350.0,0.0,0.0,0.0,0.0,68.66666667,0.666666667,489.1066667,0.0,267.1066667,47.0,67.48666667,10.33333333,15.36666667,225.0,0.0,367.85,0.0,230.6666667,0.0,388.36,0.0,24.33333333,509.3333333,350.0,0.0,1.333333333,17,1041790,2,1,Y,AA,N,4476,10901.0,754.77,717.23,10876.0,4463,44.83,679.75,278.94,1013,491,83,869.0,384.0,58.0,S,NEW YORK CITY AREA,Y,N,129.9899902,3.0,2.0,WCMB,0.0,0.0,O,15.0,S,B,1.0,M,7.0,,A,A,0.0,U,U,U,U,U,U,Y,356.0,180-365,1,0.0924908424908425,2.458467741935484,0.0,0.0,35.193548387096776,1717.0,0.28914538883059343,0,0,0,0,0,0,0,0,1,0,0,0,0.7712927,149.5690700531006,45,104.5690700531006,420.66302156448364,65,355.66302156448364,822.6298852920532,85,737.6298852920532
102.9325,893.75,69.99,0.0,215.5,53.875,53.875,0.0,0.0,250.25,63.0575,8.0,0.0,0.666666667,0.0,38.33333333,0.0,215.6666667,0.0,98.66666667,0.0,170.0,0.0,0.0,0.0,0.0,66.33333333,0.333333333,428.2366667,0.0,135.71,63.0,64.86,31.0,68.16,113.6666667,0.0,306.0566667,0.0,123.3333333,0.0,257.89,0.0,8.666666667,215.6666667,170.0,0.0,0.666666667,27,1012152,3,3,Y,BA,N,3292,7496.0,1525.69,1485.7,7457.0,3260,59.43,298.28,130.4,810,273,82,752.0,283.0,115.0,U,CALIFORNIA NORTH AREA,N,N,29.98999023,1.0,1.0,,0.0,0.0,,,M,U,1.0,M,4.0,1.0,A,,0.0,H,U,U,U,U,U,Y,811.0,730+,0,0.11504051411008662,0.7589097055923371,0.0,0.0,12.589801380476125,2779.1775000000002,0.5685340167380771,0,1,1,1,0,0,0,0,0,0,1,0,0.7567227,149.55140765190126,45,104.55140765190126,420.61335856199264,65,355.61335856199264,822.5327420854569,85,737.5327420854569
173.895,1222.5,60.49,0.0,371.25,118.1625,118.1625,0.0,1.0725,-134.5,-34.335,17.0,0.0,0.666666667,0.0,53.0,0.0,338.6666667,0.0,200.6666667,0.0,274.3333333,0.0,2.666666667,5.333333333,4.413333333,93.0,0.0,547.07,0.0,349.7166667,74.0,44.68666667,10.0,13.81,275.0,0.0,611.9966667,0.0,180.0,0.0,284.79,0.0,17.66666667,338.6666667,274.3333333,0.0,8.333333333,20,1025852,1,1,U,AA,N,6138,12083.0,1433.58,1334.3,11760.0,5974,74.13,653.33,331.89,1267,531,185,918.0,421.0,121.0,U,NEW ENGLAND AREA,Y,N,149.9899902,2.0,1.0,WCMB,0.0,0.0,O,15.0,S,M,4.0,M,5.0,,,A,0.0,H,U,U,U,Y,U,Y,385.0,365-730,1,0.14212913771965674,1.9216539274678808,0.000876583571720474,53.333333339999996,19.881281509188486,3477.9,0.17894463696122642,0,0,0,0,0,0,0,0,1,1,0,1,0.44777253,149.50158009910587,45,104.50158009910587,420.4731732988358,65,355.4731732988358,822.2586905450822,85,737.2586905450822
138.35,340.0,69.99,3.7125,0.0,0.0,0.0,0.0,0.235,379.0,-43.59,6.0,0.0,16.66666667,0.0,11.33333333,0.0,111.0,0.0,24.33333333,0.0,77.66666667,0.0,0.0,0.0,0.0,11.66666667,0.0,213.5066667,0.0,41.34333333,15.66666667,22.06333333,2.0,1.82,73.66666667,0.0,185.7166667,0.0,25.33333333,0.0,69.13333333,0.0,22.66666667,111.0,77.66666667,0.0,0.333333333,17,1044837,1,1,U,AA,N,617,2878.0,1770.88,1707.32,2860.0,609,113.82,190.67,40.6,214,45,153,178.0,42.0,114.0,C,SOUTH FLORIDA AREA,Y,N,199.9899902,1.0,1.0,WCMB,0.0,0.0,,,,U,,,,,,,0.0,N,U,U,U,U,U,N,502.0,365-730,0,0.40571847507331377,0.0,0.000689149560117302,0.0,4.789406958726581,2351.95,1.0,0,0,1,1,1,1,1,1,1,1,1,1,0.562323,149.37097892284393,45,104.37097892284393,420.1058740973472,65,355.1058740973472,821.5403840756417,85,736.5403840756417
100.3275,349.0,24.99,1.2375,190.0,74.1,74.1,0.0,0.0,208.0,83.3925,5.666666667,0.0,0.333333333,0.0,20.33333333,0.0,124.0,0.0,29.66666667,0.0,98.0,0.0,0.0,0.0,0.0,14.66666667,0.0,185.8,0.0,83.14,17.33333333,38.32333333,3.0,16.51333333,94.33333333,0.0,206.04,0.0,28.0,0.0,62.9,0.0,6.0,124.0,98.0,0.0,2.0,24,1024509,1,1,U,A2,N,2003,4419.0,891.79,888.4,4419.0,2003,38.63,192.13,87.09,280,104,72,241.0,97.0,59.0,C,SOUTHWEST AREA,N,N,29.98999023,1.0,1.0,,1.0,1.0,O,2.0,S,S,5.0,M,3.0,1.0,,A,0.0,Z,U,U,U,U,U,Y,727.0,365-730,0,0.28665,2.851096575606002,0.0,0.0,13.428241631396691,2407.86,0.2596663003297033,0,1,0,0,0,0,0,0,0,1,0,0,0.77537245,149.35907140016556,45,104.35907140016556,420.07237037301064,65,355.07237037301064,821.4748927009107,85,736.4748927009107
168.29,1061.75,149.99,6.435,0.0,0.0,0.0,0.0,8.875,-359.75,-8.26,10.66666667,0.0,13.33333333,0.0,26.33333333,0.0,245.6666667,0.0,49.33333333,0.0,197.6666667,0.0,0.0,0.0,0.0,14.33333333,2.0,532.7666667,0.0,209.84,47.0,81.64666667,1.666666667,4.583333333,206.0,0.0,632.6166667,0.0,38.0,0.0,109.99,0.0,24.0,245.6666667,197.6666667,0.0,3.666666667,21,1027905,1,1,Y,AA,N,7347,24376.0,3908.26,3270.02,24376.0,7347,163.5,1218.8,367.35,1182,334,171,1412.0,390.0,188.0,C,CHICAGO AREA,Y,N,59.98999023,1.0,1.0,WCMB,0.0,0.0,O,7.0,S,M,2.0,M,7.0,,C,A,0.0,N,U,U,Y,U,U,Y,646.0,365-730,0,0.15835332862855797,0.0,0.008350976240884498,0.0,7.031922643883701,3534.0899999999997,1.0,0,0,0,0,0,0,0,0,1,0,0,1,0.4621066,149.31439474678038,45,104.31439474678038,419.94676531791686,65,354.94676531791686,821.2291711072921,85,736.2291711072921
117.7075,1026.75,29.99,0.2475,263.5,79.05,79.05,0.0,0.0,343.25,66.9325,4.0,0.0,4.333333333,0.0,73.66666667,0.0,244.0,0.0,80.33333333,0.0,163.0,0.0,0.666666667,1.333333333,1.056666667,34.33333333,0.333333333,336.4,0.0,319.7466667,27.33333333,46.57666667,19.66666667,65.32666667,110.6666667,0.0,223.1466667,0.0,129.3333333,0.0,432.9933333,0.0,8.333333333,244.0,163.0,1.333333333,2.666666667,19,1032029,2,2,Y,BA,N,5383,14491.0,1386.83,1327.82,14136.0,5197,78.11,831.53,305.71,912,333,95,948.0,343.0,105.0,,CENTRAL/SOUTH TEXAS AREA,N,N,129.9899902,2.0,2.0,WCMB,1.0,1.0,,5.0,S,A,3.0,M,2.0,,I,A,0.0,H,U,U,U,U,U,N,173.0,<180,1,0.1145293116030163,2.5508228460793805,0.0,12.666666673,33.13165537270087,2236.4425,0.23710788062395316,1,0,1,0,0,0,0,0,1,0,0,1,0.66052485,149.27756264829637,45,104.27756264829637,419.8431379324198,65,354.8431379324198,821.02659456563,85,736.02659456563
101.4075,420.25,69.99,0.2475,97.5,34.125,34.125,0.0,0.47,-257.25,-34.9175,2.333333333,0.0,1.0,0.0,13.33333333,0.0,84.0,0.0,50.0,0.0,67.66666667,0.0,0.0,0.0,0.0,23.66666667,0.0,112.41,0.0,100.9666667,26.0,26.97,1.333333333,3.703333333,85.66666667,0.0,148.6833333,0.0,21.66666667,0.0,64.69333333,0.0,3.333333333,84.0,67.66666667,0.0,1.333333333,21,1028301,1,1,U,AA,N,5194,10847.0,2006.68,1939.54,10759.0,5138,102.08,566.26,270.42,506,174,113,700.0,280.0,145.0,C,LOS ANGELES AREA,Y,N,79.98999023,1.0,1.0,WCMB,0.0,0.0,O,2.0,S,M,2.0,M,8.0,,C,A,0.0,S,U,U,U,U,U,Y,643.0,365-730,0,0.2407299703264095,0.4807015072545429,0.001115727002967359,0.0,5.919847865896606,2129.5575,0.675355562954859,0,0,0,0,0,0,0,0,1,0,0,1,0.76613295,149.1679281048775,45,104.16792810487749,419.5347796618938,65,354.5347796618938,820.4236045768262,85,735.4236045768262
124.325,1861.25,69.99,0.0,205.0,61.5,61.5,0.0,0.0,479.75,65.805,33.33333333,0.0,3.333333333,0.0,106.0,0.0,366.3333333,0.666666667,63.33333333,0.0,227.3333333,0.666666667,25.0,44.33333333,31.93,44.33333333,0.0,883.2066667,0.086666667,87.16333333,65.33333333,99.84,9.666666667,7.586666667,100.6666667,0.666666667,245.53,0.086666667,173.6666667,0.0,724.8466667,0.0,36.66666667,367.0,228.0,0.0,8.666666667,13,1077209,1,1,U,ZA,Y,5126,21802.0,1238.2,1157.32,21729.0,5115,96.44,1810.75,426.25,1701,345,102,1855.0,406.0,93.0,T,PHILADELPHIA AREA,Y,N,149.9899902,5.0,3.0,WCMB,0.0,0.0,,,,U,,,,,,,0.0,O,U,U,U,U,U,N,375.0,365-730,1,0.06676063901194791,0.8663191998873081,0.0,325.0,26.218481476264266,1616.2250000000001,0.03722132505610201,0,0,1,1,1,1,1,1,1,1,1,1,0.6243296,149.02998392105104,45,104.02998392105104,419.14682977795604,65,354.14682977795604,819.6649115657807,85,734.6649115657807
171.9025,3189.75,123.115,1.98,186.0,46.5,45.9375,0.5625,1.3075,-494.75,-17.9125,46.33333333,1.666666667,8.666666667,0.0,326.6666667,0.0,1080.0,52.0,580.6666667,0.0,716.0,50.33333333,17.66666667,36.66666667,23.65,338.3333333,1.333333333,1338.423333,43.19,898.9566667,418.3333333,480.95,208.3333333,434.5,475.6666667,21.0,784.5366667,19.11333333,672.6666667,29.33333333,1452.84,24.07666667,56.66666667,1132.0,766.3333333,0.0,28.33333333,12,1074798,1,1,U,CA,Y,10025,27046.0,1576.19,1471.21,27029.0,10017,133.75,2457.18,910.64,3355,1197,178,2734.0,1036.0,151.0,T,DC/MARYLAND/VIRGINIA AREA,Y,N,149.9899902,4.0,2.0,WCMB,0.0,0.0,,,,U,,,,,,,0.0,N,U,U,U,U,U,N,162.0,<180,1,0.05387526443626107,0.37465253998308023,0.00040977826529812745,212.00000004000003,25.69995568625871,2062.83,0.0525173696723552,0,0,1,1,1,1,1,1,1,1,1,0,0.4514544,149.0037956852913,45,104.0037956852913,419.0731651186943,65,354.0731651186943,819.5208762691021,85,734.5208762691021
177.0075,1316.25,159.99,5.445,0.0,0.0,0.0,0.0,8.9675,243.75,-4.7475,15.0,0.0,13.0,0.0,47.0,0.0,351.0,0.0,96.66666667,0.0,277.0,0.0,2.333333333,10.0,8.41,49.66666667,0.666666667,553.2066667,0.0,262.4366667,40.33333333,50.38333333,10.0,25.88333333,166.0,0.0,347.6066667,0.0,187.0,0.0,468.04,0.0,28.0,351.0,277.0,0.0,3.0,12,1054538,1,1,U,BA,N,4858,16890.0,2506.22,2326.24,16884.0,4857,211.48,1534.91,441.55,1235,387,179,1540.0,448.0,223.0,U,CALIFORNIA NORTH AREA,Y,N,199.9899902,1.0,1.0,WCMB,0.0,0.0,,,,U,,,,,,,0.0,R,U,U,U,U,U,N,353.0,180-365,0,0.13437654203833743,0.0,0.006807743404820649,27.999999996,8.175973662960432,2124.09,0.30000000003,0,0,1,1,1,1,1,1,1,1,1,0,0.43825486,148.94284689617157,45,103.94284689617157,418.9017357945442,65,353.9017357945442,819.1856579289437,85,734.1856579289437
99.99,230.0,29.99,0.0,190.0,76.0,76.0,0.0,0.0,-161.0,-64.4,1.333333333,0.0,0.0,0.0,15.0,0.0,53.0,0.0,35.0,0.0,36.66666667,0.0,0.666666667,1.333333333,0.913333333,30.33333333,0.0,113.4366667,0.0,53.79333333,22.33333333,71.83,6.0,29.18333333,38.0,0.0,110.5166667,0.0,11.66666667,0.0,56.71333333,0.0,1.333333333,53.0,36.66666667,0.0,0.0,11,1078689,1,1,U,AA,N,892,4034.0,946.42,835.0,4027.0,890,83.5,402.7,89.0,284,64,121,262.0,55.0,84.0,U,CALIFORNIA NORTH AREA,Y,N,199.9899902,1.0,1.0,WCMB,0.0,0.0,O,12.0,S,S,2.0,M,6.0,2.0,C,A,0.0,N,U,U,U,U,U,Y,322.0,180-365,0,0.43285714285714283,2.452404001290739,0.0,7.333333337,7.421748951274605,1099.8899999999999,0.242773207970953,0,0,0,0,0,0,0,0,0,0,0,1,0.77559966,148.90024673080444,45,103.90024673080444,418.7819320106506,65,353.7819320106506,818.9513570194244,85,733.9513570194244
265.425,1737.75,58.5725,0.7425,568.5,202.275,202.275,0.0,3.67,11.25,-82.285,13.0,0.0,1.0,0.0,17.66666667,0.0,164.3333333,0.0,128.6666667,0.0,139.3333333,0.0,0.0,0.0,0.0,46.33333333,0.0,816.4133333,0.0,795.5066667,35.33333333,80.57333333,43.66666667,440.0733333,133.0,0.0,666.5033333,0.0,107.0,0.0,945.4066667,0.0,14.0,164.3333333,139.3333333,0.0,3.666666667,27,1014455,1,1,U,A,N,1620,13292.0,2195.71,2122.39,13138.0,1587,88.43,547.42,66.13,1734,184,293,1030.0,107.0,172.0,S,SOUTHWEST AREA,Y,N,149.9899902,2.0,2.0,WCMB,0.0,0.0,O,15.0,M,M,2.0,M,7.0,2.0,I,B,0.0,S,U,U,U,U,Y,Y,106.0,<180,1,0.15265276779295472,3.395442528012086,0.0021107117181883538,0.0,29.170338662973688,7166.475,0.2275083779680921,0,0,0,0,0,0,0,0,0,0,0,0,0.29213974,148.87909018993378,45,103.87909018993378,418.7224569797516,65,353.7224569797516,818.8349960446359,85,733.8349960446359
93.345,391.25,32.49,4.455,188.0,56.4,56.4,0.0,0.0,769.75,173.655,2.333333333,0.0,0.0,0.0,22.33333333,0.0,76.33333333,0.0,12.33333333,0.0,52.0,0.0,0.0,0.0,0.0,6.666666667,0.0,65.26333333,0.0,25.26666667,4.0,4.086666667,1.333333333,2.32,39.33333333,0.0,54.80333333,0.0,22.66666667,0.0,35.72666667,0.0,2.333333333,76.33333333,52.0,0.0,0.0,23,1027181,2,2,Y,AA,N,708,1374.0,770.12,725.13,1359.0,700,32.96,61.77,31.82,135,71,35,102.0,55.0,34.0,S,NEW ENGLAND AREA,N,N,29.98999023,2.0,2.0,WCMB,0.0,0.0,,,,U,,,,,,,0.0,H,U,U,U,U,U,N,632.0,365-730,1,0.23797323135755258,1.6840848014332634,0.0,0.0,11.682591818453268,2146.935,0.37256647013015914,0,0,1,1,1,1,1,1,1,1,1,1,0.83040726,148.82758778715134,45,103.82758778715134,418.577604560852,65,353.577604560852,818.5517328293324,85,733.5517328293324
92.695,684.0,44.99,0.7425,162.75,56.9625,56.9625,0.0,0.0,-91.0,-8.005,30.33333333,0.0,10.66666667,0.0,71.66666667,0.0,328.6666667,0.0,51.33333333,0.0,220.6666667,0.0,0.0,0.0,0.0,23.33333333,0.0,382.1466667,0.0,77.97,34.33333333,42.08666667,4.333333333,6.666666667,127.3333333,0.0,271.7066667,0.0,131.6666667,0.0,188.41,0.0,41.0,328.6666667,220.6666667,0.0,3.0,11,1081614,3,3,U,BA,N,2498,6633.0,919.06,853.45,6578.0,2470,85.35,657.8,247.0,714,292,95,683.0,269.0,94.0,C,LOS ANGELES AREA,N,N,129.9899902,1.0,1.0,WCMB,0.0,0.0,,2.0,M,B,1.0,M,5.0,2.0,C,G,0.0,H,U,U,U,U,U,Y,313.0,180-365,0,0.13532116788321166,1.2385844748858446,0.0,0.0,14.87279843444227,1019.645,0.4467108618052014,0,0,1,0,0,0,0,0,0,0,0,1,0.8355473,148.7060379076004,45,103.7060379076004,418.2357371401786,65,353.2357371401786,817.8832084918023,85,732.8832084918023
216.91,1552.75,99.99,1.98,435.25,108.8125,108.8125,0.0,6.1275,-26.75,-9.8,17.33333333,0.0,1.0,0.0,48.66666667,0.0,343.3333333,0.0,158.3333333,0.0,279.0,0.0,0.666666667,7.0,6.663333333,77.33333333,2.0,896.31,0.0,444.2033333,88.0,152.7,26.33333333,86.66,335.6666667,0.0,1120.536667,0.0,75.66666667,0.0,219.9733333,0.0,18.33333333,343.3333333,279.0,0.0,0.0,34,1098668,2,2,U,A,N,8602,28887.0,3659.48,3541.74,27724.0,8176,153.99,1205.39,355.48,1562,456,220,1552.0,391.0,226.0,C,SOUTHWEST AREA,Y,N,59.98999023,4.0,3.0,WCMB,0.0,0.0,O,6.0,S,M,2.0,M,9.0,2.0,C,A,1.0,N,U,U,U,U,U,Y,589.0,365-730,1,0.13960418342719227,1.0774581641746708,0.003943684633950121,22.666666678,15.37528468165165,7374.94,0.36441490876781013,0,0,0,0,0,0,0,0,0,0,0,1,0.35704345,148.6968838634491,45,103.6968838634491,418.2100246524811,65,353.2100246524811,817.8328612489702,85,732.8328612489702
97.5175,553.75,59.99,1.485,73.0,21.9,21.9,0.0,18.5625,-553.75,-43.5275,2.0,0.0,2.0,0.0,12.33333333,0.0,124.3333333,0.0,20.0,0.0,108.6666667,0.0,0.333333333,0.333333333,0.226666667,6.333333333,0.0,240.14,0.0,97.08,2.666666667,2.286666667,2.0,4.4,109.0,0.0,231.3266667,0.0,19.0,0.0,105.8933333,0.0,4.0,124.3333333,108.6666667,0.0,1.333333333,10,1061094,1,1,N,EA,N,1878,6536.0,981.87,897.89,6351.0,1854,99.77,705.67,206.0,738,218,112,633.0,195.0,96.0,S,SOUTHWEST AREA,Y,N,149.9899902,1.0,1.0,WCMB,0.0,0.0,O,,,U,2.0,M,7.0,2.0,C,,0.0,N,U,U,U,U,U,Y,314.0,180-365,0,0.17578639026588552,0.35907525823905556,0.033461018476791345,3.3333333300000003,9.079357271683882,975.175,0.5908738617710954,0,0,0,1,1,0,0,0,0,0,1,1,0.79409283,148.6808656232357,45,103.68086562323569,418.16495490908625,65,353.16495490908625,817.7447609277964,85,732.7447609277964
141.1,269.75,128.115,0.0,28.0,11.2,11.2,0.0,0.16,-57.75,19.53,5.0,0.0,0.666666667,0.0,24.66666667,0.0,99.0,0.0,52.0,0.0,71.0,0.0,1.333333333,5.666666667,5.19,32.33333333,2.0,72.46666667,0.0,67.38,33.33333333,33.99333333,16.0,20.6,89.0,0.0,113.5366667,0.0,25.33333333,0.0,26.31,0.0,5.666666667,99.0,71.0,0.0,0.0,18,1051844,3,3,U,AA,N,2593,5626.0,1866.65,1763.42,5599.0,2579,103.73,329.35,151.71,289,143,134,258.0,126.0,122.0,C,ATLANTIC SOUTH AREA,Y,R,129.9899902,6.0,4.0,WCMB,0.0,0.0,O,3.0,S,U,4.0,M,7.0,2.0,C,B,0.0,F,U,U,U,U,U,Y,46.0,<180,1,0.5211449676823637,0.0867443751694226,0.0005909510618651893,23.999999994,2.089222785888549,2539.7999999999997,0.4132098719906035,0,0,0,0,0,0,0,0,0,0,0,0,0.54880965,148.67912462234497,45,103.67912462234497,418.1600464105606,65,353.1600464105606,817.7351854228974,85,732.7351854228974
93.8525,644.75,34.4275,2.2275,42.0,14.7,14.7,0.0,0.0,-644.75,65.1775,21.0,0.0,16.0,0.0,52.66666667,0.0,298.6666667,0.0,141.3333333,0.0,218.6666667,0.0,4.0,4.333333333,2.283333333,75.33333333,0.0,197.6133333,0.0,168.99,51.33333333,36.00333333,31.0,40.05333333,120.0,0.0,120.7633333,0.0,230.3333333,0.0,245.84,0.0,37.0,298.6666667,218.6666667,0.0,2.333333333,26,1015378,4,4,N,A,N,9408,18785.0,2038.34,1980.48,18608.0,9319,79.22,744.32,372.76,860,475,72,1173.0,640.0,93.0,S,SOUTH FLORIDA AREA,Y,N,149.9899902,8.0,8.0,WCMB,1.0,0.0,O,1.0,S,M,2.0,M,6.0,1.0,C,A,0.0,H,U,Y,U,U,U,Y,25.0,<180,1,0.14533875338753388,0.4149319031825559,0.0,104.0,18.199139086867547,2440.165,0.18467452922395258,0,0,0,0,0,0,0,0,0,0,0,1,0.8250898,148.67854388523105,45,103.67854388523105,418.1584382414818,65,353.1584382414818,817.7319913687708,85,732.7319913687708
148.785,1707.25,84.99,16.83,209.0,53.44,50.125,3.315,0.0,957.75,87.495,23.33333333,0.0,3.0,0.0,54.0,0.0,374.6666667,1.333333333,105.6666667,0.0,298.3333333,1.333333333,0.666666667,0.666666667,0.32,56.0,0.0,573.05,2.97,293.81,89.66666667,120.67,20.0,88.68333333,272.0,1.333333333,699.62,2.97,99.0,0.0,167.24,0.0,26.33333333,376.0,299.6666667,0.0,10.33333333,16,1061212,2,2,U,AA,N,5089,16217.0,1523.27,1418.29,16211.0,5086,94.55,1080.73,339.07,1388,423,119,1229.0,386.0,105.0,T,LOS ANGELES AREA,Y,N,149.9899902,2.0,2.0,WCMB,0.0,0.0,O,4.0,S,U,4.0,M,8.0,2.0,C,A,0.0,S,U,U,U,U,U,Y,374.0,365-730,1,0.0870979072149861,0.6214676125130829,0.0,10.666666672,19.854052796836843,2380.56,0.4370372879570691,0,0,0,0,0,0,0,0,0,0,0,1,0.52004313,148.55927751731872,45,103.55927751731872,417.8229857540131,65,352.8229857540131,817.076026345253,85,732.076026345253
105.885,1346.0,44.99,0.0,202.5,70.895,70.7,0.195,0.0,314.0,34.105,12.0,0.0,1.666666667,0.0,87.66666667,0.0,427.0,0.666666667,104.0,0.0,329.3333333,0.666666667,33.0,46.33333333,31.65666667,46.0,1.333333333,1129.683333,0.036666667,340.01,90.66666667,105.6533333,3.333333333,6.78,162.0,0.333333333,376.9433333,0.026666667,246.3333333,0.333333333,1092.746667,0.01,13.66666667,427.6666667,330.0,0.0,0.333333333,11,1084547,1,1,U,BA,N,1233,4662.0,548.48,482.87,4652.0,1232,53.65,516.89,136.89,1241,283,95,692.0,174.0,68.0,C,NEW ENGLAND AREA,Y,N,99.98999023,1.0,1.0,WCMB,0.0,0.0,,,,U,,,,,,,0.0,U,U,U,U,U,U,N,305.0,180-365,0,0.07860801781737194,1.5415307675581646,0.0,363.0,29.267232006958032,1164.7350000000001,0.028136098204098365,0,0,1,1,1,1,1,1,1,1,1,1,0.7301163,148.43205319118502,45,103.43205319118502,417.4651811563969,65,352.4651811563969,816.3762925515176,85,731.3762925515176
106.8525,450.0,44.83,7.6725,132.25,44.825,44.825,0.0,1.545,188.0,78.1475,4.0,0.0,78.66666667,0.0,60.66666667,0.0,289.3333333,0.0,32.0,0.0,146.0,0.0,0.666666667,2.666666667,2.4,11.66666667,0.333333333,194.0033333,0.0,77.64666667,33.0,14.12333333,4.666666667,6.666666667,145.0,0.0,220.1666667,0.0,33.0,0.0,51.48333333,0.0,82.66666667,289.3333333,146.0,0.0,0.666666667,14,1045752,2,2,Y,AA,N,1940,4581.0,1043.47,983.48,4570.0,1935,75.65,351.54,148.85,387,167,81,222.0,98.0,66.0,S,TENNESSEE AREA,Y,N,149.9899902,1.0,1.0,WCMB,1.0,1.0,O,3.0,S,M,2.0,M,9.0,1.0,C,A,0.0,U,U,U,U,U,U,Y,430.0,365-730,0,0.23692350332594236,0.9780711324459962,0.003425720620842572,9.333333338,9.818895919703252,1495.9350000000002,0.3781093158684668,0,0,0,0,0,0,0,0,0,0,0,0,0.7233324,148.39655341243744,45,103.39655341243744,417.36534468591213,65,352.36534468591213,816.181043768406,85,731.181043768406
124.8325,1075.5,79.995,6.93,94.0,35.425,35.425,0.0,3.9825,-165.5,93.2875,31.0,0.0,18.0,0.0,146.3333333,0.0,539.0,0.0,62.0,0.0,345.6666667,0.0,12.66666667,28.66666667,20.99333333,26.33333333,0.0,598.2566667,0.0,139.7633333,59.33333333,66.54666667,1.666666667,3.03,245.6666667,0.0,413.4333333,0.0,160.0,0.0,324.5866667,0.0,49.0,539.0,345.6666667,0.0,1.666666667,20,1034790,3,2,U,DA,N,6685,15607.0,1733.97,1682.36,15577.0,6673,93.46,865.39,370.72,1131,483,94,1156.0,494.0,96.0,R,OHIO AREA,Y,N,29.98999023,3.0,2.0,WC,1.0,0.0,,3.0,M,A,2.0,M,1.0,,C,C,0.0,S,U,U,U,U,U,N,226.0,180-365,1,0.11596144914073385,0.4373726773257608,0.0036994890849976775,253.3333334,13.278597444286683,2496.65,0.07090167400799317,0,0,1,0,0,0,0,0,1,0,0,0,0.61909074,148.3826794192791,45,103.3826794192791,417.3262895870209,65,352.3262895870209,816.104736806035,85,731.104736806035
137.9225,1247.75,43.4925,0.7425,92.0,36.8,36.8,0.0,63.935,-71.75,-84.7325,66.66666667,0.0,17.66666667,0.0,87.0,0.0,444.3333333,0.0,132.3333333,0.0,301.3333333,0.0,2.666666667,4.0,2.296666667,45.0,0.0,486.2733333,0.0,240.79,72.0,49.62,7.0,15.18333333,197.0,0.0,357.42,0.0,208.3333333,0.0,369.6433333,0.0,84.33333333,444.3333333,301.3333333,0.0,9.666666667,33,1004754,1,1,U,C,N,4691,10151.0,1490.28,1375.93,9609.0,4426,76.44,533.83,245.89,1272,557,166,874.0,380.0,111.0,,TENNESSEE AREA,Y,N,29.98999023,2.0,1.0,,0.0,0.0,,,,U,,,,,,,0.0,S,U,U,U,U,U,N,459.0,365-730,1,0.11044844844844846,0.8271056919705567,0.0511991991991992,88.000000011,28.044052368376693,4551.4425,0.2225301862484824,1,1,1,1,1,1,1,1,1,1,1,0,0.5603271,148.38089773058894,45,103.38089773058894,417.32126253604895,65,352.32126253604895,816.0949375182392,85,731.0949375182392
110.4525,560.25,29.99,1.7325,365.0,146.0,146.0,0.0,5.225,-128.25,-67.8725,9.0,0.0,0.333333333,0.0,16.0,0.0,187.3333333,0.0,155.0,0.0,166.0,0.0,0.0,0.0,0.0,91.66666667,0.0,159.4033333,0.0,169.2366667,25.33333333,13.89,2.333333333,2.453333333,154.6666667,0.0,171.2433333,0.0,132.3333333,0.0,157.3966667,0.0,9.333333333,187.3333333,166.0,0.0,3.333333333,14,1061644,2,1,U,CY,N,4614,9054.0,1401.83,1351.69,9040.0,4605,103.98,695.38,354.23,603,314,133,578.0,300.0,112.0,U,SOUTHWEST AREA,N,N,59.98999023,1.0,1.0,WC,0.0,0.0,,,M,S,1.0,M,5.0,,A,,0.0,S,U,U,U,U,U,Y,419.0,365-730,0,0.19679732739420935,4.711197160374314,0.00930957683741648,0.0,18.078412391093902,1546.335,0.17509463811514775,0,0,1,1,0,0,0,0,1,0,1,0,0.69944453,148.33036897158624,45,103.33036897158624,417.1791660243273,65,352.1791660243273,815.8170293437242,85,730.8170293437242
138.935,1195.5,72.6975,1.2375,209.5,62.85,62.7,0.15,3.9325,-128.5,-60.855,20.66666667,0.0,34.0,1.666666667,102.0,0.0,565.6666667,9.333333333,275.3333333,0.0,418.0,7.666666667,3.333333333,16.66666667,14.16666667,149.0,0.333333333,465.19,6.56,413.2166667,161.3333333,97.93666667,76.33333333,72.29666667,248.6666667,2.333333333,310.9366667,1.98,434.0,5.333333333,567.4666667,4.58,56.33333333,575.0,425.6666667,0.0,19.33333333,14,1065724,2,2,U,AA,N,5350,12232.0,1438.1,1358.12,12174.0,5322,113.18,1014.5,443.5,1238,639,159,1262.0,607.0,167.0,S,CHICAGO AREA,Y,N,199.9899902,2.0,1.0,WCMB,0.0,0.0,O,9.0,S,M,3.0,M,9.0,2.0,I,A,1.0,R,U,U,U,U,Y,Y,91.0,<180,1,0.11611784371082323,0.8528104752535703,0.003286669452569996,46.666666662000004,16.221717154584617,1945.0900000000001,0.1928214945386848,0,0,0,0,0,0,0,0,0,0,0,0,0.5557896,148.25975790691376,45,103.25975790691376,416.9805939567089,65,351.9805939567089,815.4286684880257,85,730.4286684880257
167.28,2619.5,84.99,20.79,286.0,71.5,71.5,0.0,0.0,-106.5,-61.96,19.33333333,0.0,24.0,0.0,263.0,0.0,1119.666667,0.0,236.0,0.0,820.3333333,0.0,17.33333333,47.66666667,38.92,112.3333333,1.0,1078.506667,0.0,488.8533333,111.6666667,75.56666667,9.333333333,16.76666667,499.0,0.0,794.6133333,0.0,550.3333333,0.0,772.7433333,0.0,43.33333333,1119.666667,820.3333333,0.0,18.33333333,26,1017020,2,2,N,BA,N,23749,42116.0,3803.8,3546.75,42045.0,23690,147.78,1751.88,987.08,2655,1159,188,2189.0,960.0,149.0,U,MIDWEST AREA,Y,R,29.98999023,5.0,4.0,WCMB,1.0,1.0,O,15.0,S,S,3.0,M,6.0,1.0,,B,0.0,M,U,U,U,U,U,Y,32.0,<180,1,0.06383514596451059,0.831492033957437,0.0,450.66666657999997,30.46284451680428,4349.28,0.05217892576681978,0,0,0,0,0,0,0,0,0,1,0,1,0.46113357,148.10577312469482,45,103.10577312469482,416.54750186920165,65,351.54750186920165,814.5817521858215,85,729.5817521858215
229.1675,847.0,52.57,0.99,120.25,42.6625,42.6625,0.0,0.0,-48.0,-140.2275,0.0,0.0,0.0,0.0,0.0,0.0,0.0,0.0,0.0,0.0,0.0,0.0,0.0,0.0,0.0,0.0,0.0,0.0,0.0,0.0,0.0,0.0,0.0,0.0,0.0,0.0,0.0,0.0,0.0,0.0,0.0,0.0,0.0,0.0,0.0,0.0,0.0,8,1073075,1,1,U,BA,N,1059,4275.0,1206.96,1139.04,4241.0,1043,162.72,605.86,149.0,863,172,276,640.0,154.0,181.0,U,NEW YORK CITY AREA,N,N,129.9899902,1.0,1.0,WCMB,0.0,0.0,,,,U,,,,,,,0.0,R,U,U,U,U,U,N,239.0,180-365,0,0.2702446933962264,0.7963879036774314,0.0,0.0,15.811088295687885,1833.34,0.5566726417790248,0,0,1,1,1,1,1,1,1,1,1,1,0.33658198,148.09661418521404,45,103.09661418521404,416.5217376405001,65,351.5217376405001,814.5313780186772,85,729.5313780186772
119.61,1419.25,85.4775,5.445,168.5,42.125,42.125,0.0,0.0,1421.75,115.76,9.666666667,0.0,3.0,0.0,119.0,0.0,532.0,12.66666667,155.3333333,0.0,403.0,12.66666667,25.0,95.33333333,81.88333333,69.33333333,1.0,972.5633333,75.0,454.78,27.33333333,34.71,5.666666667,32.72666667,305.6666667,1.0,712.4466667,9.003333333,219.6666667,11.66666667,714.9,66.0,12.66666667,544.6666667,415.6666667,0.0,1.666666667,11,1070128,1,1,N,E4,Y,4628,21478.0,1204.13,1124.15,21379.0,4608,140.52,2672.38,576.0,1991,479,122,2527.0,521.0,133.0,S,NORTHWEST/ROCKY MOUNTAIN AREA,Y,N,59.98999023,1.0,1.0,WCMB,0.0,0.0,,,,U,,,,,,,0.0,N,U,U,U,U,U,N,319.0,180-365,0,0.08421756732969547,0.48712092740886354,0.0,275.0,16.41178341187014,1315.71,0.03775419770010565,0,0,1,1,1,1,1,1,1,1,1,1,0.6443687,147.98005162811282,45,102.98005162811282,416.19389520406725,65,351.19389520406725,813.8902839546205,85,728.8902839546205
188.28,3243.75,49.88,0.0,424.75,169.9,169.9,0.0,0.0,586.25,-70.62,34.0,0.0,25.66666667,0.0,194.6666667,0.333333333,734.3333333,0.333333333,137.6666667,0.0,486.0,0.0,62.0,219.3333333,184.3033333,48.33333333,3.333333333,2202.11,0.0,550.3166667,136.0,331.79,65.66666667,364.86,264.6666667,0.0,827.8166667,0.0,353.0,0.0,1924.603333,0.0,59.66666667,734.6666667,486.0,0.0,11.0,7,1094992,1,1,U,EA,Y,2630,11936.0,1073.66,999.05,11936.0,2630,166.51,1989.33,438.33,3048,524,212,1989.0,438.0,167.0,T,OHIO AREA,T,N,99.98999023,1.0,1.0,WCMB,1.0,0.0,O,10.0,S,U,3.0,M,7.0,1.0,,A,0.0,P,U,U,U,U,U,N,195.0,180-365,0,0.05802604206795593,3.3392295597484276,0.0,434.0,63.752948113207545,1317.96,0.01507403698590364,0,0,0,0,0,0,0,0,0,1,0,1,0.40929857,147.96045754623412,45,102.96045754623412,416.13880368232725,65,351.13880368232725,813.7825165042877,85,728.7825165042877
187.3475,1363.0,75.0,27.4725,306.5,76.73,76.4375,0.2925,4.895,-703.0,-97.2175,25.0,0.0,13.66666667,0.0,85.0,0.0,483.6666667,0.333333333,166.6666667,0.0,370.6666667,0.333333333,1.333333333,1.666666667,0.553333333,85.66666667,0.0,592.89,0.773333333,262.2633333,93.33333333,83.07,11.33333333,25.13666667,365.0,0.333333333,580.2666667,0.773333333,143.3333333,0.0,274.8866667,0.0,38.66666667,484.0,371.0,0.0,7.0,52,1000403,1,1,N,U,N,20747,46059.66333,6954.07,6831.24,45866.66,20673,136.62,917.33,413.46,1597,649,220,1050.0,438.0,151.0,S,SOUTH FLORIDA AREA,Y,N,249.9899902,8.0,8.0,WCMB,0.0,0.0,,,,U,,,,,,,0.0,I,U,U,U,U,U,N,13.0,<180,1,0.13735153958944282,1.009605263157895,0.0035887096774193544,69.333333316,17.93421052631579,9742.07,0.29913801023725645,0,0,1,1,1,1,1,1,1,1,1,0,0.41099375,147.8374181395769,45,102.8374181395769,415.79273014247417,65,350.79273014247417,813.105799767673,85,728.105799767673
120.05,526.25,59.99,0.7425,225.0,67.5,67.5,0.0,1.2875,-40.25,19.43,5.333333333,0.0,13.66666667,0.0,37.0,0.0,234.6666667,0.0,31.0,0.0,179.6666667,0.0,5.666666667,18.0,15.10666667,10.66666667,0.0,303.71,0.0,65.03666667,31.66666667,21.99,3.666666667,6.933333333,178.3333333,0.0,325.0333333,0.0,31.33333333,0.0,43.71333333,0.0,19.0,234.6666667,179.6666667,0.0,0.0,21,1023359,5,2,N,AA,N,3389,8457.0,1544.57,1500.66,8457.0,3389,78.98,445.11,178.37,540,218,114,546.0,209.0,102.0,,SOUTHWEST AREA,Y,N,29.98999023,2.0,1.0,,1.0,1.0,O,13.0,S,M,6.0,M,6.0,2.0,C,A,0.0,N,U,U,U,U,Y,Y,515.0,365-730,1,0.2276908487434803,1.1067388096409247,0.0024419155998103366,119.00000000700001,8.628463682570914,2521.0499999999997,0.12864374603962175,1,1,0,0,0,0,0,0,0,0,0,1,0.6412054,147.79528222084045,45,102.79528222084045,415.67422409057616,65,350.67422409057616,812.8740522146226,85,727.8740522146226
96.675,199.5,10.0,0.2475,40.25,40.25,40.25,0.0,40.64,236.5,147.145,0.666666667,0.0,1.333333333,0.0,3.0,0.0,12.66666667,0.0,3.333333333,0.0,7.666666667,0.0,0.0,0.0,0.0,1.666666667,0.0,5.516666667,0.0,4.81,1.333333333,1.983333333,0.0,0.0,6.0,0.0,6.473333333,0.0,5.0,0.0,3.853333333,0.0,2.0,12.66666667,7.666666667,0.0,0.0,11,1089323,1,1,Y,AA,N,1799,4435.0,686.55,600.67,4435.0,1799,60.07,443.5,179.9,121,66,48,124.0,66.0,39.0,R,MIDWEST AREA,Y,N,199.9899902,1.0,1.0,WCMB,1.0,0.0,O,6.0,S,M,2.0,M,5.0,2.0,H,A,0.0,U,U,U,Y,Y,U,Y,329.0,180-365,0,0.48216957605985034,3.659090909090909,0.20269326683291772,0.0,18.136363636363637,1063.425,0.2146341463414634,0,0,0,0,0,0,0,0,0,0,0,1,0.7960601,147.7614943242073,45,102.76149432420729,415.57920566797253,65,350.57920566797253,812.6882187831402,85,727.6882187831402
140.1975,893.5,39.99,2.7225,271.25,94.9375,94.9375,0.0,2.3375,76.5,29.9925,0.0,0.0,4.666666667,0.0,25.33333333,0.0,156.3333333,0.0,129.3333333,0.0,126.3333333,0.0,1.0,6.0,5.326666667,38.66666667,0.0,287.6066667,0.0,426.6733333,38.66666667,42.63666667,10.0,41.78,200.3333333,0.0,558.0333333,0.0,55.33333333,0.0,156.24,0.0,4.666666667,156.3333333,126.3333333,0.0,6.0,21,1033009,1,1,N,AA,N,4636,11246.0,1317.48,1284.58,11233.0,4629,67.61,591.21,243.63,868,340,130,749.0,301.0,103.0,S,CENTRAL/SOUTH TEXAS AREA,Y,N,59.98999023,1.0,1.0,WCMB,0.0,0.0,,,,U,,,,,,,0.0,H,U,U,U,U,U,N,625.0,365-730,0,0.15673281162660704,2.3161136862649427,0.0026131917272219115,21.0,21.797999512076114,2944.1475,0.23168991196461625,0,0,1,1,1,1,1,1,1,1,1,0,0.54882824,147.73314771366117,45,102.73314771366117,415.49949465751644,65,350.49949465751644,812.5323124251365,85,727.5323124251365
164.5,791.5,25.155,1.485,282.5,113.0,113.0,0.0,0.0,-645.5,-182.23,17.0,0.0,0.666666667,0.0,45.0,0.0,266.0,0.0,84.0,0.0,206.6666667,0.0,4.0,9.666666667,7.67,34.0,1.333333333,755.7866667,0.0,352.6733333,46.33333333,89.91,2.333333333,4.26,220.6666667,0.0,873.0533333,0.0,59.0,0.0,235.4066667,0.0,17.66666667,266.0,206.6666667,0.0,8.333333333,19,1050375,1,1,U,AA,N,2349,8528.0,1799.77,1739.79,8521.0,2347,96.66,473.39,130.39,1007,229,225,761.0,190.0,168.0,S,NEW ENGLAND AREA,Y,N,149.9899902,1.0,1.0,WCMB,0.0,0.0,R,6.0,M,M,2.0,M,9.0,,C,C,1.0,S,U,U,Y,Y,U,Y,557.0,365-730,0,0.20757097791798107,4.320397629516345,0.0,76.0,30.26190021028484,3125.5,0.10729155984001641,0,0,0,0,0,0,0,0,1,0,0,0,0.4676039,147.68801641464233,45,102.68801641464233,415.37255597114563,65,350.37255597114563,812.284090280533,85,727.284090280533
97.955,475.25,29.99,0.0,203.25,60.975,60.975,0.0,0.0,450.75,132.675,4.666666667,0.0,3.666666667,0.0,12.0,0.0,74.33333333,0.0,27.0,0.0,54.33333333,0.0,0.0,0.0,0.0,6.666666667,0.0,198.95,0.0,172.7233333,25.33333333,22.20666667,0.0,0.0,41.33333333,0.0,104.7733333,0.0,39.66666667,0.0,266.9,0.0,8.333333333,74.33333333,54.33333333,0.0,0.333333333,27,1018679,1,1,U,AA,N,1219,4998.0,1197.64,1141.54,4946.0,1189,45.66,197.84,47.56,325,94,54,321.0,82.0,53.0,T,TENNESSEE AREA,N,N,29.98999023,1.0,1.0,WC,0.0,0.0,,5.0,S,S,1.0,M,5.0,1.0,C,A,0.0,N,U,U,U,U,U,Y,801.0,730+,0,0.20567979002624673,1.9675701839303001,0.0,0.0,15.335592126492418,2644.785,0.3369760234871962,0,0,1,0,0,0,0,0,0,0,0,0,0.7845952,147.56164594078064,45,102.56164594078064,415.01711753129956,65,350.01711753129956,811.5890526742936,85,726.5890526742936
94.835,519.75,50.0,0.99,146.0,43.845,43.65,0.195,0.0,-464.75,-44.835,3.666666667,0.0,44.33333333,0.0,48.33333333,0.0,222.0,0.333333333,110.6666667,0.0,128.3333333,0.333333333,0.0,0.0,0.0,62.33333333,0.333333333,181.4933333,0.066666667,220.97,4.666666667,4.073333333,0.333333333,0.123333333,149.6666667,0.333333333,273.09,0.066666667,78.33333333,0.0,129.3733333,0.0,48.0,222.3333333,128.6666667,0.0,0.333333333,25,1023041,1,1,U,AA,N,3674,10069.0,1929.13,1866.75,10068.0,3673,77.78,419.5,153.04,675,324,110,528.0,246.0,92.0,S,NEW YORK CITY AREA,N,N,29.98999023,1.0,1.0,WCMB,0.0,0.0,O,7.0,M,U,2.0,M,9.0,2.0,H,J,0.0,B,U,U,U,U,U,Y,747.0,730+,0,0.18211233797407583,0.8597058823529412,0.0,0.0,10.191176470588236,2370.875,0.5377194369761189,0,0,0,0,0,0,0,0,0,0,0,1,0.8102118,147.52595677661895,45,102.52595677661895,414.9167364764213,65,349.9167364764213,811.3927622714043,85,726.3927622714043
111.5525,119.5,39.9075,0.0,0.0,0.0,0.0,0.0,1.645,8.5,-81.5625,0.0,0.0,1.666666667,0.0,6.0,0.0,34.0,0.0,6.333333333,0.0,26.33333333,0.0,1.0,12.33333333,11.8,2.333333333,0.0,64.4,0.0,10.71333333,6.333333333,8.973333333,3.333333333,3.783333333,27.66666667,0.0,64.53,0.0,5.0,0.0,10.58333333,0.0,1.666666667,34.0,26.33333333,0.0,0.0,13,1080928,4,3,U,AA,N,2248,5247.0,876.54,798.01,4889.0,2088,72.55,444.45,189.82,117,44,139,109.0,44.0,94.0,S,DALLAS AREA,Y,R,99.98999023,2.0,2.0,WCMB,1.0,1.0,O,8.0,S,M,5.0,M,9.0,1.0,I,A,1.0,S,U,U,U,Y,Y,Y,189.0,180-365,1,0.9257468879668049,0.0,0.013651452282157677,13.0,2.921224714294445,1450.1825,0.5,0,0,0,0,0,0,0,0,0,0,0,0,0.68841577,147.44543944358824,45,102.44543944358824,414.6903250312805,65,349.6903250312805,810.9499169397354,85,725.9499169397354
94.4075,722.0,52.37,0.0,129.0,47.9525,27.575,20.3775,0.0,-209.0,16.8925,27.33333333,2.666666667,7.0,0.0,107.3333333,0.0,314.0,17.0,158.3333333,0.0,181.6666667,14.33333333,1.333333333,10.33333333,10.03666667,88.66666667,0.0,210.6,65.72666667,179.34,23.66666667,16.54,14.0,18.50333333,228.3333333,4.666666667,301.4733333,13.50666667,84.33333333,9.666666667,88.46666667,52.22,37.0,331.0,196.0,0.0,3.333333333,10,1060805,1,1,U,ZA,N,3067,6579.0,769.76,689.78,6579.0,3067,76.64,731.0,340.78,792,372,89,729.0,348.0,78.0,C,NORTHWEST/ROCKY MOUNTAIN AREA,Y,N,199.9899902,1.0,1.0,WCMB,0.0,0.0,,,,U,,,,,,,0.0,H,U,U,U,U,U,N,317.0,180-365,0,0.1305774550484094,0.8984916619823872,0.0,13.333333329999999,13.52819936293798,944.075,0.30942269508793435,0,0,1,1,1,1,1,1,1,1,1,0,0.81254995,147.28476102256775,45,102.28476102256775,414.2383678674698,65,349.2383678674698,810.0661856241227,85,725.0661856241227
151.6975,2403.75,49.99,0.2475,269.0,107.6,107.6,0.0,3.86,-76.75,-38.9075,10.33333333,0.0,5.0,0.0,103.0,0.0,385.3333333,0.0,123.6666667,0.0,270.0,0.0,1.666666667,1.666666667,0.876666667,51.0,0.0,1109.85,0.0,481.22,97.66666667,74.69333333,55.33333333,129.6866667,127.3333333,0.0,431.2,0.0,255.3333333,0.0,1159.876667,0.0,15.33333333,385.3333333,270.0,0.0,1.0,11,1089087,1,1,Y,CA,Y,4728,21645.0,1370.35,1284.47,21572.0,4704,128.45,2157.2,470.4,2429,437,165,2298.0,494.0,129.0,T,MIDWEST AREA,Y,N,129.9899902,2.0,1.0,WCMB,0.0,0.0,O,5.0,S,M,4.0,M,6.0,,,A,0.0,N,U,U,U,U,Y,Y,299.0,180-365,1,0.06308244100218317,2.1102176897430867,0.0016051564611705997,18.333333337000003,47.141596391449305,1668.6725,0.20934147141083542,0,0,0,0,0,0,0,0,1,1,0,1,0.5056747,147.28241724562645,45,102.28241724562645,414.2317939823866,65,349.2317939823866,810.0532948509456,85,725.0532948509456
106.325,775.75,50.0,0.99,155.75,46.725,46.725,0.0,5.36,-16.75,-2.905,14.33333333,0.0,2.0,0.0,123.6666667,0.0,395.6666667,0.0,130.3333333,0.0,258.0,0.0,12.0,15.66666667,9.543333333,84.66666667,0.666666667,351.3466667,0.0,146.8166667,61.33333333,51.82666667,0.0,0.0,255.6666667,0.0,365.28,0.0,103.0,0.0,132.8833333,0.0,16.33333333,395.6666667,258.0,0.0,2.333333333,18,1040873,1,1,U,CA,N,5835,11022.0,1651.84,1591.24,10942.0,5792,93.6,643.65,340.71,781,418,107,771.0,404.0,108.0,,NORTHWEST/ROCKY MOUNTAIN AREA,Y,N,29.98999023,1.0,1.0,,1.0,0.0,,2.0,S,U,1.0,M,1.0,2.0,B,A,0.0,N,U,U,U,U,U,N,540.0,365-730,0,0.13688445445767622,0.9161764705882354,0.006900547151593177,216.0,15.21078431372549,1913.8500000000001,0.07185881855648314,1,1,1,0,0,0,0,0,0,0,0,0,0.7208986,147.16713564634324,45,102.16713564634324,413.9075721740723,65,348.9075721740723,809.4192460548879,85,724.4192460548879
131.7075,1173.5,82.4925,2.2275,186.0,46.9875,46.9875,0.0,0.0,-338.5,-45.7275,26.66666667,0.0,2.0,0.0,65.0,0.0,337.3333333,0.0,345.6666667,0.0,257.0,0.0,0.666666667,2.666666667,2.166666667,236.3333333,0.0,530.1533333,0.0,420.2366667,22.66666667,24.31333333,4.333333333,8.016666667,245.0,0.0,436.4866667,0.0,253.6666667,0.0,513.8966667,0.0,28.66666667,337.3333333,257.0,0.0,7.666666667,18,1052909,1,1,U,AA,N,6008,17871.0,2219.06,2114.07,17863.0,6005,124.36,1050.76,353.24,1286,448,147,1365.0,436.0,163.0,S,LOS ANGELES AREA,Y,N,199.9899902,2.0,2.0,WCMB,0.0,0.0,,2.0,M,U,3.0,M,3.0,2.0,,E,0.0,D,U,U,U,U,U,Y,78.0,<180,1,0.11213920817369094,0.5627750995598406,0.0,12.000000006,14.055154654609694,2370.735,0.4485427764920089,0,0,1,0,0,0,0,0,0,1,0,1,0.5819532,147.1634010500908,45,102.16340105009081,413.8970576030016,65,348.8970576030016,809.3987057754995,85,724.3987057754995
165.2375,1307.75,48.49,0.2475,222.5,89.0,89.0,0.0,0.0,255.25,14.9525,7.333333333,0.0,4.333333333,0.0,16.33333333,0.0,96.0,0.0,161.0,0.0,71.66666667,0.0,0.666666667,5.666666667,5.313333333,81.66666667,0.0,134.6433333,0.0,243.8966667,10.0,16.19,24.66666667,38.47,98.0,0.0,132.6466667,0.0,131.0,0.0,245.8933333,0.0,11.66666667,96.0,71.66666667,0.0,4.333333333,37,1004013,1,1,U,G,N,10914,26887.0,2468.72,2420.62,26681.0,10783,69.16,762.31,308.09,1223,419,160,1229.0,490.0,116.0,,MIDWEST AREA,Y,N,59.98999023,5.0,4.0,WCMB,0.0,0.0,,,,U,,,,,,,0.0,O,U,U,U,U,U,N,60.0,<180,1,0.1262559694364852,1.798343099616084,0.0,24.666666679,26.424530208122853,6113.7875,0.2885994751398916,1,0,1,1,1,1,1,1,1,1,1,1,0.4635967,147.07882886648179,45,102.07882886648179,413.6592357337475,65,348.6592357337475,808.9335587656499,85,723.9335587656499
191.9075,2598.5,129.99,1.98,445.75,66.8625,66.8625,0.0,3.075,-117.5,-4.0275,52.33333333,0.0,8.0,0.0,117.6666667,0.0,734.0,1.666666667,349.3333333,0.0,570.6666667,1.666666667,0.666666667,0.666666667,0.546666667,184.6666667,0.666666667,1010.8,4.096666667,904.54,184.3333333,189.7166667,15.33333333,40.34666667,573.6666667,0.666666667,1477.84,0.036666667,221.0,1.0,437.5033333,4.06,60.33333333,735.6666667,572.3333333,0.0,0.0,36,1098702,1,1,U,GY,N,12477,31768.0,4242.54,4171.05,31321.0,12288,154.48,1160.04,455.11,2638,845,193,2400.0,749.0,260.0,U,LOS ANGELES AREA,Y,R,29.98999023,5.0,3.0,WCMB,0.0,0.0,,,,U,,,,,,,0.0,U,U,U,U,U,U,N,247.0,180-365,1,0.07382477399499904,0.5104397282235285,0.001182919792267744,24.000000012,19.83739216734102,6908.67,0.45932527789820204,0,0,1,1,1,1,1,1,1,1,1,0,0.39905336,147.03615327239035,45,102.03615327239035,413.53919823646544,65,348.53919823646544,808.698842998147,85,723.698842998147
126.415,954.75,59.99,0.0,254.75,76.425,76.425,0.0,0.0,-14.75,-4.425,11.66666667,0.0,5.666666667,0.0,42.66666667,0.333333333,194.0,0.333333333,94.33333333,0.0,140.0,0.0,4.333333333,5.333333333,2.816666667,22.66666667,0.0,427.2566667,0.0,387.48,47.33333333,71.02,22.0,95.78333333,139.6666667,0.0,435.9366667,0.0,87.66666667,0.0,378.8,0.0,17.33333333,194.3333333,140.0,0.0,1.333333333,14,1053148,1,1,U,AA,N,2655,10277.0,1201.36,1121.38,10248.0,2644,86.26,788.31,203.38,960,215,128,860.0,206.0,101.0,,CHICAGO AREA,Y,N,59.98999023,1.0,1.0,WCMB,0.0,0.0,R,3.0,M,S,1.0,M,4.0,1.0,C,M,1.0,G,U,U,U,U,U,Y,426.0,365-730,0,0.13226785247188072,1.2530742744712247,0.0,60.666666662,15.654205607476635,1769.8100000000002,0.1518278338658634,1,0,0,0,0,0,0,0,0,0,0,1,0.60565144,147.001779004097,45,102.00177900409699,413.442510983944,65,348.442510983944,808.5097845225336,85,723.5097845225336
101.7175,641.0,49.99,2.2275,165.0,49.5,49.5,0.0,0.0,-295.0,-51.7275,20.66666667,0.0,13.0,0.0,26.66666667,0.0,229.3333333,0.0,14.0,0.0,170.0,0.0,1.0,3.333333333,2.68,6.666666667,0.0,497.77,0.0,48.80333333,28.0,49.62,1.333333333,4.616666667,169.0,0.0,514.48,0.0,12.33333333,0.0,32.09333333,0.0,33.66666667,229.3333333,170.0,0.0,0.666666667,18,1040772,2,1,U,AA,N,3671,12925.0,2130.35,2059.66,12919.0,3667,121.16,759.94,215.71,739,200,119,679.0,186.0,111.0,,CENTRAL/SOUTH TEXAS AREA,Y,N,79.98999023,1.0,1.0,WCMB,1.0,0.0,O,1.0,S,B,1.0,M,8.0,,A,A,0.0,N,U,U,U,U,U,N,541.0,365-730,0,0.15843847352024923,0.9707785840360855,0.0,18.0,12.571092371053147,1830.915,0.3366120940058094,1,0,0,0,0,0,0,0,1,0,0,0,0.7527027,147.00104112529755,45,102.00104112529755,413.44041603922847,65,348.44041603922847,808.5057261891366,85,723.5057261891366
183.51,1716.0,94.99,14.85,167.5,58.625,58.1,0.525,14.06,-415.0,-73.1,8.333333333,0.0,15.0,0.0,200.3333333,0.0,704.0,1.0,100.3333333,0.0,482.0,1.0,31.33333333,46.33333333,22.68666667,37.0,0.333333333,783.26,2.17,295.5166667,18.66666667,19.21666667,2.0,2.763333333,392.0,1.0,647.4833333,2.17,187.6666667,0.0,431.2933333,0.0,23.33333333,705.0,483.0,0.0,3.0,10,1072165,1,1,U,EA,Y,6741,16224.0,2538.94,2454.96,16142.0,6704,272.77,1793.56,744.89,1854,704,208,1791.0,729.0,249.0,U,MIDWEST AREA,T,N,99.98999023,2.0,2.0,WCMB,1.0,0.0,O,1.0,S,M,2.0,M,6.0,1.0,C,A,0.0,J,U,U,U,U,U,Y,187.0,180-365,1,0.1068782760629004,0.6107407021564747,0.008188701223063484,313.3333333,17.876862173143035,1835.1,0.030354472826399886,0,0,0,0,0,0,0,0,0,0,0,0,0.41702858,146.93551139259338,45,101.93551139259338,413.2561804819107,65,348.2561804819107,808.1453126592636,85,723.1453126592636
174.965,868.5,46.98,0.0,235.5,82.435,82.3375,0.0975,55.55,-679.5,-137.595,0.666666667,0.0,1.666666667,0.0,29.66666667,0.0,99.66666667,0.0,39.33333333,0.0,68.33333333,0.0,17.0,64.33333333,57.15666667,14.0,0.0,644.3733333,0.0,603.91,9.333333333,11.39666667,0.0,0.0,56.66666667,0.0,524.7466667,0.0,50.33333333,0.0,723.53,0.0,2.333333333,99.66666667,68.33333333,0.0,0.0,22,1040064,1,1,Y,EA,Y,2461,8352.0,1597.8,1532.52,8350.0,2459,72.98,397.62,117.1,1095,102,221,734.0,122.0,136.0,T,NORTH FLORIDA AREA,Y,N,59.98999023,3.0,2.0,WCMB,0.0,0.0,,10.0,S,U,2.0,M,2.0,1.0,,A,0.0,H,U,U,U,U,Y,N,180.0,<180,1,0.20122484186313974,1.7181117132138393,0.06388729154686601,374.0,18.101292205085453,3849.23,0.05071479533863594,0,0,1,0,0,0,0,0,0,1,0,0,0.43705645,146.82160436487197,45,101.82160436487197,412.93577791929243,65,347.93577791929243,807.518824006796,85,722.518824006796
112.8925,665.75,39.99,0.0,145.0,50.75,50.75,0.0,8.6025,472.25,94.9475,0.0,0.0,0.0,0.0,0.0,0.0,0.0,0.0,0.0,0.0,0.0,0.0,0.0,0.0,0.0,0.0,0.0,0.0,0.0,0.0,0.0,0.0,0.0,0.0,0.0,0.0,0.0,0.0,0.0,0.0,0.0,0.0,0.0,0.0,0.0,0.0,0.0,13,1066625,1,1,U,AA,N,1534,5409.0,812.0,749.77,5349.0,1524,62.48,445.75,127.0,508,131,81,423.0,128.0,61.0,S,CENTRAL/SOUTH TEXAS AREA,Y,N,199.9899902,1.0,1.0,WCMB,0.0,0.0,O,1.0,M,S,3.0,M,4.0,1.0,C,O,1.0,S,U,U,U,U,U,Y,390.0,365-730,0,0.16931758530183727,1.2381068553305683,0.012902137232845893,0.0,16.241766284459622,1467.6025,0.446806191410508,0,0,0,0,0,0,0,0,0,0,0,1,0.67732143,146.8118634877205,45,101.8118634877205,412.9083593302965,65,347.9083593302965,807.4652491824627,85,722.4652491824627
97.4575,1089.5,59.99,0.7425,155.75,46.725,46.725,0.0,0.0,192.5,37.1325,1.333333333,0.0,3.333333333,0.0,107.3333333,0.0,394.3333333,0.0,230.0,0.0,282.3333333,0.0,0.0,0.0,0.0,135.6666667,0.0,254.9833333,0.0,272.9233333,37.33333333,23.83666667,9.0,8.216666667,181.0,0.0,202.3066667,0.0,331.3333333,0.0,325.6033333,0.0,4.666666667,394.3333333,282.3333333,0.0,9.666666667,11,1068705,3,2,U,B,N,4935,8720.0,782.17,673.27,8447.0,4807,74.81,938.56,534.11,1025,581,85,1031.0,592.0,82.0,S,MIDWEST AREA,N,N,129.9899902,1.0,1.0,WCMB,0.0,0.0,,,,U,,,,,,,0.0,G,U,U,U,U,U,N,329.0,180-365,0,0.08936955524988537,0.7661091982292179,0.0,0.0,17.863584194130183,1072.0325,0.5662164044005014,0,0,1,1,1,1,1,1,1,1,1,1,0.78370804,146.6461863179207,45,101.6461863179207,412.4424048280716,65,347.4424048280716,806.5540247485638,85,721.5540247485638
200.9025,1481.0,126.1225,8.415,150.0,37.5,37.5,0.0,0.0625,-581.0,-195.5625,21.33333333,0.0,4.0,0.0,189.6666667,0.0,753.0,0.0,547.6666667,0.0,544.3333333,0.0,2.333333333,7.333333333,5.643333333,450.6666667,0.0,582.83,0.0,334.1333333,110.3333333,118.7066667,57.0,68.06666667,414.0,0.0,450.9766667,0.0,443.0,0.0,465.9866667,0.0,25.33333333,753.0,544.3333333,0.0,0.666666667,33,1006235,1,1,U,O,N,23080,40088.0,6099.0,5894.54,39445.0,22706,184.2,1232.66,709.56,1675,916,266,1412.0,761.0,244.0,U,NEW YORK CITY AREA,Y,N,149.9899902,6.0,5.0,WCMB,0.0,0.0,,6.0,M,S,1.0,M,1.0,,C,F,0.0,H,U,U,U,U,U,Y,163.0,<180,1,0.13556174089068826,0.2949910519380912,4.217273954116059e-05,76.999999989,11.650179944541682,6629.7825,0.2756093154601067,0,0,1,0,0,0,0,0,1,0,0,0,0.38014534,146.63453451561926,45,101.63453451561926,412.4096223378182,65,347.4096223378182,806.4899398359061,85,721.4899398359061
87.935,800.5,79.99,0.0,69.0,27.6,27.6,0.0,0.345,-622.5,-27.945,8.0,0.0,4.666666667,0.0,34.33333333,0.0,273.6666667,0.0,92.0,0.0,230.6666667,0.0,0.0,0.0,0.0,31.33333333,0.0,425.78,0.0,463.2766667,95.0,157.98,30.0,165.7,131.3333333,0.0,304.7,0.0,187.3333333,0.0,584.35,0.0,12.66666667,273.6666667,230.6666667,0.0,5.333333333,11,1090252,2,2,Y,A,N,1460,4669.0,817.98,688.84,4417.0,1359,76.54,490.78,151.0,1008,275,97,631.0,185.0,79.0,T,MIDWEST AREA,Y,R,9.989997864,2.0,2.0,WC,1.0,0.0,O,6.0,S,M,2.0,M,7.0,2.0,I,A,0.0,G,U,U,U,Y,Y,Y,307.0,180-365,1,0.10971303805364942,0.3407828126929251,0.0004304429195258889,0.0,9.883936288430672,967.2850000000001,0.7458329496270375,0,0,0,0,0,0,0,0,0,0,0,1,0.8682075,146.58398931598663,45,101.58398931598663,412.26747519254684,65,347.26747519254684,806.2119412379266,85,721.2119412379266
131.785,1448.75,59.99,0.99,224.25,67.725,65.775,1.95,0.0,412.25,-40.275,26.66666667,0.0,85.33333333,0.0,61.0,0.0,501.6666667,4.666666667,147.3333333,0.0,334.6666667,4.666666667,2.666666667,5.666666667,4.193333333,58.33333333,0.666666667,653.95,6.25,403.1366667,106.6666667,131.8266667,38.66666667,96.38333333,231.0,2.333333333,478.3933333,1.593333333,238.6666667,2.333333333,578.6966667,4.656666667,112.0,506.3333333,339.3333333,0.0,5.666666667,11,1056475,1,1,U,CA,N,3702,11589.0,1467.07,1407.08,11497.0,3675,140.71,1149.7,367.5,1311,447,145,1159.0,364.0,104.0,U,DC/MARYLAND/VIRGINIA AREA,N,N,129.9899902,2.0,2.0,WCMB,0.0,0.0,O,2.0,M,S,2.0,M,6.0,2.0,I,,0.0,N,U,U,U,U,U,Y,93.0,<180,1,0.09090187963441973,1.1104279390063945,0.0,29.333333337,23.753894080996883,1449.635,0.2093322578838334,0,0,0,0,0,0,0,0,0,0,1,1,0.579098,146.52753695201872,45,101.52753695201872,412.10873695254327,65,347.10873695254327,805.9014532361031,85,720.9014532361031
111.8075,639.25,104.99,3.2175,0.0,0.0,0.0,0.0,13.6,-382.25,11.5325,2.333333333,0.333333333,1.333333333,2.0,12.33333333,4.0,83.66666667,32.0,5.0,0.0,68.33333333,25.66666667,0.0,0.0,0.0,1.666666667,0.0,216.9433333,347.8233333,8.743333333,27.33333333,26.62333333,0.333333333,2.266666667,48.66666667,12.66666667,137.46,179.5933333,23.33333333,13.0,88.22666667,168.23,6.0,115.6666667,94.0,0.0,0.333333333,9,1091277,1,1,U,AA,N,1734,9371.0,1377.42,1255.91,9370.0,1733,156.99,1171.25,216.63,767,144,108,1298.0,221.0,176.0,R,TENNESSEE AREA,Y,N,149.9899902,1.0,1.0,WCMB,0.0,0.0,,,,U,,,,,,,0.0,H,U,U,U,U,U,N,250.0,180-365,0,0.17463100351425226,0.0,0.021241702459976572,0.0,6.031229361260497,1006.2675,1.0,0,0,1,1,1,1,1,1,1,1,1,0,0.68240416,146.49198049378398,45,101.49198049378398,412.0086851423979,65,347.0086851423979,805.7058927158118,85,720.7058927158118
121.465,777.5,50.0,0.99,232.25,69.675,69.675,0.0,0.8,232.5,68.815,6.333333333,0.0,0.0,0.0,1.333333333,0.0,185.3333333,0.0,43.33333333,0.0,177.6666667,0.0,7.333333333,21.0,17.71666667,20.33333333,1.0,549.8433333,0.0,121.7966667,42.66666667,40.58333333,2.333333333,5.543333333,152.3333333,0.0,451.7166667,0.0,66.33333333,0.0,219.9233333,0.0,6.333333333,185.3333333,177.6666667,0.0,0.0,21,1028371,2,1,U,EA,Y,2599,8149.0,1151.28,1101.28,7811.0,2486,84.71,600.85,191.23,700,227,98,721.0,246.0,104.0,U,NEW YORK CITY AREA,Y,N,149.9899902,2.0,2.0,WCMB,0.0,0.0,O,10.0,M,U,3.0,M,6.0,,C,C,0.0,Z,U,U,U,U,U,Y,442.0,365-730,1,0.15602440590879899,1.3661764705882353,0.0010276172125883109,153.999999993,15.245098039215685,2550.765,0.10309799363572582,0,0,0,0,0,0,0,0,1,0,0,0,0.6279544,146.44701631021502,45,101.44701631021502,411.8822297525406,65,346.8822297525406,805.4585897061826,85,720.4585897061826
99.025,1046.25,39.99,1.7325,187.75,65.7125,65.7125,0.0,1.5525,462.75,107.465,0.0,0.0,0.0,0.0,0.0,0.0,0.0,0.0,0.0,0.0,0.0,0.0,0.0,0.0,0.0,0.0,0.0,0.0,0.0,0.0,0.0,0.0,0.0,0.0,0.0,0.0,0.0,0.0,0.0,0.0,0.0,0.0,0.0,0.0,0.0,0.0,0.0,11,1069820,1,1,N,AA,N,4062,8009.0,607.35,547.37,7853.0,4010,60.82,872.56,445.56,892,438,63,915.0,480.0,68.0,,SOUTHWEST AREA,Y,N,149.9899902,1.0,1.0,WCMB,0.0,0.0,,,,U,,,,,,,0.0,S,U,U,U,U,U,N,321.0,180-365,0,0.09455717354977322,1.6031349109538913,0.001482454046311769,0.0,25.524518175164673,1089.275,0.38415219887069185,1,0,1,1,1,1,1,1,1,1,1,0,0.77008754,146.41520383358002,45,101.41520383358002,411.79279029369354,65,346.79279029369354,805.2836210846901,85,720.2836210846901
167.2175,1263.25,46.925,4.2075,295.25,115.725,115.725,0.0,0.0,277.75,149.3725,2.333333333,0.0,10.0,0.0,118.3333333,0.333333333,442.3333333,0.333333333,220.0,0.0,313.0,0.0,4.0,16.0,12.67333333,123.6666667,0.0,241.7166667,0.0,399.13,99.66666667,68.56,62.66666667,155.7333333,237.6666667,0.0,285.79,0.0,294.0,0.0,355.0533333,0.0,12.33333333,442.6666667,313.0,0.0,9.666666667,17,1044133,1,1,U,DA,N,8688,13820.0,1590.63,1513.25,13805.0,8679,94.58,862.81,542.44,1171,663,117,924.0,555.0,99.0,U,OHIO AREA,T,N,99.98999023,2.0,2.0,WCMB,0.0,0.0,O,3.0,,S,1.0,M,4.0,1.0,C,,0.0,Z,U,U,U,U,U,Y,148.0,<180,1,0.13226616571089578,2.4147104851330203,0.0,68.0,26.35889410537298,2842.6975,0.1348670325031659,0,0,0,0,1,0,0,0,0,0,1,0,0.45602795,146.41123432755472,45,101.41123432755472,411.7816413974762,65,346.7816413974762,805.261788801551,85,720.261788801551
105.4225,1038.0,59.99,1.7325,180.25,54.075,54.075,0.0,0.0,-489.0,-55.4325,0.0,0.0,0.0,0.0,0.0,0.0,0.0,0.0,0.0,0.0,0.0,0.0,0.0,0.0,0.0,0.0,0.0,0.0,0.0,0.0,0.0,0.0,0.0,0.0,0.0,0.0,0.0,0.0,0.0,0.0,0.0,0.0,0.0,0.0,0.0,0.0,0.0,15,1067169,1,1,U,CA,Y,3050,10693.0,1077.88,997.9,10666.0,3045,71.28,761.86,217.5,1201,311,124,893.0,249.0,88.0,C,NORTHWEST/ROCKY MOUNTAIN AREA,N,N,129.9899902,1.0,1.0,WCMB,0.0,0.0,,,,U,,,,,,,0.0,N,U,U,U,U,U,N,447.0,365-730,0,0.10146535129932628,0.8866207575012297,0.0,0.0,17.01918347270044,1581.3375,0.5300482336070916,0,0,1,1,1,1,1,1,1,1,1,1,0.72286963,146.31691018867494,45,101.31691018867494,411.5163350403309,65,346.5163350403309,804.7430060377122,85,719.7430060377122
126.0725,833.0,39.99,0.0,248.75,87.0825,86.8875,0.195,0.0,290.0,106.0675,19.66666667,0.0,5.666666667,0.0,45.66666667,0.0,252.0,0.0,92.66666667,0.0,187.6666667,0.0,0.0,0.0,0.0,33.66666667,0.666666667,394.3533333,0.0,181.1266667,67.0,124.37,26.33333333,78.84666667,181.3333333,0.0,364.6933333,0.0,82.0,0.0,210.7866667,0.0,25.33333333,252.0,187.6666667,0.0,0.333333333,12,1061726,1,1,U,AA,N,1755,4591.0,604.24,544.26,4575.0,1748,49.48,415.91,158.91,736,257,91,560.0,202.0,65.0,U,CALIFORNIA NORTH AREA,Y,N,129.9899902,1.0,1.0,WCMB,0.0,0.0,,,,U,,,,,,,0.0,H,U,U,U,U,U,N,372.0,365-730,0,0.15116606714628297,2.1244815808733835,0.0,0.0,20.322029763356916,1512.8700000000001,0.3200530949267017,0,0,1,1,1,1,1,1,1,1,1,1,0.6044537,146.31357491970064,45,101.31357491970064,411.5069444906712,65,346.5069444906712,804.7246620583536,85,719.7246620583536
93.9275,573.25,49.99,1.98,116.25,34.875,34.875,0.0,7.0825,-315.25,-19.8475,9.666666667,0.0,0.666666667,0.0,28.66666667,0.0,149.0,0.0,60.33333333,0.0,113.3333333,0.0,0.0,0.0,0.0,27.0,0.0,351.34,0.0,121.9133333,9.666666667,18.97,15.0,41.10333333,125.3333333,0.0,378.6566667,0.0,31.33333333,0.0,94.59666667,0.0,10.33333333,149.0,113.3333333,0.0,1.666666667,19,1048402,2,1,U,A,N,2624,7542.0,1186.32,1156.33,7535.0,2620,64.24,418.61,145.56,678,200,100,502.0,157.0,80.0,R,NORTHWEST/ROCKY MOUNTAIN AREA,Y,N,29.98999023,1.0,1.0,WC,0.0,0.0,O,1.0,S,M,2.0,M,9.0,,I,A,0.0,S,U,Y,U,U,Y,Y,574.0,365-730,0,0.16356552024379625,0.6839576387526966,0.012333478450152372,0.0,11.242400470680526,1784.6225,0.5938391661328831,0,0,0,0,0,0,0,0,1,0,0,1,0.81100035,146.25645498609543,45,101.25645498609543,411.3462964439392,65,346.3462964439392,804.4105024235249,85,719.4105024235249
137.13,1676.75,54.99,0.0,278.0,97.3,97.3,0.0,0.0,-199.75,-85.14,2.333333333,0.0,3.666666667,0.0,13.66666667,0.0,106.0,0.0,44.0,0.0,87.33333333,0.0,6.333333333,16.0,12.07666667,17.0,0.0,1194.456667,0.0,139.73,2.666666667,1.55,1.0,3.943333333,59.33333333,0.0,382.7966667,0.0,71.0,0.0,951.3866667,0.0,6.0,106.0,87.33333333,0.0,2.333333333,7,1079910,1,1,U,DA,Y,799,7535.0,848.99,783.38,7528.0,796,130.56,1254.67,132.67,1743,146,166,1255.0,133.0,131.0,U,NORTH FLORIDA AREA,T,N,99.98999023,1.0,1.0,WCMB,0.0,0.0,,,,U,,,,,,,0.0,N,U,U,U,U,U,N,209.0,180-365,0,0.08173446580241395,1.7378103232720128,0.0,44.333333331,29.947312020003572,959.91,0.11023968287709515,0,0,1,1,1,1,1,1,1,1,1,0,0.5553977,146.2304302368164,45,101.2304302368164,411.2731177353859,65,346.2731177353859,804.2673663024902,85,719.2673663024902
114.685,841.5,49.99,0.7425,196.75,68.8625,68.8625,0.0,2.7275,198.5,38.175,0.666666667,0.0,0.666666667,0.0,19.66666667,0.0,132.0,0.0,58.66666667,0.0,111.6666667,0.0,0.333333333,1.333333333,1.323333333,18.0,0.0,296.5266667,0.0,255.9,36.66666667,23.38333333,16.0,54.37,125.3333333,0.0,427.38,0.0,44.33333333,0.0,125.0533333,0.0,1.333333333,132.0,111.6666667,0.0,2.666666667,18,1051604,2,1,U,A,N,3681,14862.0,2047.2,1966.2,14477.0,3574,122.89,904.81,223.38,775,200,102,811.0,221.0,103.0,U,TENNESSEE AREA,Y,N,149.9899902,2.0,2.0,WCMB,0.0,0.0,R,0.0,M,S,1.0,M,4.0,,B,G,0.0,N,U,U,U,U,U,N,500.0,365-730,1,0.1361246290801187,1.350509903902726,0.0032373887240356083,5.999999994,16.503235928613453,2064.33,0.3726000036999345,0,0,0,0,0,0,0,0,1,0,0,1,0.6639297,146.19413982725143,45,101.19413982725143,411.171021682024,65,346.171021682024,804.0677690498829,85,719.0677690498829
126.79,1446.75,59.99,0.0,192.0,76.8,76.8,0.0,0.0,24.25,-23.2,0.0,0.0,0.0,0.0,0.0,0.0,0.0,0.0,0.0,0.0,0.0,0.0,0.0,0.0,0.0,0.0,0.0,0.0,0.0,0.0,0.0,0.0,0.0,0.0,0.0,0.0,0.0,0.0,0.0,0.0,0.0,0.0,0.0,0.0,0.0,0.0,0.0,14,1065842,1,1,U,BA,N,4524,14655.0,1387.18,1327.2,14655.0,4524,110.6,1221.25,377.0,1439,426,134,1430.0,428.0,117.0,U,GREAT LAKES AREA,Y,N,149.9899902,1.0,1.0,WCMB,0.0,0.0,,,,U,,,,,,,0.0,F,U,U,U,U,U,N,395.0,365-730,0,0.08757727508202383,1.2592228234136742,0.0,0.0,23.721101819970485,1775.0600000000002,0.4426300892662748,0,0,1,1,1,1,1,1,1,1,1,1,0.6004976,146.1832198200226,45,101.1832198200226,411.14031330108645,65,346.14031330108645,804.0077090101244,85,719.0077090101244
149.8075,684.75,60.11,0.7425,162.5,65.0,65.0,0.0,30.2525,-49.75,-14.1375,8.666666667,0.0,0.333333333,0.0,9.666666667,0.0,136.3333333,0.0,128.6666667,0.0,122.0,0.0,1.0,11.0,10.38,87.0,0.333333333,197.95,0.0,230.6333333,34.33333333,40.85666667,1.0,0.683333333,184.6666667,0.0,372.4833333,0.0,44.66666667,0.0,56.1,0.0,9.0,136.3333333,122.0,0.0,2.333333333,23,1018827,1,1,U,AA,N,4184,10736.0,1777.01,1668.47,10341.0,4066,79.45,492.43,193.62,701,230,155,729.0,264.0,138.0,S,LOS ANGELES AREA,Y,R,39.98999023,2.0,2.0,WCMB,0.0,0.0,O,2.0,S,M,1.0,M,9.0,,C,A,0.0,O,U,U,U,U,U,Y,259.0,180-365,1,0.2184578928180824,1.0636557028309606,0.04411593146190303,23.0,11.205203730976926,3445.5725,0.3264074351030873,0,0,0,0,0,0,0,0,1,0,0,1,0.50810575,146.14666151046754,45,101.14666151046754,411.03748549818994,65,346.03748549818994,803.8066383075716,85,718.8066383075716
127.9125,1131.25,66.12,0.495,189.5,66.325,10.85,55.475,0.0975,1724.75,177.1975,8.0,0.0,1.666666667,0.0,33.66666667,0.0,171.6666667,12.0,78.33333333,0.0,129.3333333,12.0,4.0,25.66666667,23.05666667,57.66666667,1.333333333,150.39,31.60666667,51.06333333,64.0,47.29333333,48.0,35.89333333,111.0,1.333333333,121.49,3.816666667,85.33333333,10.66666667,79.96333333,27.79,9.666666667,183.6666667,141.3333333,0.0,0.0,12,1085080,1,1,U,Z4,Y,4490,8777.0,1108.95,927.11,7868.0,4034,92.71,786.8,403.4,556,265,69,757.0,380.0,67.0,U,LOS ANGELES AREA,N,R,79.98999023,4.0,4.0,WCMB,0.0,0.0,,,,U,2.0,M,,,C,,0.0,N,U,U,U,U,U,N,21.0,<180,1,0.11297195848973282,0.9881555423122765,8.611172444248178e-05,48.0,16.854141835518472,1534.9499999999998,0.1669963301610997,0,0,1,1,1,0,0,1,1,0,1,1,0.59505886,146.1417049098015,45,101.14170490980149,411.0235526829958,65,346.0235526829958,803.7793770039082,85,718.7793770039082
98.6725,359.0,98.86,0.0,23.25,5.8125,5.8125,0.0,0.0,-292.0,11.2975,4.666666667,0.0,0.333333333,0.0,25.0,0.0,118.6666667,0.666666667,32.66666667,0.0,90.0,0.666666667,0.0,0.0,0.0,18.33333333,0.333333333,243.33,0.86,63.76666667,43.33333333,61.87333333,11.33333333,13.49666667,79.0,0.666666667,173.7366667,0.86,36.66666667,0.0,133.36,0.0,5.0,119.3333333,90.66666667,0.0,1.333333333,15,1050613,3,3,U,AA,N,1717,9927.0,1354.28,1249.29,9807.0,1711,89.24,700.5,122.21,456,132,95,392.0,114.0,96.0,S,CALIFORNIA NORTH AREA,Y,N,149.9899902,1.0,1.0,WCMB,0.0,0.0,,,,U,,,,,,,0.0,I,U,U,U,U,U,N,449.0,365-730,0,0.2740902777777778,0.05820648908471861,0.0,0.0,3.5950330462647706,1480.0875,0.9449951501100096,0,0,1,1,1,1,1,1,1,1,1,1,0.7712918,146.1221480908394,45,101.1221480908394,410.96855914950373,65,345.96855914950373,803.6718144996167,85,718.6718144996167
145.2875,910.25,59.99,0.0,177.75,71.1,71.1,0.0,0.0,18.75,19.9025,3.0,0.0,5.0,0.0,49.0,0.0,186.3333333,0.0,106.0,0.0,131.3333333,0.0,0.0,0.0,0.0,42.66666667,0.0,339.74,0.0,350.8166667,30.33333333,33.15333333,14.0,67.72,154.3333333,0.0,395.3533333,0.0,81.0,0.0,295.2033333,0.0,8.0,186.3333333,131.3333333,0.0,2.666666667,36,1002959,3,1,Y,A,N,6474,19034.0,2368.83,2320.03,18991.0,6450,66.29,542.6,184.29,904,251,139,703.0,209.0,92.0,R,CENTRAL/SOUTH TEXAS AREA,N,N,29.98999023,5.0,4.0,WCMB,1.0,0.0,O,5.0,S,M,6.0,M,5.0,3.0,,A,0.0,N,U,U,U,U,U,Y,110.0,<180,1,0.15943758573388203,1.1657648794884405,0.0,0.0,14.924577799639284,5230.349999999999,0.46173063820122645,0,0,0,0,0,0,0,0,0,1,0,1,0.5237141,146.0911026406288,45,101.0911026406288,410.88123483657836,65,345.88123483657836,803.5010645234585,85,718.5010645234585
115.94,616.5,49.99,0.2475,215.25,75.3375,75.3375,0.0,0.0,126.5,43.4,7.666666667,0.0,0.666666667,0.0,29.66666667,0.0,249.3333333,0.0,208.0,0.0,214.3333333,0.0,0.0,0.0,0.0,156.3333333,0.333333333,229.6733333,0.0,164.0333333,111.6666667,116.4166667,25.0,32.63333333,114.6666667,0.0,126.9266667,0.0,245.3333333,0.0,266.7833333,0.0,8.333333333,249.3333333,214.3333333,0.0,3.333333333,13,1048775,1,1,U,ZA,N,3399,6584.0,1198.0,1128.02,6547.0,3383,94.0,545.58,281.92,574,292,102,554.0,289.0,95.0,U,GREAT LAKES AREA,Y,N,149.9899902,1.0,1.0,WCMB,1.0,1.0,O,11.0,S,M,4.0,M,9.0,1.0,,A,0.0,N,U,U,U,U,Y,Y,402.0,365-730,0,0.1877570850202429,1.4774955873700726,0.0,0.0,12.0906060011767,1507.22,0.4036334131523223,0,0,0,0,0,0,0,0,0,1,0,1,0.65558255,145.93582180023193,45,100.93582180023193,410.4445402765274,65,345.4445402765274,802.6470199012757,85,717.6470199012757
121.06,778.75,79.99,4.455,183.25,45.8125,45.8125,0.0,0.16,82.25,14.15,4.0,0.0,0.666666667,0.0,36.0,0.0,209.0,0.0,76.66666667,0.0,169.3333333,0.0,0.333333333,0.333333333,0.06,36.33333333,0.0,353.8733333,0.0,220.15,65.0,72.79333333,11.33333333,13.67666667,189.3333333,0.0,446.5,0.0,45.33333333,0.0,127.5233333,0.0,4.666666667,209.0,169.3333333,0.0,2.0,12,1053414,3,3,U,AA,N,1970,5813.0,1065.93,965.95,5808.0,1968,87.81,528.0,178.91,751,239,116,540.0,186.0,95.0,C,GREAT LAKES AREA,Y,N,199.9899902,1.0,1.0,WCMB,0.0,0.0,,,,U,,,,,,,0.0,N,U,U,U,U,U,N,362.0,180-365,0,0.15525488938762425,0.565656253858501,0.00020519397242705996,3.999999996,9.615384615384617,1452.72,0.5265958312358627,0,0,1,1,1,1,1,1,1,1,1,0,0.6277759,145.91722554588318,45,100.91722554588318,410.3922004556656,65,345.3922004556656,802.5447405023576,85,717.5447405023576
148.815,1637.5,59.99,1.98,241.25,96.5,96.5,0.0,0.345,-301.5,-35.855,23.0,0.0,4.333333333,0.0,38.0,0.0,245.0,0.0,62.0,0.0,185.0,0.0,0.0,0.0,0.0,20.66666667,0.333333333,1062.656667,0.0,269.6,45.66666667,48.59666667,4.0,10.38,131.3333333,0.0,454.8066667,0.0,107.3333333,0.0,877.4533333,0.0,27.33333333,245.0,185.0,0.0,6.666666667,8,1092970,1,1,U,AA,N,1617,10042.0,927.65,840.78,9963.0,1601,120.11,1423.29,228.71,1738,268,161,1457.0,234.0,124.0,U,SOUTHWEST AREA,N,N,129.9899902,1.0,1.0,WCMB,0.0,0.0,,,,U,,,,,,,0.0,S,U,U,U,U,U,N,231.0,180-365,0,0.09082392432102533,1.5822265945236924,0.0002105584375953616,0.0,26.848663715363173,1190.52,0.38726268334497427,0,0,1,1,1,1,1,1,1,1,1,1,0.5100697,145.73957098960878,45,100.73957098960878,409.89252566814423,65,344.89252566814423,801.5676404428483,85,716.5676404428483
109.38,1338.25,81.4475,0.2475,122.75,36.825,36.825,0.0,0.0975,-125.25,-33.4,3.333333333,0.0,31.0,0.0,8.333333333,0.0,208.6666667,0.0,61.66666667,0.0,167.0,0.0,1.666666667,8.666666667,7.716666667,15.33333333,4.666666667,658.8766667,0.0,452.68,47.66666667,43.51333333,2.0,14.05666667,102.6666667,0.0,273.2666667,0.0,125.0,0.0,838.29,0.0,34.33333333,208.6666667,167.0,0.0,1.666666667,10,1062085,1,1,U,AA,N,1879,10486.0,878.39,797.42,10298.0,1858,88.6,1144.22,206.44,1380,244,120,1282.0,230.0,103.0,U,CHICAGO AREA,Y,N,149.9899902,1.0,1.0,WCMB,0.0,0.0,,,,U,,,,,,,0.0,J,U,U,U,U,U,N,308.0,180-365,0,0.0816725779354116,0.44664786682434277,7.28019413851036e-05,16.66666667,16.231541283847296,1093.8,0.3212010830051331,0,0,1,1,1,1,1,1,1,1,1,1,0.6934742,145.6362421417236,45,100.63624214172361,409.60193102359773,65,344.60193102359773,800.9993317794799,85,715.9993317794799
105.695,1300.5,71.325,1.485,82.75,28.3375,24.925,3.4125,4.5475,-250.5,-11.005,16.66666667,0.0,2.666666667,0.0,116.6666667,0.0,327.6666667,3.333333333,104.3333333,0.0,195.3333333,3.333333333,0.666666667,1.333333333,1.02,37.33333333,0.0,614.7033333,19.1,459.6866667,32.66666667,30.1,0.666666667,0.146666667,159.0,0.0,521.47,0.0,118.6666667,3.333333333,552.9133333,19.1,19.33333333,331.0,198.6666667,0.0,4.0,19,1049744,1,1,U,AA,N,2808,11280.0,1389.24,1309.26,11230.0,2803,72.74,623.89,155.72,1384,282,109,1115.0,231.0,109.0,,NORTHWEST/ROCKY MOUNTAIN AREA,Y,N,149.9899902,1.0,1.0,WCMB,0.0,0.0,,,,U,1.0,M,,,,,0.0,N,U,U,U,U,U,N,563.0,365-730,0,0.08121014214368036,0.39180781195990316,0.0034940453323088747,12.666666673,17.981334255098513,2008.205,0.4857966470904587,1,0,1,1,1,0,0,1,1,1,1,0,0.71731675,145.56824763584137,45,100.56824763584137,409.41070277571674,65,344.41070277571674,800.6253619971276,85,715.6253619971276
92.275,700.0,39.99,0.2475,230.0,80.52,80.325,0.195,0.0,233.0,89.265,0.0,0.0,0.0,0.0,0.0,0.0,0.0,0.0,0.0,0.0,0.0,0.0,0.0,0.0,0.0,0.0,0.0,0.0,0.0,0.0,0.0,0.0,0.0,0.0,0.0,0.0,0.0,0.0,0.0,0.0,0.0,0.0,0.0,0.0,0.0,0.0,0.0,11,1069115,1,1,U,AA,N,2146,4735.0,492.5,432.52,4735.0,2146,43.25,473.5,214.6,622,272,62,522.0,233.0,43.0,T,OHIO AREA,Y,N,149.9899902,1.0,1.0,WCMB,0.0,0.0,O,4.0,S,M,1.0,M,6.0,,C,A,0.0,G,U,U,U,U,U,N,326.0,180-365,0,0.13163338088445078,1.9643815564771894,0.0,0.0,17.077335935594046,1015.0250000000001,0.33733849065920507,0,0,0,0,0,0,0,0,1,0,0,1,0.82138616,145.52334644317628,45,100.52334644317628,409.2844118714333,65,344.2844118714333,800.3784054374696,85,715.3784054374696
92.675,1124.75,69.99,0.2475,64.0,22.4,22.4,0.0,0.0,-831.75,-22.685,13.66666667,0.0,32.0,0.0,108.0,0.0,445.3333333,0.0,278.0,0.0,300.0,0.0,3.0,3.0,1.74,138.0,0.0,368.6366667,0.0,473.5166667,91.66666667,56.28333333,120.0,216.32,273.6666667,0.0,455.3633333,0.0,296.0,0.0,386.79,0.0,45.66666667,445.3333333,300.0,0.0,12.33333333,11,1089682,2,1,U,BA,N,6073,13480.0,1064.16,957.92,13353.0,6034,95.79,1335.3,603.4,1402,622,100,1292.0,593.0,85.0,C,CENTRAL/SOUTH TEXAS AREA,Y,R,29.98999023,2.0,2.0,WCMB,0.0,0.0,O,6.0,S,S,4.0,M,1.0,,,A,0.0,H,U,U,U,U,U,Y,288.0,180-365,1,0.08232289584721297,0.3155373996337512,0.0,33.0,15.843780814199183,1019.425,0.2317208512860687,0,0,0,0,0,0,0,0,1,1,0,1,0.8177836,145.51314690828323,45,100.51314690828323,409.25570634603497,65,344.25570634603497,800.3223079955578,85,715.3223079955578
127.1225,618.75,30.0,1.485,273.25,95.6375,95.6375,0.0,0.0,-86.75,-26.4825,1.333333333,0.0,2.666666667,0.0,49.33333333,0.0,221.6666667,0.0,41.0,0.0,168.3333333,0.0,0.0,0.0,0.0,20.0,0.666666667,315.1566667,0.0,89.52666667,14.0,10.19333333,2.0,2.436666667,157.3333333,0.0,266.09,0.0,52.0,0.0,138.5933333,0.0,4.0,221.6666667,168.3333333,0.0,1.0,25,1030481,1,1,N,AA,N,5170,10236.0,1708.12,1676.12,10220.0,5166,69.84,425.83,215.25,648,266,136,479.0,217.0,85.0,S,CALIFORNIA NORTH AREA,N,N,29.98999023,1.0,1.0,WCMB,0.0,0.0,O,15.0,S,U,4.0,M,8.0,1.0,C,A,0.0,Z,U,U,U,U,U,Y,740.0,730+,0,0.20511899959661153,3.08508064516129,0.0,0.0,19.95967741935484,3178.0625,0.24479320896259008,0,0,0,0,0,0,0,0,0,0,0,0,0.59616303,145.5086215620041,45,100.5086215620041,409.2430132973194,65,344.2430132973194,800.2974185910226,85,715.2974185910226
104.03,488.5,49.99,6.93,113.5,45.2925,41.1,4.1925,1.8175,328.5,96.2,3.0,0.0,1.0,0.0,24.33333333,0.0,158.6666667,3.0,38.0,0.0,130.3333333,3.0,0.0,0.0,0.0,25.33333333,0.0,265.8333333,9.393333333,46.26,13.0,12.44333333,0.666666667,0.59,113.6666667,1.333333333,259.8133333,4.923333333,34.33333333,1.666666667,52.28,4.47,4.0,161.6666667,133.3333333,0.0,0.666666667,17,1042802,1,1,Y,AA,N,3860,8782.0,1521.53,1411.7,8716.0,3839,88.23,544.75,239.94,379,139,72,498.0,174.0,72.0,,CALIFORNIA NORTH AREA,Y,N,149.9899902,1.0,1.0,WCMB,0.0,0.0,,,,U,,,,,,,0.0,N,U,U,U,U,U,N,521.0,365-730,0,0.2125229826353422,0.8882624043930182,0.0037129724208375893,0.0,9.580309864679348,1768.51,0.5295874120426869,1,0,1,1,1,1,1,1,1,1,1,1,0.72796357,145.40170166873932,45,100.40170166873932,408.94227664232255,65,343.94227664232255,799.7093591780663,85,714.7093591780663
169.62,1206.75,74.99,0.0,335.75,84.2175,83.4375,0.78,7.1625,552.25,110.49,1.333333333,0.0,2.333333333,0.0,44.66666667,0.0,266.3333333,0.0,96.66666667,0.0,218.6666667,0.0,0.666666667,4.0,3.366666667,38.0,0.0,372.34,0.0,176.2233333,51.0,58.28333333,19.33333333,42.57333333,259.6666667,0.0,428.2933333,0.0,55.0,0.0,120.27,0.0,3.666666667,266.3333333,218.6666667,0.0,1.333333333,38,1005779,3,2,N,BA,N,10377,26312.0,3427.59,3356.59,26175.0,10296,95.9,747.86,294.17,1023,341,133,891.0,311.0,106.0,C,DALLAS AREA,Y,N,79.98999023,2.0,2.0,WCMB,1.0,1.0,O,1.0,S,U,6.0,M,7.0,1.0,,A,0.0,N,U,U,U,U,U,Y,465.0,365-730,1,0.14044297246946802,1.1082708251085671,0.005930449182363899,25.333333346,15.88037899723648,6445.56,0.36036847779231923,0,0,0,0,0,0,0,0,0,1,0,1,0.44622934,145.32370014953614,45,100.32370014953614,408.7229066705704,65,343.7229066705704,799.2803508224488,85,714.2803508224488
97.8125,524.75,70.0,0.0,111.25,27.8125,27.8125,0.0,0.0,-417.75,-27.8125,4.666666667,0.0,2.666666667,0.0,14.33333333,0.0,67.33333333,0.0,33.0,0.0,47.0,0.0,0.0,0.0,0.0,11.0,0.0,121.9533333,0.0,168.9766667,16.0,33.27,4.333333333,12.08666667,60.66666667,0.0,239.5033333,0.0,15.0,0.0,51.42666667,0.0,7.333333333,67.33333333,47.0,0.0,1.333333333,18,1038831,1,1,N,AA,N,2554,11942.0,2462.83,2380.09,11918.0,2551,140.01,701.06,150.06,664,168,107,852.0,213.0,126.0,C,ATLANTIC SOUTH AREA,Y,N,149.9899902,1.0,1.0,WCMB,0.0,0.0,O,3.0,S,U,2.0,M,8.0,,,A,0.0,N,U,U,U,U,U,Y,561.0,365-730,0,0.18604374702805515,0.39172535211267606,0.0,0.0,7.390845070422535,1760.625,0.7185325743200506,0,0,0,0,0,0,0,0,1,1,0,1,0.773415,145.24734991788864,45,100.24734991788864,408.50815415382385,65,343.50815415382385,798.8604245483876,85,713.8604245483876
98.395,362.0,79.99,1.98,1.0,0.39,0.0,0.39,22.5225,-183.0,-23.565,6.0,0.0,0.666666667,0.0,16.33333333,0.0,105.6666667,0.333333333,72.33333333,0.0,84.33333333,0.333333333,0.0,0.0,0.0,44.66666667,0.333333333,102.8866667,0.473333333,108.0933333,35.0,26.21666667,5.0,10.11,102.6666667,0.333333333,177.31,0.473333333,19.33333333,0.0,33.67,0.0,6.666666667,106.0,84.66666667,0.0,2.0,17,1050035,2,2,U,AA,N,3850,8615.0,1406.57,1303.34,8615.0,3850,81.46,538.44,240.63,423,162,106,446.0,191.0,93.0,S,CALIFORNIA NORTH AREA,Y,N,149.9899902,1.0,1.0,WCMB,0.0,0.0,O,6.0,,S,4.0,M,1.0,,C,,1.0,H,U,U,U,U,U,Y,499.0,365-730,0,0.27106060606060606,0.004815409309791333,0.06204545454545455,0.0,4.469687615755031,1672.715,0.9952076677316293,0,0,0,0,1,0,0,0,1,0,1,1,0.7682529,145.13711039829255,45,100.13711039829255,408.19812885999676,65,343.19812885999676,798.254107190609,85,713.254107190609
116.7675,1203.5,59.7875,1.485,160.0,64.0,64.0,0.0,0.0,1083.5,47.3825,6.666666667,0.0,0.333333333,0.0,44.0,0.0,212.6666667,0.0,39.33333333,0.0,163.3333333,0.0,1.333333333,5.333333333,4.956666667,15.33333333,0.0,673.5166667,0.0,121.2266667,18.33333333,19.31333333,3.333333333,4.516666667,127.0,0.0,447.42,0.0,68.66666667,0.0,347.3266667,0.0,7.0,212.6666667,163.3333333,0.0,2.666666667,13,1050439,4,2,U,AA,N,2092,9089.0,1115.97,1040.97,9085.0,2090,86.75,757.08,174.17,842,176,101,699.0,158.0,89.0,C,DC/MARYLAND/VIRGINIA AREA,Y,N,29.98999023,1.0,1.0,WC,0.0,0.0,O,0.0,S,U,2.0,M,7.0,2.0,I,A,0.0,U,U,U,U,U,Y,Y,388.0,365-730,0,0.09694271481942715,1.0528480361916512,0.0,17.333333329,19.79847830557269,1517.9775,0.2953179085734324,0,0,0,0,0,0,0,0,0,0,0,1,0.64665604,144.97614921140672,45,99.97614921140672,407.745412697196,65,342.745412697196,797.368820662737,85,712.368820662737
89.5675,329.5,29.99,0.0,160.0,56.0,56.0,0.0,0.0,102.5,36.4225,7.0,0.0,1.333333333,0.0,16.33333333,0.0,117.6666667,0.0,52.33333333,0.0,94.33333333,0.0,0.0,0.0,0.0,27.66666667,0.0,80.78,0.0,56.11666667,39.0,25.18,2.333333333,1.39,76.33333333,0.0,68.05666667,0.0,63.0,0.0,68.84,0.0,8.333333333,117.6666667,94.33333333,0.0,1.666666667,22,1021652,2,2,U,AA,N,4115,6110.0,1625.45,1577.8,6078.0,4090,78.89,303.9,204.5,295,201,77,330.0,219.0,85.0,S,NORTHWEST/ROCKY MOUNTAIN AREA,N,R,9.989997864,2.0,2.0,WC,0.0,0.0,O,15.0,S,S,3.0,M,5.0,2.0,C,A,0.0,N,U,U,U,U,U,Y,502.0,365-730,1,0.27100605143721634,1.8070345272668604,0.0,0.0,10.632462084543402,1970.485,0.35624784457983677,0,0,0,0,0,0,0,0,0,0,0,1,0.8429985,144.97011906003954,45,99.97011906003954,407.7284758722782,65,342.7284758722782,797.3356548302174,85,712.3356548302174
147.0275,2158.75,109.99,2.2275,93.75,32.8125,32.8125,0.0,0.0,-131.75,-43.7875,19.0,0.0,8.0,0.0,92.66666667,0.666666667,531.3333333,3.666666667,109.3333333,0.0,414.3333333,3.0,2.666666667,11.66666667,9.666666667,35.33333333,0.0,1465.01,3.893333333,358.63,32.0,28.27333333,5.0,10.16333333,275.3333333,0.0,840.5133333,0.0,245.3333333,3.0,983.1333333,3.893333333,27.0,535.0,417.3333333,0.0,4.666666667,16,1047015,1,1,N,BA,N,7235,24912.0,2182.88,2074.04,24786.0,7189,138.27,1652.4,479.27,2203,522,161,1675.0,454.0,137.0,C,SOUTH FLORIDA AREA,Y,N,199.9899902,3.0,3.0,WCMB,0.0,0.0,,1.0,S,B,1.0,M,5.0,,,A,0.0,S,U,U,U,U,U,N,99.0,<180,1,0.06807616622294248,0.2956347418686368,0.0,42.666666672,19.449950445986126,2352.44,0.25237857921705453,0,0,1,0,0,0,0,0,1,1,0,1,0.5134983,144.9568690648079,45,99.9568690648079,407.69123806238173,65,342.69123806238173,797.2627798564434,85,712.2627798564434
130.9725,1044.5,50.0,1.485,219.0,65.7,65.7,0.0,0.0,583.5,108.4575,21.66666667,0.0,1.333333333,0.0,53.0,0.0,199.0,0.0,90.0,0.0,129.0,0.0,0.0,0.0,0.0,36.0,0.0,283.34,0.0,257.8866667,17.33333333,26.45333333,8.666666667,57.22666667,106.0,0.0,363.98,0.0,94.66666667,0.0,177.2466667,0.0,23.0,199.0,129.0,0.0,1.333333333,30,1015980,1,1,U,A,N,4918,16789.0,2102.62,2045.82,16788.0,4917,70.55,578.9,169.55,850,202,95,882.0,222.0,85.0,U,CALIFORNIA NORTH AREA,Y,N,149.9899902,3.0,3.0,WCMB,0.0,0.0,O,4.0,M,S,1.0,M,4.0,1.0,C,C,0.0,N,U,U,U,U,U,Y,346.0,180-365,1,0.1252725968436155,1.2882352941176471,0.0,0.0,20.480392156862745,3929.1749999999997,0.43701799485861187,0,0,0,0,0,0,0,0,0,0,0,1,0.5762564,144.90958697462082,45,99.90958697462082,407.55822117269037,65,342.55822117269037,797.0027283604145,85,712.0027283604145
96.4025,634.0,59.99,4.7025,138.5,41.55,41.55,0.0,0.16,-634.0,-46.4125,25.66666667,0.0,3.0,0.0,59.0,0.0,285.0,0.0,99.66666667,0.0,202.6666667,0.0,0.0,0.0,0.0,58.33333333,0.0,285.0366667,0.0,104.18,31.66666667,24.19,8.666666667,13.3,222.3333333,0.0,303.8333333,0.0,61.66666667,0.0,85.38333333,0.0,28.66666667,285.0,202.6666667,0.0,3.0,24,1026568,4,3,Y,B,N,8906,18849.0,1871.02,1781.04,18504.0,8713,80.96,841.09,396.05,845,373,112,870.0,373.0,104.0,S,DC/MARYLAND/VIRGINIA AREA,Y,N,129.9899902,2.0,2.0,WCMB,1.0,1.0,O,7.0,S,M,6.0,M,9.0,3.0,,A,0.0,H,U,U,U,U,U,Y,364.0,180-365,1,0.15181496062992125,0.6812592228234136,0.0002519685039370079,0.0,10.395146745368093,2313.66,0.5947922761849035,0,0,0,0,0,0,0,0,0,1,0,1,0.78267086,144.8667438044548,45,99.86674380445481,407.4377226960659,65,342.4377226960659,796.7670909245015,85,711.7670909245015
121.825,1734.25,63.7425,14.6025,33.75,13.4825,12.8,0.6825,0.0,105.75,-109.555,96.33333333,0.0,21.0,0.0,242.6666667,0.0,790.0,1.333333333,183.3333333,0.0,451.3333333,1.333333333,12.66666667,16.33333333,10.34666667,89.33333333,3.666666667,860.21,1.09,278.25,169.6666667,294.3066667,92.0,201.04,358.6666667,0.0,678.7766667,0.0,220.6666667,1.333333333,459.6833333,1.09,117.3333333,791.3333333,452.6666667,0.0,0.0,7,1096524,2,2,Y,E4,Y,3132,9598.0,922.86,777.88,9560.0,3117,129.65,1593.33,519.5,1699,551,158,1593.0,520.0,130.0,,NORTHWEST/ROCKY MOUNTAIN AREA,Y,N,199.9899902,1.0,1.0,WCMB,0.0,0.0,,,,U,,,,,,,0.0,H,U,U,U,U,U,N,211.0,180-365,0,0.07020602218700475,0.20824805962080548,0.0,88.66666669,26.786886511951188,852.775,0.07207251500185108,1,0,1,1,1,1,1,1,1,1,1,1,0.61921257,144.83630110740663,45,99.83630110740663,407.3521113872528,65,342.3521113872528,796.5996560907365,85,711.5996560907365
107.3125,1239.0,69.99,0.7425,140.5,42.15,42.15,0.0,0.355,-424.0,-43.3225,0.0,0.0,0.0,0.0,0.0,0.0,0.0,0.0,0.0,0.0,0.0,0.0,0.0,0.0,0.0,0.0,0.0,0.0,0.0,0.0,0.0,0.0,0.0,0.0,0.0,0.0,0.0,0.0,0.0,0.0,0.0,0.0,0.0,0.0,0.0,0.0,0.0,10,1070445,1,1,U,A,N,2594,9545.0,866.25,786.27,9529.0,2588,87.36,1058.78,287.56,1380,376,121,1143.0,319.0,96.0,U,NEW YORK CITY AREA,Y,N,149.9899902,1.0,1.0,WCMB,0.0,0.0,O,1.0,S,M,6.0,M,8.0,2.0,,A,0.0,U,U,U,U,U,Y,Y,317.0,180-365,0,0.08654233870967742,0.5937455979715454,0.00028629032258064516,0.0,17.453162417241867,1073.125,0.6274527134523599,0,0,0,0,0,0,0,0,0,1,0,1,0.70291585,144.8287893652916,45,99.82878936529161,407.33097648620605,65,342.33097648620605,796.5583415091038,85,711.5583415091038
278.58,2297.0,159.99,0.0,9.25,1.3875,1.3875,0.0,94.0775,-635.0,-109.61,60.66666667,0.0,27.33333333,0.0,65.33333333,0.0,447.3333333,0.0,722.0,0.0,335.0,0.0,1.666666667,5.0,4.07,444.0,1.333333333,557.9,0.0,902.3466667,87.0,112.16,96.66666667,173.3166667,529.6666667,0.0,964.8433333,0.0,304.3333333,0.0,495.4066667,0.0,88.0,447.3333333,335.0,0.0,9.333333333,32,1008522,1,1,U,D,N,36115,75453.0,10590.01,10396.47,75423.0,36096,335.37,2433.0,1164.39,2509,1009,315,2276.0,911.0,275.0,U,NEW YORK CITY AREA,N,N,129.9899902,4.0,4.0,WCMB,0.0,0.0,,,,U,,,,,,,0.0,Z,U,U,U,U,U,N,302.0,180-365,1,0.12122715404699738,0.008618547735884215,0.04093885987815492,53.333333344,14.267966954469221,8914.56,0.37379192113493004,0,0,1,1,1,1,1,1,1,1,1,0,0.2706934,144.78675415420534,45,99.78675415420534,407.2127294540405,65,342.2127294540405,796.3271478481294,85,711.3271478481294
154.1975,852.5,159.99,4.2075,0.0,0.0,0.0,0.0,0.0,553.5,-1.2375,0.0,0.0,0.0,0.0,0.0,0.0,0.0,0.0,0.0,0.0,0.0,0.0,0.0,0.0,0.0,0.0,0.0,0.0,0.0,0.0,0.0,0.0,0.0,0.0,0.0,0.0,0.0,0.0,0.0,0.0,0.0,0.0,0.0,0.0,0.0,0.0,0.0,17,1042464,1,1,Y,CA,N,6449,21772.0,3355.69,3241.02,21741.0,6429,202.56,1358.81,401.81,668,247,155,1108.0,348.0,166.0,C,SOUTHWEST AREA,Y,R,99.98999023,2.0,2.0,WCMB,0.0,0.0,O,0.0,S,S,1.0,M,8.0,,C,A,0.0,H,U,U,U,U,U,Y,337.0,180-365,1,0.18066490919742237,0.0,0.0,0.0,5.295359960245977,2621.3575,1.0,0,0,0,0,0,0,0,0,1,0,0,0,0.48889294,144.7412534916401,45,99.7412534916401,407.0847616589069,65,342.0847616589069,796.0768942040205,85,711.0768942040205
111.3075,649.75,36.2825,0.0,189.5,75.8,75.8,0.0,0.0,-649.75,-148.4675,0.333333333,0.0,5.333333333,0.0,40.66666667,0.0,127.0,0.0,53.33333333,0.0,80.66666667,0.0,0.0,0.0,0.0,16.0,0.333333333,164.6233333,0.0,195.4533333,4.666666667,4.343333333,3.333333333,6.583333333,68.0,0.0,205.2466667,0.0,66.0,0.0,154.83,0.0,5.666666667,127.0,80.66666667,0.0,2.666666667,9,1081999,5,3,U,AA,N,1439,4598.0,836.34,701.68,3937.0,1209,100.24,562.43,172.71,866,245,161,573.0,172.0,111.0,C,SOUTH FLORIDA AREA,Y,N,149.9899902,3.0,3.0,WCMB,0.0,0.0,O,5.0,M,U,1.0,M,2.0,1.0,A,,0.0,N,U,U,U,U,U,Y,3.0,<180,1,0.17104494813676527,2.0331254610071747,0.0,0.0,17.42774760276269,1001.7675,0.3296929233082042,0,0,0,0,0,0,0,0,0,0,1,1,0.6771345,144.71069417881967,45,99.71069417881967,406.9988306951523,65,341.9988306951523,795.9088179835081,85,710.9088179835081
107.285,1805.75,69.99,0.495,117.0,46.8,46.8,0.0,0.0,-41.75,-47.295,66.33333333,0.0,0.0,0.0,25.33333333,0.0,344.0,0.0,239.3333333,0.0,291.0,0.0,2.666666667,2.666666667,0.803333333,104.0,0.666666667,359.7466667,0.0,738.16,74.33333333,59.93,45.33333333,87.51,136.0,0.0,251.0666667,0.0,347.6666667,0.0,846.84,0.0,66.33333333,344.0,291.0,0.0,0.333333333,15,1066330,4,4,U,AA,N,6006,15971.0,1216.66,1156.68,15968.0,6003,82.62,1140.57,428.79,1820,506,123,1305.0,445.0,105.0,U,NEW YORK CITY AREA,N,N,129.9899902,2.0,2.0,WCMB,0.0,0.0,O,8.0,M,S,4.0,M,4.0,3.0,I,A,0.0,B,U,U,Y,U,U,Y,187.0,180-365,1,0.059380102393801024,0.6592477813776588,0.0,40.000000005,25.436681222707424,1609.2749999999999,0.23116499688869913,0,0,0,0,0,0,0,0,0,0,0,1,0.70222515,144.64939623832703,45,99.64939623832703,406.82643970966336,65,341.82643970966336,795.5716793107987,85,710.5716793107987
144.6275,1049.5,99.99,2.2275,144.75,28.95,28.95,0.0,13.01,-577.5,-43.6475,4.0,0.0,18.66666667,0.0,8.666666667,0.0,216.3333333,0.0,44.33333333,0.0,186.3333333,0.0,0.0,0.0,0.0,11.33333333,3.333333333,444.3166667,0.0,153.3233333,67.33333333,64.87666667,7.333333333,33.28333333,192.0,0.0,513.92,0.0,37.33333333,0.0,83.72333333,0.0,22.66666667,216.3333333,186.3333333,0.0,4.666666667,27,1018495,1,1,U,A,N,9466,29997.0,3650.3,3418.7,29992.0,9464,136.75,1199.68,378.56,1242,402,159,1440.0,423.0,161.0,S,CHICAGO AREA,Y,N,29.98999023,1.0,1.0,,0.0,0.0,O,8.0,S,M,2.0,M,6.0,,I,A,0.0,S,U,U,U,U,U,Y,802.0,730+,0,0.1376749167063303,0.2866620457471037,0.012384578772013327,0.0,10.392118031488266,3904.9425,0.7772048637832846,0,1,0,0,0,0,0,0,1,0,0,0,0.5206085,144.56507399892809,45,99.56507399892809,406.58926200151444,65,341.58926200151444,795.1079069941045,85,710.1079069941045
116.6075,666.75,41.29,3.2175,199.0,79.6,79.6,0.0,0.0,-666.75,-191.4175,7.0,0.0,1.0,0.0,59.66666667,0.0,225.6666667,0.0,142.6666667,0.0,162.3333333,0.0,3.0,5.333333333,3.66,58.66666667,0.0,273.91,0.0,308.92,38.0,31.34333333,29.33333333,48.71,197.0,0.0,349.4333333,0.0,97.33333333,0.0,233.3966667,0.0,8.0,225.6666667,162.3333333,0.0,4.0,17,1049968,2,2,U,BA,N,1638,4083.0,1376.79,1296.81,4054.0,1632,81.05,253.38,102.0,889,325,181,549.0,206.0,128.0,T,ATLANTIC SOUTH AREA,Y,R,29.98999023,2.0,2.0,WCMB,0.0,0.0,O,2.0,,U,2.0,M,6.0,2.0,A,,0.0,S,U,U,U,U,U,Y,346.0,180-365,1,0.17462748034444028,1.8822416646961455,0.0,51.0,15.766138567037125,1982.3275,0.17000321595111753,0,0,0,0,1,0,0,0,0,0,1,0,0.64457095,144.31067769622803,45,99.31067769622803,405.87378102064133,65,340.87378102064133,793.7087273292542,85,708.7087273292542
137.8775,1396.75,84.99,4.95,231.75,57.9375,57.9375,0.0,0.0,-350.75,-59.9175,8.333333333,0.0,3.666666667,0.0,92.33333333,0.0,344.3333333,0.0,84.66666667,0.0,242.6666667,0.0,0.333333333,2.666666667,2.373333333,54.0,0.0,551.9766667,0.0,157.5666667,34.33333333,59.87666667,10.66666667,16.89666667,211.0,0.0,463.7966667,0.0,113.6666667,0.0,245.7466667,0.0,12.0,344.3333333,242.6666667,0.0,7.333333333,36,1008158,1,1,U,A,N,14442,40448.0,5211.37,4973.44,39863.0,14169,155.42,1245.72,442.78,1514,489,158,1835.0,558.0,190.0,T,HOUSTON AREA,Y,N,79.98999023,6.0,2.0,WCMB,0.0,0.0,,,,U,,,,,,,0.0,N,U,U,U,U,U,N,371.0,365-730,1,0.09864246109819352,0.6737702058378882,0.0,11.999999988,16.24316781021049,4963.59,0.49823040049991607,0,0,1,1,1,1,1,1,1,1,1,1,0.54507744,144.29551185560226,45,99.29551185560226,405.8311517482996,65,340.8311517482996,793.6253152058125,85,708.6253152058125
107.75,732.75,50.0,5.94,165.25,49.665,49.275,0.39,0.32,-350.75,-48.79,5.333333333,0.0,3.333333333,0.0,25.33333333,0.0,130.0,0.333333333,64.0,0.0,99.33333333,0.333333333,1.333333333,4.666666667,3.853333333,21.66666667,0.0,357.5033333,1.056666667,217.03,32.33333333,100.6933333,18.0,105.11,92.33333333,0.333333333,327.1,1.056666667,63.66666667,0.0,247.4366667,0.0,8.666666667,130.3333333,99.66666667,0.0,3.666666667,22,1021421,1,1,U,BA,N,3986,11980.0,1625.36,1553.69,11855.0,3934,77.68,592.75,196.7,850,227,124,624.0,175.0,89.0,,NEW ENGLAND AREA,Y,N,79.98999023,2.0,2.0,WCMB,0.0,0.0,,3.0,M,B,1.0,M,1.0,,B,J,0.0,U,U,U,U,U,U,Y,494.0,365-730,1,0.14684838160136285,0.9738235294117646,0.0004361158432708688,29.333333325999998,14.367647058823529,2370.5,0.30237452942305976,1,0,1,0,0,0,0,0,1,0,0,1,0.6973445,144.26661820411684,45,99.26661820411684,405.74989581108093,65,340.74989581108093,793.4664001226425,85,708.4664001226425
120.8325,1153.25,75.0,0.0,180.0,45.0,45.0,0.0,0.0,-437.25,-45.8325,24.33333333,0.0,1.0,0.0,24.66666667,0.0,298.6666667,0.0,65.66666667,0.0,255.3333333,0.0,0.333333333,0.666666667,0.426666667,26.66666667,0.0,681.48,0.0,140.3466667,40.66666667,50.36333333,9.666666667,36.19,212.0,0.0,536.9466667,0.0,99.66666667,0.0,284.88,0.0,25.33333333,298.6666667,255.3333333,0.0,0.666666667,31,1007110,1,1,N,A,N,7435,24453.0,2520.81,2433.21,24068.0,7279,83.9,829.93,251.0,1299,400,136,1236.0,367.0,121.0,S,NEW YORK CITY AREA,N,N,59.98999023,1.0,1.0,WC,0.0,0.0,O,1.0,,S,2.0,M,9.0,2.0,C,,0.0,J,Y,U,U,U,U,Y,936.0,730+,0,0.10468486029889539,0.5921052631578947,0.0,10.333333323,15.174342105263158,3745.8075,0.5193621868780672,0,0,0,0,1,0,0,0,0,0,1,1,0.6216952,144.23229643678664,45,99.23229643678664,405.6533265262842,65,340.6533265262842,793.2776304023266,85,708.2776304023266
217.6375,1994.75,84.99,5.445,363.25,93.2625,86.4375,6.825,1.385,24.25,21.9025,23.0,0.0,3.0,0.0,84.33333333,0.0,389.3333333,0.666666667,131.0,0.0,288.0,0.666666667,0.0,0.0,0.0,49.33333333,0.0,800.4866667,0.723333333,525.9,96.0,136.5333333,5.333333333,17.53,295.0,0.333333333,1070.65,0.256666667,94.0,0.333333333,255.7366667,0.466666667,26.0,390.0,288.6666667,0.0,9.666666667,50,1000801,2,2,U,AA,N,18678,71227.53667,5453.68,5442.73,70431.54,18456,143.23,1853.46,485.68,1987,482,210,2315.0,587.0,287.0,U,GREAT LAKES AREA,Y,N,129.9899902,9.0,5.0,WCMB,0.0,0.0,O,11.0,S,M,3.0,M,8.0,2.0,C,A,1.0,U,U,U,U,U,U,Y,660.0,365-730,1,0.10905048227483402,1.0845737876497268,0.0006939746962294877,0.0,23.197464821490872,10881.875,0.479714369395127,0,0,0,0,0,0,0,0,0,0,0,0,0.3451384,144.2209168601036,45,99.22091686010361,405.6213156968355,65,340.6213156968355,793.2150427305698,85,708.2150427305698
134.3925,655.5,83.96,0.495,16.75,6.7,6.7,0.0,6.08,80.5,-47.5725,9.666666667,0.0,3.666666667,0.0,26.0,0.0,194.6666667,0.0,101.3333333,0.0,160.6666667,0.0,1.0,1.333333333,0.656666667,42.0,0.0,232.94,0.0,206.43,37.33333333,28.19,0.333333333,0.083333333,174.6666667,0.0,340.23,0.0,81.66666667,0.0,99.13333333,0.0,13.33333333,194.6666667,160.6666667,0.0,2.0,25,1028148,3,2,U,AA,N,6737,18004.0,2763.37,2719.46,17997.0,6735,113.31,749.88,280.63,629,246,150,758.0,282.0,141.0,T,CHICAGO AREA,Y,N,129.9899902,1.0,1.0,WCMB,0.0,0.0,O,0.0,S,S,1.0,M,9.0,,B,A,0.0,J,U,U,U,Y,U,Y,751.0,730+,0,0.20471058644325973,0.07886064030131827,0.009261233815689262,25.0,7.71539548022599,3359.8125000000005,0.4810327256256369,0,0,0,0,0,0,0,0,1,0,0,0,0.55874985,144.17623134613038,45,99.17623134613038,405.4956827026606,65,340.4956827026606,792.9692724037171,85,707.9692724037171
96.965,1605.5,59.99,0.0,143.25,42.975,42.975,0.0,0.0,-449.5,-42.975,9.0,0.0,18.33333333,0.0,113.6666667,0.0,547.0,0.0,533.3333333,0.0,409.0,0.0,0.0,0.0,0.0,392.3333333,0.333333333,271.06,0.0,475.5066667,71.0,51.84666667,72.66666667,54.59,373.3333333,0.0,282.9866667,0.0,566.0,0.0,463.5833333,0.0,27.33333333,547.0,409.0,0.0,28.33333333,11,1080478,2,2,U,AA,N,7559,12200.0,813.38,696.38,11462.0,7117,77.38,1273.56,790.78,1755,1128,111,1435.0,893.0,84.0,C,HOUSTON AREA,N,N,129.9899902,2.0,1.0,WCMB,1.0,1.0,O,11.0,S,M,5.0,M,5.0,1.0,,A,0.0,H,U,U,U,Y,U,Y,260.0,180-365,1,0.06035792094615624,0.7046237088047221,0.0,0.0,26.32398753894081,1066.615,0.5866397345260423,0,0,0,0,0,0,0,0,0,1,0,1,0.7744068,144.17348056983948,45,99.17348056983948,405.4879487800598,65,340.4879487800598,792.9541431341172,85,707.9541431341172
136.085,701.5,60.47,4.95,133.0,52.975,44.2,8.775,0.195,337.5,12.925,4.666666667,0.0,5.0,0.0,11.0,0.0,66.33333333,1.333333333,35.0,0.0,48.0,1.333333333,0.0,0.0,0.0,12.66666667,0.0,130.36,12.91333333,82.75,8.333333333,8.113333333,3.333333333,4.456666667,62.33333333,0.666666667,161.75,10.16,18.33333333,0.666666667,51.36,2.753333333,9.666666667,67.66666667,49.33333333,0.0,0.0,16,1045470,1,1,U,E4,Y,669,2192.0,634.37,551.14,2128.0,655,50.1,193.45,59.55,216,56,92,188.0,65.0,68.0,U,MIDWEST AREA,Y,N,149.9899902,2.0,2.0,WCMB,0.0,0.0,,,,U,,,,,,,0.0,U,U,U,U,U,U,N,49.0,<180,1,0.19371530249110322,0.861802505287132,0.00027758007117437725,0.0,11.412070928908411,2177.36,0.5371138975053519,0,0,1,1,1,1,1,1,1,1,1,1,0.55175245,144.16364524269105,45,99.16364524269105,405.46023602247243,65,340.46023602247243,792.9000488348008,85,707.9000488348008
138.15,2681.5,90.2325,0.7425,125.25,45.0625,45.0625,0.0,8.1125,-87.5,-29.2,78.33333333,0.0,10.33333333,0.0,120.6666667,0.333333333,523.0,0.333333333,69.66666667,0.0,322.0,0.0,5.333333333,12.66666667,9.466666667,34.33333333,0.666666667,1414.36,0.0,191.44,59.0,151.67,23.66666667,109.4533333,89.0,0.0,263.0166667,0.0,281.3333333,0.0,1342.786667,0.0,88.66666667,523.3333333,322.0,0.0,0.666666667,6,1092648,1,1,U,AA,N,2147,11488.0,672.12,586.24,11319.0,2123,117.25,2263.8,424.6,2711,459,148,,,,,ATLANTIC SOUTH AREA,Y,N,149.9899902,1.0,1.0,WCMB,0.0,0.0,,,,U,,,,,,,0.0,U,U,U,U,U,U,N,189.0,180-365,0,0.05150046598322461,0.49393034280546955,0.003024231127679404,31.999999998,29.391938179924917,828.9000000000001,0.14647156569385344,1,0,1,1,1,1,1,1,1,1,1,1,0.54349536,144.16105909824373,45,99.16105909824373,405.4529828310013,65,340.4529828310013,792.8858250403405,85,707.8858250403405
106.065,598.5,50.0,0.0,174.5,52.35,52.35,0.0,0.0,-294.5,-52.815,0.333333333,0.0,1.0,0.0,2.333333333,0.0,26.33333333,0.0,8.333333333,0.0,22.66666667,0.0,0.0,0.0,0.0,5.666666667,0.0,24.48333333,0.0,7.546666667,3.0,1.2,0.0,0.0,12.66666667,0.0,14.11,0.0,14.66666667,0.0,17.92,0.0,1.333333333,26.33333333,22.66666667,0.0,0.0,15,1043196,1,1,U,ZA,N,1678,5950.0,1027.4,946.63,5871.0,1670,67.62,419.36,119.29,697,190,124,474.0,137.0,87.0,T,CHICAGO AREA,N,N,29.98999023,1.0,1.0,,1.0,0.0,O,6.0,M,U,2.0,M,3.0,1.0,G,B,0.0,N,U,U,U,U,U,Y,456.0,365-730,0,0.17692243536280233,1.0264705882352942,0.0,0.0,11.735294117647058,1590.975,0.49346879535558785,0,1,0,0,0,0,0,0,0,0,0,0,0.70711344,143.99997604465486,45,98.99997604465486,404.9999515914917,65,339.9999515914917,791.9998682456016,85,706.9998682456016
115.005,739.75,44.99,2.97,118.5,41.485,41.3875,0.0975,35.18,210.25,35.815,16.0,0.0,0.333333333,0.0,23.66666667,0.0,131.0,0.333333333,63.66666667,0.0,95.66666667,0.333333333,0.0,0.0,0.0,13.66666667,0.0,218.3333333,0.01,224.02,18.66666667,18.65,2.333333333,6.643333333,64.0,0.0,245.3733333,0.0,84.33333333,0.333333333,196.9866667,0.01,16.33333333,131.3333333,96.0,0.0,2.0,22,1021117,1,1,Y,BA,N,3775,11068.0,1755.0,1679.49,11029.0,3762,79.98,525.19,179.14,670,199,103,567.0,155.0,78.0,,NORTHWEST/ROCKY MOUNTAIN AREA,Y,N,79.98999023,2.0,2.0,WCMB,0.0,0.0,,,,U,,,,,,,0.0,N,U,U,U,U,U,N,234.0,180-365,1,0.15525480931488356,0.9020439225918677,0.04749240634492069,0.0,16.085018482278755,2530.1099999999997,0.5257502143469563,1,0,1,1,1,1,1,1,1,1,1,1,0.6521258,143.99563170719145,45,98.99563170719145,404.9877347409725,65,339.9877347409725,791.975974389553,85,706.975974389553
184.8466667,1540.666667,118.3233333,13.86,159.0,40.45,38.5,1.95,0.0,-348.6666667,71.25333333,18.33333333,0.666666667,2.666666667,0.0,84.66666667,0.0,491.0,13.66666667,225.6666667,0.0,391.0,13.0,3.0,9.0,7.33,167.0,0.0,759.57,32.0,252.2033333,133.6666667,184.14,29.0,49.06,364.3333333,6.0,764.3233333,12.72666667,137.0,7.0,247.45,19.27333333,21.66666667,504.6666667,404.0,0.0,0.0,33,1098593,3,2,U,EA,N,8709,24851.0,2552.1,2497.6,24370.0,8469,178.4,1740.71,604.93,1527,529,146,1719.0,598.0,155.0,C,LOS ANGELES AREA,Y,N,499.9899902,11.0,10.0,WCMB,0.0,0.0,,,,U,,,,,,,0.0,N,U,U,U,U,U,N,94.0,<180,1,0.11990054053623772,0.33899488793446236,0.0,99.0,12.911696517281252,6099.9400011,0.23046812126483987,0,0,1,1,1,1,1,1,1,1,1,1,0.4053293,143.85362679341748,45,98.85362679341748,404.58834739192645,65,339.58834739192645,791.1949473637961,85,706.1949473637961
116.1425,707.75,47.81,0.7425,224.5,67.35,67.35,0.0,0.0,546.25,119.8275,11.33333333,0.0,2.666666667,0.0,71.33333333,0.0,224.0,0.0,44.0,0.0,139.3333333,0.0,1.0,12.0,11.72333333,21.0,1.0,367.0766667,0.0,113.48,8.333333333,3.54,2.0,2.55,98.33333333,0.0,261.17,0.0,76.66666667,0.0,219.38,0.0,14.0,224.0,139.3333333,0.0,2.666666667,18,1034645,2,1,U,EA,N,1425,4867.0,999.91,945.07,4861.0,1419,55.59,285.94,83.47,526,159,76,408.0,123.0,64.0,S,LOS ANGELES AREA,N,R,9.989997864,1.0,1.0,,0.0,0.0,O,5.0,S,U,3.0,M,5.0,2.0,I,A,0.0,H,U,U,U,U,U,Y,547.0,365-730,0,0.1638694885361552,1.3798401966810079,0.0,18.0,14.500102438024994,2090.565,0.29587197672304055,0,1,0,0,0,0,0,0,0,0,0,0,0.64488953,143.80624754285813,45,98.80624754285813,404.4550781369209,65,339.4550781369209,790.9343614857197,85,705.9343614857197
91.9475,134.75,54.99,0.2475,0.0,0.0,0.0,0.0,0.0,-134.75,-37.9575,7.666666667,0.0,2.333333333,0.0,31.0,0.0,115.0,0.0,15.33333333,0.0,74.66666667,0.0,0.333333333,0.333333333,0.316666667,12.0,0.666666667,72.79666667,0.0,9.936666667,3.666666667,2.786666667,0.333333333,0.09,34.66666667,0.0,34.45333333,0.0,51.66666667,0.0,48.28,0.0,10.0,115.0,74.66666667,0.0,0.0,12,1064752,2,2,U,BA,N,1554,3614.0,1196.04,1102.06,3598.0,1547,100.19,327.09,140.64,180,100,105,219.0,103.0,80.0,U,NEW YORK CITY AREA,Y,N,199.9899902,1.0,1.0,WCMB,0.0,0.0,O,,,S,1.0,M,8.0,1.0,,,0.0,U,U,U,U,U,U,Y,355.0,180-365,0,0.677329650092081,0.0,0.0,3.999999996,2.4066797642436146,1103.3700000000001,0.7500000001874999,0,0,0,1,1,0,0,0,0,1,1,1,0.81458336,143.80590192556383,45,98.80590192556383,404.45409368515016,65,339.45409368515016,790.9324605906012,85,705.9324605906012
150.7925,2045.25,84.99,1.98,180.5,45.125,45.125,0.0,28.6975,-252.25,18.6475,24.66666667,0.0,1.333333333,0.0,44.0,0.0,372.6666667,0.0,218.3333333,0.0,311.0,0.0,3.0,4.0,2.58,106.3333333,0.0,930.57,0.0,535.9066667,48.0,56.21666667,3.0,10.03666667,320.6666667,0.0,914.4733333,0.0,150.0,0.0,552.0033333,0.0,26.0,372.6666667,311.0,0.0,5.333333333,44,1002097,1,1,Y,A,N,8784,28408.0,3432.16,3393.12,28361.0,8755,80.79,675.26,208.45,2129,542,145,2111.0,554.0,168.0,U,NEW ENGLAND AREA,Y,N,79.98999023,2.0,2.0,WCMB,0.0,0.0,O,,,S,1.0,M,7.0,1.0,C,,0.0,J,U,U,U,U,U,Y,680.0,365-730,1,0.07369211973121563,0.5247703221304804,0.014024434941967014,132.0,23.78474241190836,6634.87,0.22100569284346605,0,0,0,1,1,0,0,0,0,0,1,1,0.4963977,143.7178603415489,45,98.71786034154891,404.2064911985397,65,339.2064911985397,790.4482318785191,85,705.4482318785191
87.3275,356.0,44.99,0.7425,118.0,47.1975,47.1,0.0975,4.3975,-287.0,-48.4975,12.33333333,0.0,1.0,0.0,26.66666667,0.0,214.0,0.333333333,66.0,0.0,176.6666667,0.333333333,0.0,0.0,0.0,34.0,0.666666667,420.8033333,0.016666667,99.35666667,30.33333333,24.15666667,0.666666667,0.853333333,174.0,0.333333333,347.37,0.016666667,53.0,0.0,172.79,0.0,13.33333333,214.3333333,177.0,0.0,0.0,12,1087930,1,1,U,AA,N,915,2434.0,814.17,623.66,2434.0,915,56.7,221.27,83.18,452,158,104,269.0,94.0,72.0,R,CALIFORNIA NORTH AREA,Y,N,129.9899902,1.0,1.0,WCMB,0.0,0.0,O,2.0,S,M,4.0,M,7.0,2.0,I,A,0.0,G,U,U,U,U,U,Y,344.0,180-365,0,0.24461484593837535,1.026255707762557,0.012317927170868347,0.0,7.740813220265275,1047.93,0.4935211267605634,0,0,0,0,0,0,0,0,0,0,0,1,0.857141,143.71580590438845,45,98.71580590438845,404.2007041060925,65,339.2007041060925,790.4369324741365,85,705.4369324741365
132.4075,659.0,35.08,0.0,288.0,100.9375,100.9375,0.0,0.0,-270.0,-82.0175,9.333333333,0.0,6.333333333,0.0,19.66666667,0.0,216.6666667,0.0,86.66666667,0.0,183.6666667,0.0,1.333333333,4.333333333,3.426666667,45.66666667,0.0,269.15,0.0,164.27,82.0,96.54,36.66666667,61.92666667,171.0,0.0,267.04,0.0,97.0,0.0,166.3833333,0.0,15.66666667,216.6666667,183.6666667,0.0,6.666666667,18,1033455,3,2,N,AA,N,3740,6773.0,1036.47,997.76,6746.0,3728,58.69,396.82,219.29,749,390,160,642.0,362.0,95.0,,NORTH FLORIDA AREA,Y,N,59.98999023,1.0,1.0,WCMB,0.0,0.0,O,15.0,S,U,2.0,M,4.0,,C,A,0.0,S,U,U,U,U,U,Y,559.0,365-730,0,0.20061742424242424,2.7976025498891355,0.0,23.999999994,18.264966740576497,2383.335,0.19489621831659265,1,0,0,0,0,0,0,0,1,0,0,0,0.565315,143.71573308038714,45,98.71573308038714,404.20053874909877,65,339.20053874909877,790.4365319421292,85,705.4365319421292
88.1575,262.5,69.99,0.2475,48.0,19.2,19.2,0.0,4.72,115.5,25.0825,6.333333333,0.0,0.333333333,0.0,9.666666667,0.0,59.0,0.0,52.33333333,0.0,46.66666667,0.0,0.0,0.0,0.0,27.0,0.0,73.18666667,0.0,76.74666667,10.66666667,15.72666667,7.333333333,9.626666667,46.33333333,0.0,71.03666667,0.0,45.0,0.0,78.89333333,0.0,6.666666667,59.0,46.66666667,0.0,1.666666667,12,1073513,4,2,Y,BA,N,1728,6546.0,1328.61,1122.04,6473.0,1699,112.2,647.3,169.9,224,98,80,487.0,140.0,97.0,T,NORTHWEST/ROCKY MOUNTAIN AREA,Y,R,39.98999023,2.0,2.0,WCMB,0.0,0.0,,,,U,,,,,,,0.0,N,U,U,U,U,U,N,319.0,180-365,1,0.3345635673624288,0.27046062825750106,0.017912713472485766,0.0,3.6977039019580227,1057.8899999999999,0.7871160882581217,0,0,1,1,1,1,1,1,1,1,1,1,0.8490679,143.71528171253203,45,98.71528171253203,404.1992403256893,65,339.1992403256893,790.4340494189263,85,705.4340494189263
297.91,1122.75,59.99,0.0,512.5,205.0,205.0,0.0,33.71,67.25,11.5,14.66666667,0.0,22.66666667,0.0,46.33333333,0.0,321.3333333,0.0,107.6666667,0.0,239.3333333,0.0,0.0,0.0,0.0,37.33333333,0.0,652.7133333,0.0,315.2866667,35.0,26.72666667,5.333333333,38.76333333,287.0,0.0,852.9966667,0.0,58.33333333,0.0,115.0033333,0.0,37.33333333,321.3333333,239.3333333,0.0,16.0,38,1002558,1,1,U,A,N,11113,27999.0,4590.22,4462.32,27418.0,10869,127.49,783.37,310.54,1100,312,294,558.0,161.0,173.0,S,OHIO AREA,Y,N,199.9899902,3.0,3.0,WCMB,0.0,0.0,O,1.0,M,U,2.0,M,9.0,,I,B,0.0,G,U,U,U,U,U,Y,111.0,<180,1,0.2651034482758621,3.3612067552057714,0.029997775305895442,0.0,18.40875553369405,11320.580000000002,0.2292943343734727,0,0,0,0,0,0,0,0,1,0,0,0,0.25122824,143.69935070323945,45,98.69935070323945,404.1544149744511,65,339.1544149744511,790.346428867817,85,705.346428867817
123.5975,530.0,69.99,3.465,205.25,61.575,61.575,0.0,0.0,-229.0,-41.6175,16.33333333,0.0,1.0,0.0,41.66666667,0.0,233.0,0.0,73.66666667,0.0,177.6666667,0.0,0.666666667,4.0,3.826666667,38.0,0.0,270.5233333,0.0,117.3533333,36.0,30.28333333,13.33333333,28.88,167.0,0.0,265.4433333,0.0,72.33333333,0.0,122.4333333,0.0,17.33333333,233.0,177.6666667,0.0,1.0,22,1020693,2,2,Y,I,N,4843,11090.0,2111.62,1867.11,11067.0,4835,88.91,527.0,230.24,606,265,138,551.0,230.0,117.0,C,DC/MARYLAND/VIRGINIA AREA,Y,N,59.98999023,2.0,1.0,WCMB,0.0,0.0,O,6.0,S,M,3.0,M,6.0,1.0,C,A,0.0,J,U,Y,U,U,U,Y,660.0,365-730,1,0.23276365348399247,0.867375686716439,0.0,14.666666674,7.465840259191436,2719.145,0.39462639546390976,0,0,0,0,0,0,0,0,0,0,0,1,0.60526985,143.63489789676666,45,98.63489789676666,403.9731650686264,65,338.9731650686264,789.9919384322167,85,704.9919384322167
232.8625,1225.75,67.4075,0.495,426.5,163.1475,163.05,0.0975,1.8125,-357.75,-155.8925,14.0,0.0,7.0,0.0,52.33333333,0.0,364.3333333,0.666666667,82.0,0.0,295.6666667,0.666666667,0.333333333,0.333333333,0.166666667,40.33333333,1.0,853.1733333,0.013333333,312.4666667,44.66666667,82.10666667,15.0,61.08333333,316.3333333,0.0,1051.39,0.0,49.33333333,0.666666667,114.25,0.013333333,21.0,365.0,296.3333333,0.0,2.333333333,8,1095885,2,2,U,BA,N,2236,7889.0,1540.56,1444.5,7884.0,2234,206.36,1126.29,319.14,1345,357,285,1140.0,312.0,222.0,S,CENTRAL/SOUTH TEXAS AREA,Y,N,199.9899902,1.0,1.0,WCMB,1.0,0.0,O,4.0,S,M,2.0,M,7.0,1.0,C,A,1.0,B,U,U,Y,Y,U,Y,234.0,180-365,0,0.18982066435704098,2.384935862295801,0.001477481149378439,2.666666664,17.91835690531009,1862.9,0.26894233512333054,0,0,0,0,0,0,0,0,0,0,0,0,0.32115725,143.5881115448475,45,98.5881115448475,403.8415845394135,65,338.8415845394135,789.7346134966613,85,704.7346134966613
81.9825,253.0,84.99,0.7425,0.0,0.0,0.0,0.0,0.0,-253.0,-6.9925,2.333333333,0.0,0.0,0.0,6.666666667,0.0,55.0,0.0,55.0,0.0,47.33333333,0.0,1.0,1.666666667,1.04,26.33333333,0.0,82.62666667,0.0,115.99,11.33333333,12.09333333,0.666666667,1.066666667,59.0,0.0,116.4766667,0.0,34.66666667,0.0,82.13666667,0.0,2.333333333,55.0,47.33333333,0.0,0.666666667,13,1058528,3,2,U,ZA,N,3234,11264.0,1554.13,1462.89,11199.0,3216,121.91,933.25,268.0,337,117,84,616.0,193.0,83.0,C,CALIFORNIA NORTH AREA,Y,R,99.98999023,2.0,2.0,WCMB,0.0,0.0,,,,U,,,,,,,0.0,B,U,U,U,U,U,N,309.0,180-365,1,0.32276574803149605,0.0,0.0,13.0,2.9422025816955464,1065.7725,0.5,0,0,1,1,1,1,1,1,1,1,1,1,0.9120553,143.56333725786212,45,98.56333725786212,403.77192024350165,65,338.77192024350165,789.5983549182416,85,704.5983549182416
165.9125,1110.25,50.115,0.0,168.75,62.425,62.425,0.0,50.1225,-1082.25,-111.2925,27.0,0.0,28.33333333,0.0,96.66666667,0.0,501.6666667,0.0,74.0,0.0,351.3333333,0.0,16.66666667,58.0,48.68333333,44.0,0.666666667,946.1533333,0.0,108.7733333,69.33333333,54.95333333,20.66666667,32.43,213.0,0.0,537.7933333,0.0,201.3333333,0.0,517.1266667,0.0,55.33333333,501.6666667,351.3333333,0.0,6.0,17,1058968,1,1,Y,CA,Y,4561,13540.0,2038.05,1972.71,13460.0,4529,123.29,841.25,283.06,1471,438,203,1130.0,357.0,162.0,,SOUTHWEST AREA,Y,N,59.98999023,2.0,1.0,WCMB,0.0,0.0,O,3.0,M,U,2.0,M,2.0,1.0,H,B,0.0,H,U,U,U,U,U,N,238.0,180-365,1,0.1493025871766029,1.2212657732563825,0.04510461192350956,283.33333339,21.72062995206886,2820.5125,0.05294385730170445,1,0,0,0,0,0,0,0,0,0,0,1,0.450586,143.5350654864311,45,98.53506548643111,403.6924211263657,65,338.6924211263657,789.4428601753712,85,704.4428601753712
148.88,1140.5,58.9425,5.1975,143.0,57.2,57.2,0.0,34.79,-625.5,-80.5,13.0,0.0,21.33333333,0.0,239.3333333,0.0,577.0,0.0,22.33333333,0.0,303.6666667,0.0,33.0,106.3333333,88.65,4.666666667,0.0,1158.423333,0.0,108.6466667,23.33333333,34.71,0.0,0.0,180.3333333,0.0,676.5033333,0.0,145.3333333,0.0,590.5733333,0.0,34.33333333,577.0,303.6666667,0.333333333,0.0,8,1096400,1,1,U,CA,Y,1375,6500.0,857.24,772.26,6468.0,1361,128.71,1078.0,226.83,1349,259,176,1078.0,227.0,129.0,C,OHIO AREA,Y,N,149.9899902,1.0,1.0,WCMB,0.0,0.0,O,8.0,M,S,1.0,M,2.0,3.0,C,B,0.0,D,U,U,U,U,U,Y,214.0,180-365,0,0.13042487954445905,0.9542478208282937,0.030477441962330265,264.0,19.026567126829878,1191.04,0.028608826175459196,0,0,0,0,0,0,0,0,0,0,0,0,0.5020761,143.51825215911865,45,98.51825215911865,403.64508863449095,65,338.64508863449095,789.3503868751526,85,704.3503868751526
115.445,595.0,29.99,0.7425,187.75,84.4875,84.4875,0.0,0.0,26.0,4.035,7.0,0.0,0.0,0.0,3.333333333,0.0,152.0,0.0,39.33333333,0.0,144.0,0.0,0.333333333,1.0,0.973333333,17.33333333,0.0,309.98,0.0,107.3333333,30.0,32.32333333,0.0,0.0,123.3333333,0.0,298.9433333,0.0,51.33333333,0.0,118.3733333,0.0,7.0,152.0,144.0,0.0,1.666666667,20,1033607,1,1,U,AA,N,3449,9188.0,1285.01,1254.05,9161.0,3442,66.0,482.16,181.16,586,207,114,483.0,181.0,82.0,U,NEW YORK CITY AREA,Y,N,149.9899902,2.0,2.0,WCMB,0.0,0.0,O,15.0,S,S,3.0,M,5.0,2.0,I,A,0.0,H,U,U,U,U,U,Y,372.0,365-730,1,0.19369966442953018,2.7262826718296225,0.0,6.666666660000001,19.19974185221039,2308.8999999999996,0.24632871651169105,0,0,0,0,0,0,0,0,0,0,0,1,0.6474315,143.50604348278046,45,98.50604348278046,403.61075417637824,65,338.61075417637824,789.2832391552926,85,704.2832391552926
157.76,1328.5,79.1575,3.96,343.25,102.975,102.975,0.0,0.585,-128.5,-2.75,23.0,0.0,0.666666667,0.0,25.66666667,0.0,382.6666667,0.0,127.6666667,0.0,339.3333333,0.0,0.0,0.0,0.0,67.0,0.333333333,622.1766667,0.0,280.1433333,66.33333333,79.35,3.0,5.25,334.0,0.0,685.6266667,0.0,97.66666667,0.0,216.6933333,0.0,23.66666667,382.6666667,339.3333333,0.0,0.0,49,1000142,3,3,N,A,N,11950,27570.02,3971.38,3696.36,27238.02,11776,99.9,736.16,318.27,1371,474,159,1295.0,455.0,148.0,U,NEW YORK CITY AREA,Y,N,79.98999023,3.0,2.0,WCMB,0.0,0.0,,,,U,,,,,,,0.0,H,U,U,U,U,U,N,616.0,365-730,1,0.11866115080857464,1.2846583289149487,0.0004400150432493418,0.0,16.573620684277827,7730.24,0.4377022101483898,0,0,1,1,1,1,1,1,1,1,1,0,0.4736247,143.46054763793947,45,98.46054763793947,403.4828043365478,65,338.4828043365478,789.033012008667,85,704.033012008667
173.51,2485.75,94.99,1.98,175.5,43.875,43.875,0.0,0.0,503.25,-7.78,4.333333333,0.0,0.0,0.0,5.0,0.0,66.66666667,0.0,41.33333333,0.0,59.33333333,0.0,0.0,0.0,0.0,25.33333333,0.333333333,49.60333333,0.0,49.92333333,19.66666667,10.45,14.33333333,16.60666667,52.66666667,0.0,58.26,0.0,45.0,0.0,41.26666667,0.0,4.333333333,66.66666667,59.33333333,0.0,1.0,7,1092375,3,2,U,EA,N,4667,7672.0,696.71,528.31,6954.0,4249,176.1,2318.0,1416.33,2318,1416,176,,,,U,NEW YORK CITY AREA,N,N,399.9899902,3.0,2.0,WCMB,0.0,0.0,R,5.0,M,S,2.0,M,1.0,,,B,0.0,D,U,U,U,U,U,Y,7.0,<180,1,0.06977380114607419,0.4570788623814981,0.0,0.0,25.895926659026983,1214.57,0.6863046509133808,0,0,0,0,0,0,0,0,1,1,0,1,0.4303783,143.37587195301055,45,98.37587195301055,403.24466572284695,65,338.24466572284695,788.567295741558,85,703.567295741558
120.68,710.75,76.99,2.2275,3.25,1.2675,0.0,1.2675,0.0,-288.75,-16.44,1.333333333,0.0,17.33333333,0.0,34.0,0.0,161.0,5.666666667,25.0,0.0,108.3333333,5.666666667,0.666666667,18.0,17.73666667,11.66666667,0.333333333,181.4166667,19.99,70.12666667,40.0,35.0,8.333333333,8.976666667,63.33333333,2.333333333,95.64333333,7.16,70.0,3.333333333,155.9,12.83,18.66666667,166.6666667,114.0,0.0,0.333333333,23,1017338,2,2,Y,A,N,11326,25704.0,2872.98,2821.31,25668.0,11299,128.24,1166.73,513.59,807,328,126,679.0,313.0,106.0,U,NEW YORK CITY AREA,Y,N,79.98999023,2.0,1.0,WCMB,0.0,0.0,,,,U,,,,,,,0.0,H,U,U,U,U,U,N,671.0,365-730,1,0.16955391640323147,0.0162520836004616,0.0,15.333333341,9.113347865110912,2775.6400000000003,0.5942057509569029,0,0,1,1,1,1,1,1,1,1,1,1,0.61871445,143.359612487793,45,98.35961248779299,403.1989101219177,65,338.1989101219177,788.4778686828614,85,703.4778686828614
145.8975,2245.0,78.9425,9.1575,169.5,67.7975,67.7,0.0975,0.0,-885.0,-69.9175,105.3333333,0.0,13.66666667,0.0,172.3333333,0.0,857.6666667,0.333333333,315.6666667,0.0,587.3333333,0.333333333,24.33333333,45.66666667,31.52666667,201.6666667,0.666666667,869.52,0.15,370.21,276.3333333,350.8166667,92.66666667,201.8633333,367.0,0.0,470.8066667,0.0,395.0,0.333333333,768.9233333,0.15,119.0,858.0,587.6666667,0.0,27.0,12,1075635,2,2,U,CA,N,10427,24907.0,1267.61,1211.64,24684.0,10350,121.16,2468.4,1035.0,2540,1058,169,2439.0,1063.0,127.0,S,LOS ANGELES AREA,Y,N,149.9899902,1.0,1.0,WCMB,0.0,0.0,O,1.0,M,U,3.0,M,6.0,2.0,G,J,0.0,U,U,U,U,U,U,Y,335.0,180-365,0,0.06495881567230632,0.8480783062826407,0.0,291.99999995999997,28.082684429433655,1750.77,0.03819503752861756,0,0,0,0,0,0,0,0,0,0,0,1,0.5117098,143.34180038452152,45,98.34180038452152,403.1488135814667,65,338.1488135814667,788.3799021148683,85,703.3799021148683
121.94,587.25,30.2475,3.96,228.5,91.4,91.4,0.0,0.0,1508.75,279.23,4.0,0.0,3.333333333,0.0,28.0,0.0,133.6666667,0.0,45.0,0.0,99.66666667,0.0,1.0,13.0,12.74,9.333333333,0.333333333,350.4133333,0.0,211.12,15.33333333,15.47,1.0,5.11,94.0,0.0,349.2733333,0.0,49.33333333,0.0,212.26,0.0,7.333333333,133.6666667,99.66666667,0.0,3.666666667,34,1009013,1,1,N,E,N,7194,18211.0,2638.7,2584.17,18090.0,7143,83.36,583.55,230.42,84,15,29,110.0,29.0,49.0,C,ATLANTIC SOUTH AREA,Y,N,199.9899902,3.0,3.0,WCMB,0.0,0.0,O,1.0,S,S,4.0,M,3.0,2.0,,A,0.0,N,U,U,U,Y,U,Y,334.0,180-365,1,0.207292817679558,2.925034002720218,0.0,34.0,18.793503480278424,4145.96,0.20304428344000777,0,0,0,0,0,0,0,0,0,1,0,0,0.6120192,143.2888730583191,45,98.2888730583191,402.99996274471283,65,337.99996274471283,788.0888018207551,85,703.0888018207551
196.8525,1714.75,125.3125,3.2175,179.0,44.65,44.65,0.0,23.6725,191.25,33.7675,14.0,0.0,2.0,0.0,45.0,0.0,288.0,0.0,43.0,0.0,228.3333333,0.0,1.0,6.0,5.23,10.33333333,0.0,998.6466667,0.0,260.9233333,38.33333333,52.34333333,0.0,0.0,201.6666667,0.0,917.7266667,0.0,67.66666667,0.0,341.8433333,0.0,16.0,288.0,228.3333333,0.0,7.666666667,33,1009846,1,1,U,B,N,9651,43505.0,6697.2,6517.42,43044.0,9542,210.24,1388.52,307.81,1651,326,186,1551.0,311.0,195.0,S,ATLANTIC SOUTH AREA,Y,N,29.98999023,2.0,2.0,,0.0,0.0,O,,,U,1.0,M,9.0,,C,,0.0,N,U,U,U,U,U,Y,819.0,730+,1,0.1147326242168148,0.35348837209302325,0.013797173247850793,33.0,13.575457694210787,6496.1325,0.42490118577075103,0,1,0,1,1,0,0,0,1,0,1,0,0.37898284,143.23913469600677,45,98.23913469600677,402.86008979916573,65,337.86008979916573,787.8152408280373,85,702.8152408280373
125.13,799.0,39.99,0.7425,161.0,64.4,64.4,0.0,0.0,59.0,45.66,8.666666667,0.0,4.333333333,0.0,16.0,0.0,159.3333333,0.0,74.66666667,0.0,134.3333333,0.0,0.0,0.0,0.0,21.66666667,0.0,390.12,0.0,247.9466667,22.66666667,33.55333333,0.0,0.0,132.6666667,0.0,371.8166667,0.0,71.66666667,0.0,266.25,0.0,13.0,159.3333333,134.3333333,0.0,2.333333333,16,1061684,2,1,U,AA,N,2030,7089.0,1316.09,1236.11,7079.0,2028,82.41,471.93,135.2,779,218,110,506.0,143.0,83.0,T,DALLAS AREA,N,N,129.9899902,2.0,2.0,WCMB,0.0,0.0,O,1.0,S,A,2.0,M,7.0,2.0,C,A,0.0,N,U,U,U,U,U,Y,111.0,<180,1,0.15641249999999998,1.5711149060746523,0.0,0.0,19.49255916077092,2002.08,0.3889363317202771,0,0,0,0,0,0,0,0,0,0,0,0,0.59573746,143.12569536209105,45,98.12569536209105,402.5410032892227,65,337.5410032892227,787.1913244915008,85,702.1913244915008
155.255,1194.75,64.1575,6.1875,182.25,63.7875,63.7875,0.0,29.4975,-354.75,-73.585,12.33333333,0.0,0.0,0.0,107.3333333,0.0,440.6666667,0.0,191.0,0.0,326.6666667,0.0,4.0,15.0,13.29666667,100.0,0.333333333,362.4566667,0.0,412.51,70.33333333,57.60666667,14.33333333,31.53333333,217.6666667,0.0,336.7133333,0.0,264.6666667,0.0,438.2566667,0.0,12.33333333,440.6666667,326.6666667,0.0,10.33333333,15,1048194,1,1,U,ZA,N,5088,12076.0,1512.52,1434.27,12076.0,5088,102.45,862.57,363.43,1313,576,180,810.0,355.0,112.0,C,NEW ENGLAND AREA,Y,N,199.9899902,4.0,3.0,WCMB,1.0,0.0,O,15.0,S,M,5.0,M,6.0,1.0,I,A,0.0,S,U,U,U,U,U,Y,86.0,<180,1,0.1298390131716496,0.9789740244791467,0.02466861802216182,60.0,18.336338871196716,2328.825,0.16725277546043765,0,0,0,0,0,0,0,0,0,0,0,1,0.48002237,143.08967946863174,45,98.08967946863174,402.4397281324863,65,337.4397281324863,786.9932370774746,85,701.9932370774746
104.3675,404.75,34.6675,0.0,80.5,32.2,32.2,0.0,0.0,-157.75,-55.3775,4.333333333,0.0,5.0,0.0,15.33333333,0.0,177.3333333,0.0,22.0,0.0,153.3333333,0.0,0.0,0.0,0.0,11.33333333,0.0,231.42,0.0,56.07,35.66666667,58.78666667,2.333333333,6.606666667,150.0,0.0,248.89,0.0,24.66666667,0.0,38.60333333,0.0,9.333333333,177.3333333,153.3333333,0.0,1.333333333,21,1036650,3,1,U,AA,N,3820,7425.0,1834.45,1795.52,7387.0,3811,89.78,369.35,190.55,457,200,123,362.0,176.0,107.0,R,CENTRAL/SOUTH TEXAS AREA,N,N,29.98999023,1.0,1.0,,1.0,1.0,O,1.0,S,M,5.0,M,9.0,2.0,I,A,1.0,G,U,U,U,U,Y,Y,630.0,365-730,0,0.25722119531731363,0.9027826452652977,0.0,0.0,11.347865704072335,2191.7175,0.52554610085829,0,1,0,0,0,0,0,0,0,0,0,0,0.7140075,143.07682463884356,45,98.07682463884356,402.4035755175352,65,337.4035755175352,786.9225355136396,85,701.9225355136396
133.1575,2074.75,59.99,0.0,273.5,82.05,82.05,0.0,0.195,-315.75,-49.2675,10.33333333,0.0,0.333333333,0.0,27.33333333,0.0,274.0,0.0,149.3333333,0.0,239.6666667,0.0,0.0,0.0,0.0,82.33333333,0.0,1392.32,0.0,494.4366667,95.33333333,345.7166667,38.0,215.3966667,146.3333333,0.0,621.5366667,0.0,192.0,0.0,1265.226667,0.0,10.66666667,274.0,239.6666667,0.0,0.333333333,20,1026502,1,1,U,AA,N,4833,21498.0,1659.21,1544.63,21132.0,4723,85.81,1174.0,262.39,2180,355,150,1725.0,307.0,103.0,S,PHILADELPHIA AREA,Y,N,79.98999023,1.0,1.0,WCMB,0.0,0.0,,,,U,,,,,,,0.0,I,U,U,U,U,U,N,597.0,365-730,0,0.06414910273395158,1.3453025086079684,9.39419486932434e-05,0.0,34.017871782259384,2663.15,0.4263842281879195,0,0,1,1,1,1,1,1,1,1,1,1,0.5594485,143.02994630765917,45,98.02994630765917,402.2717160534859,65,337.2717160534859,786.6647046921254,85,701.6647046921254
214.165,2457.5,62.49,0.7425,323.75,129.5,129.5,0.0,0.0,135.5,-53.375,29.33333333,0.0,3.666666667,0.0,335.6666667,0.0,909.3333333,0.0,305.3333333,0.0,548.6666667,0.0,5.0,24.66666667,21.82333333,194.0,5.0,1358.003333,0.0,530.28,72.0,65.96,25.66666667,30.28666667,308.0,0.0,514.7466667,0.0,467.0,0.0,1373.543333,0.0,33.0,909.3333333,548.6666667,0.0,17.66666667,21,1028704,1,1,Y,EA,N,8644,25308.0,2311.48,2275.33,25304.0,8640,119.75,1331.79,454.74,2412,749,232,1760.0,545.0,183.0,S,NEW ENGLAND AREA,Y,N,199.9899902,3.0,2.0,WCMB,0.0,0.0,O,12.0,S,S,5.0,M,3.0,2.0,I,A,0.0,S,U,U,U,U,U,Y,186.0,180-365,1,0.08711206019930852,2.0396912899669237,0.0,105.0,38.70688297369664,4497.465,0.12438288535381238,0,0,0,0,0,0,0,0,0,0,0,0,0.3477175,142.98032482814787,45,97.98032482814787,402.1321763443947,65,337.1321763443947,786.3917865548134,85,701.3917865548134
126.2275,809.75,62.005,1.98,231.5,69.45,69.45,0.0,0.0,-809.75,-76.2375,56.33333333,0.0,14.0,0.0,82.0,0.0,357.6666667,3.333333333,215.3333333,0.0,223.3333333,3.333333333,6.0,10.33333333,5.726666667,132.0,0.333333333,441.5066667,2.863333333,273.8,44.33333333,65.3,18.0,18.29666667,239.3333333,0.666666667,533.4066667,1.06,98.66666667,2.666666667,181.9,1.803333333,70.33333333,361.0,226.6666667,0.0,0.0,11,1059641,1,1,Y,EA,Y,4056,10629.0,1337.86,1232.88,10619.0,4050,123.29,1061.9,405.0,1080,407,152,1150.0,439.0,161.0,S,NEW YORK CITY AREA,N,N,129.9899902,1.0,1.0,WCMB,0.0,0.0,,,,U,,,,,,,0.0,H,U,U,U,U,U,N,322.0,180-365,0,0.1556922602528523,1.1022934687723196,0.0,66.0,12.852154590905483,1388.5025,0.12342184393273063,0,0,1,1,1,1,1,1,1,1,1,1,0.5898173,142.94622509241105,45,97.94622509241105,402.0362956911326,65,337.0362956911326,786.2042380082609,85,701.2042380082609
97.6575,1127.75,57.045,0.2475,108.5,27.125,27.125,0.0,23.24,-1120.75,-77.6675,76.66666667,0.0,20.66666667,0.0,103.6666667,0.0,460.3333333,0.0,129.0,0.0,276.3333333,0.0,1.333333333,10.33333333,9.683333333,69.33333333,0.0,632.89,0.0,249.73,85.0,87.61666667,6.666666667,25.75666667,248.3333333,0.0,604.41,0.0,119.6666667,0.0,278.21,0.0,97.33333333,460.3333333,276.3333333,0.0,3.666666667,13,1058511,1,1,U,AA,N,5388,16154.0,2029.65,1754.69,16154.0,5388,146.22,1346.17,449.0,1501,498,124,1265.0,428.0,103.0,T,SOUTH FLORIDA AREA,Y,N,199.9899902,1.0,1.0,WCMB,0.0,0.0,,,,U,,,,,,,0.0,N,U,U,U,U,U,N,389.0,365-730,0,0.08651827242524916,0.46730984580928586,0.020589147286821704,17.333333329,19.428891377379617,1269.5475,0.35706083786980586,0,0,1,1,1,1,1,1,1,1,1,1,0.76207155,142.89023712587357,45,97.89023712587357,401.87879773736,65,336.87879773736,785.8963041923047,85,700.8963041923047
125.6825,1432.5,74.99,0.0,72.5,18.16,18.0625,0.0975,7.535,353.5,-44.0725,16.0,0.0,6.666666667,0.0,66.66666667,0.0,254.3333333,0.333333333,88.33333333,0.0,171.0,0.333333333,4.0,22.66666667,20.61333333,25.33333333,0.0,658.2366667,0.04,523.11,9.333333333,10.75,2.666666667,6.93,129.0,0.333333333,613.8233333,0.04,121.0,0.0,567.5233333,0.0,22.66666667,254.6666667,171.3333333,0.0,2.333333333,11,1067489,1,1,U,BA,N,3006,10885.0,1206.64,1101.66,10872.0,3001,110.17,1087.2,300.1,1315,275,140,1195.0,297.0,123.0,,SOUTHWEST AREA,Y,N,149.9899902,2.0,1.0,WCMB,0.0,0.0,,0.0,S,A,3.0,M,4.0,1.0,C,A,0.0,H,U,U,U,U,U,N,74.0,<180,1,0.08767527031740496,0.23897881300171078,0.005256365538890827,44.0,18.851164626924596,1382.5075000000002,0.19087689332094146,1,0,1,0,0,0,0,0,0,0,0,0,0.5919584,142.84572155022622,45,97.84572155022622,401.7535881143809,65,336.7535881143809,785.6514685262442,85,700.6514685262442
90.3125,545.25,74.99,2.97,46.5,11.625,11.625,0.0,0.0,-545.25,-15.3225,10.0,0.0,0.666666667,0.0,17.66666667,0.0,171.0,0.0,78.33333333,0.0,145.3333333,0.0,0.0,0.0,0.0,42.33333333,0.0,223.4166667,0.0,105.7166667,26.33333333,32.32666667,7.333333333,11.76333333,154.0,0.0,260.1233333,0.0,52.0,0.0,69.01,0.0,10.66666667,171.0,145.3333333,0.0,4.333333333,11,1057053,1,1,U,AA,N,2742,7357.0,1043.26,938.28,7304.0,2720,93.83,730.4,272.0,727,300,95,643.0,246.0,87.0,U,DC/MARYLAND/VIRGINIA AREA,Y,N,149.9899902,1.0,1.0,WCMB,0.0,0.0,O,3.0,S,U,2.0,M,5.0,2.0,C,A,0.0,N,U,U,U,U,U,Y,335.0,180-365,0,0.16533180778032036,0.1529806553493881,0.0,0.0,7.175286221871299,993.4375,0.8673172401985962,0,0,0,0,0,0,0,0,0,0,0,0,0.82325876,142.75306856632233,45,97.75306856632233,401.49303764104843,65,336.49303764104843,785.1418771147729,85,700.1418771147729
179.4675,1647.75,75.0,3.2175,405.0,101.25,101.25,0.0,0.0,83.25,8.2425,5.333333333,0.0,6.333333333,0.0,47.66666667,0.0,373.0,0.0,248.6666667,0.0,316.3333333,0.0,7.0,8.333333333,5.836666667,113.6666667,0.0,427.8666667,0.0,622.37,132.3333333,138.0033333,78.33333333,200.6733333,310.6666667,0.0,496.13,0.0,251.6666667,0.0,554.11,0.0,11.66666667,373.0,316.3333333,0.0,11.66666667,23,1031981,1,1,N,ZA,N,8283,19693.0,2073.1,1998.1,18614.0,7916,133.21,1240.93,527.73,1620,686,177,1453.0,610.0,156.0,S,CENTRAL/SOUTH TEXAS AREA,Y,N,129.9899902,4.0,2.0,WCMB,0.0,0.0,O,3.0,S,U,2.0,M,6.0,1.0,C,A,0.0,H,U,U,U,U,U,Y,155.0,<180,1,0.10885064442759666,1.332236842105263,0.0,161.0,21.68092105263158,4127.7525,0.10715544589354951,0,0,0,0,0,0,0,0,0,0,0,0,0.4140405,142.66907697486877,45,97.66907697486877,401.2568217802048,65,336.2568217802048,784.6799233617783,85,699.6799233617783
121.4225,468.75,35.07,0.0,138.5,48.615,48.225,0.39,0.0,-114.75,-30.5225,11.33333333,0.0,2.666666667,0.0,128.6666667,0.0,286.0,0.666666667,63.33333333,0.0,144.6666667,0.666666667,0.0,0.0,0.0,39.66666667,0.0,165.7866667,0.033333333,71.12666667,58.0,54.66333333,23.0,23.14333333,162.3333333,0.333333333,190.4233333,0.023333333,37.33333333,0.333333333,46.49,0.01,14.0,286.6666667,145.3333333,0.0,1.0,10,1072291,3,3,U,BA,N,1533,3025.0,841.46,761.6,2952.0,1496,84.62,328.0,166.22,507,243,132,421.0,210.0,99.0,C,SOUTHWEST AREA,N,N,129.9899902,4.0,4.0,WCMB,0.0,0.0,,7.0,M,U,2.0,M,1.0,1.0,C,B,0.0,H,U,U,U,U,U,Y,67.0,<180,1,0.2584832357637041,1.3477959523149432,0.0,0.0,12.995564180759635,1214.225,0.42593139280864384,0,0,1,0,0,0,0,0,0,0,0,1,0.61180204,142.63014410448076,45,97.63014410448076,401.1472730565071,65,336.1472730565071,784.4657925746442,85,699.4657925746442
107.8525,100.0,109.99,3.7125,0.0,0.0,0.0,0.0,0.0,-100.0,-4.6125,3.333333333,0.0,0.0,0.0,0.0,0.0,22.0,0.0,5.666666667,0.0,19.33333333,0.0,0.0,0.0,0.0,2.666666667,0.0,23.27666667,0.0,7.646666667,5.333333333,6.236666667,2.0,3.503333333,18.0,0.0,22.18666667,0.0,6.333333333,0.0,8.736666667,0.0,3.333333333,22.0,19.33333333,0.0,0.0,11,1055100,2,2,U,BA,N,732,1598.0,1197.71,1064.48,1584.0,722,106.45,158.4,72.2,133,66,109,165.0,72.0,109.0,C,NEW YORK CITY AREA,Y,R,99.98999023,2.0,2.0,WCMB,0.0,0.0,,,,U,,,,,,,0.0,S,U,U,U,U,U,N,273.0,180-365,1,1.0678465346534654,0.0,0.0,0.0,0.9009820704567979,1186.3775,1.0,0,0,1,1,1,1,1,1,1,1,1,1,0.6885763,142.58817695426941,45,97.58817695426941,401.0292476838827,65,336.0292476838827,784.2349732484819,85,699.2349732484819
84.99,139.0,94.99,0.0,0.0,0.0,0.0,0.0,0.0,-139.0,0.0,1.0,0.0,0.0,0.0,1.333333333,0.0,15.66666667,0.0,2.333333333,0.0,13.66666667,0.0,0.0,0.0,0.0,1.666666667,0.333333333,47.22333333,0.0,1.11,1.333333333,2.326666667,0.0,0.0,8.0,0.0,22.24333333,0.0,6.333333333,0.0,26.09,0.0,1.0,15.66666667,13.66666667,0.0,0.333333333,13,1060371,1,1,U,AA,N,1242,4124.0,1029.71,924.73,4124.0,1242,84.07,374.91,112.91,185,54,85,213.0,59.0,86.0,S,PHILADELPHIA AREA,Y,N,199.9899902,1.0,1.0,WCMB,0.0,0.0,,,,U,,,,,,,0.0,U,U,U,U,U,U,N,381.0,365-730,0,0.6070714285714285,0.0,0.0,0.0,1.4480675070319826,1104.87,1.0,0,0,1,1,1,1,1,1,1,1,1,1,0.8737995,142.58730515670774,45,97.58730515670774,401.02678562164306,65,336.02678562164306,784.2301783618926,85,699.2301783618926
219.1975,2309.25,195.3925,0.7425,195.5,29.325,29.325,0.0,0.585,-556.25,3.0725,20.0,0.0,14.33333333,0.0,71.0,0.0,488.6666667,0.333333333,168.3333333,0.0,391.3333333,0.333333333,3.666666667,13.33333333,11.3,42.33333333,0.333333333,920.8633333,0.166666667,762.5,49.0,92.08666667,17.33333333,40.01666667,500.3333333,0.0,1571.636667,0.0,45.66666667,0.333333333,111.7233333,0.166666667,34.33333333,489.0,391.6666667,0.0,3.0,12,1051682,1,1,N,EA,N,2960,10987.0,1567.52,1462.53,10984.0,2957,132.96,998.55,268.82,2495,635,218,1501.0,393.0,172.0,S,DALLAS AREA,Y,N,199.9899902,1.0,1.0,WCMB,0.0,0.0,O,0.0,S,B,1.0,M,9.0,,B,A,0.0,N,U,U,U,U,U,Y,378.0,365-730,0,0.09488042419651553,0.14931832936593809,0.00025321934855535114,44.000000004,11.758341077179626,2630.37,0.20764184289498067,0,0,0,0,0,0,0,0,1,0,0,0,0.33878863,142.5823111925125,45,97.58231119251249,401.0127763593197,65,336.0127763593197,784.2027115588188,85,699.2027115588188
118.12,2707.0,105.4075,0.0,81.25,20.3125,20.3125,0.0,1.75,-775.0,-19.28,30.0,0.0,17.0,0.0,108.0,0.0,567.3333333,0.0,145.6666667,0.0,419.0,0.0,6.0,13.0,10.34666667,39.66666667,0.0,1700.646667,0.0,639.2166667,219.3333333,749.04,53.0,286.7766667,299.3333333,0.0,1062.863333,0.0,242.3333333,0.0,1277.013333,0.0,47.0,567.3333333,419.0,0.0,1.666666667,14,1071354,1,1,Y,U,N,5965,32370.0,1591.39,1511.41,32321.0,5953,116.26,2486.23,457.92,2965,578,125,2791.0,566.0,128.0,C,CENTRAL/SOUTH TEXAS AREA,Y,N,199.9899902,3.0,3.0,WCMB,1.0,0.0,O,3.0,S,A,3.0,M,3.0,1.0,C,A,0.0,H,Y,Y,U,U,U,Y,70.0,<180,1,0.04361890694239291,0.19089349904846933,0.0006462333825701625,84.0,25.439936094730164,1653.68,0.13906477687818966,0,0,0,0,0,0,0,0,0,0,0,0,0.62859833,142.5600672454834,45,97.5600672454834,400.9502313709259,65,335.9502313709259,784.0803698501587,85,699.0803698501587
102.105,1450.25,94.99,1.98,18.25,6.3875,6.3875,0.0,0.0,30.75,-16.125,22.33333333,0.0,2.666666667,0.0,76.33333333,0.0,463.6666667,0.0,94.66666667,0.0,366.6666667,0.0,9.0,21.33333333,16.3,30.0,0.0,782.59,0.0,293.05,93.33333333,67.22,1.333333333,4.32,306.3333333,0.0,796.66,0.0,139.6666667,0.0,278.98,0.0,25.0,463.6666667,366.6666667,0.0,7.0,11,1068970,1,1,Y,AA,N,3456,12577.0,980.31,900.33,12577.0,3456,90.03,1257.7,345.6,1440,432,108,1505.0,428.0,112.0,C,NORTHWEST/ROCKY MOUNTAIN AREA,Y,R,29.98999023,2.0,2.0,WCMB,0.0,0.0,,,,U,,,,,,,0.0,N,U,U,U,U,U,N,95.0,<180,1,0.07035658914728682,0.06654338993645172,0.0,99.0,15.10834461923117,1123.155,0.09933896485259304,0,0,1,1,1,1,1,1,1,1,1,0,0.72715986,142.5535858640671,45,97.55358586406709,400.93196632862094,65,335.93196632862094,784.044722252369,85,699.044722252369
151.48,400.25,169.98,0.0,0.0,0.0,0.0,0.0,0.0,368.75,0.0,3.333333333,0.0,1.666666667,0.0,12.0,0.0,102.0,0.0,25.66666667,0.0,85.0,0.0,0.0,0.0,0.0,14.33333333,0.0,216.7966667,0.0,48.21666667,16.0,11.03333333,12.66666667,17.49333333,67.33333333,0.0,169.57,0.0,43.33333333,0.0,95.44333333,0.0,5.0,102.0,85.0,0.0,1.0,20,1039747,2,2,Y,AA,N,1927,8094.0,2934.07,2830.63,8094.0,1927,148.98,426.0,101.42,277,86,151,449.0,117.0,152.0,T,NORTHWEST/ROCKY MOUNTAIN AREA,Y,N,149.9899902,1.0,1.0,WCMB,1.0,0.0,,0.0,M,U,2.0,M,3.0,1.0,B,G,0.0,N,U,U,U,U,U,N,597.0,365-730,0,0.37752024922118377,0.0,0.0,0.0,2.340917066323547,3029.6,1.0,0,0,1,0,0,0,0,0,0,0,0,1,0.4900999,142.54143531036377,45,97.54143531036377,400.897831954956,65,335.897831954956,783.9778942070006,85,698.9778942070006
119.1825,409.25,29.99,0.0,228.5,91.4,91.4,0.0,0.2925,570.75,220.8075,1.0,0.0,2.0,0.0,13.33333333,0.0,79.66666667,0.0,24.66666667,0.0,63.33333333,0.0,1.333333333,2.0,1.24,11.66666667,0.0,113.0966667,0.0,71.26,10.33333333,11.08,1.333333333,0.903333333,72.66666667,0.0,149.83,0.0,15.33333333,0.0,34.52333333,0.0,3.0,79.66666667,63.33333333,0.0,0.0,19,1038345,1,1,U,AA,N,1921,4444.0,810.03,778.11,4434.0,1919,43.23,246.33,106.61,219,82,46,208.0,73.0,42.0,S,DALLAS AREA,Y,N,149.9899902,3.0,2.0,WCMB,0.0,0.0,,,,U,,,,,,,0.0,H,U,U,U,U,U,N,11.0,<180,1,0.2905118829981719,2.949338496289126,0.000712979890310786,25.333333327,13.205872862213617,2264.4675,0.18929814917815316,0,0,1,1,1,1,1,1,1,1,1,1,0.6227427,142.50246627116204,45,97.50246627116204,400.78817573189735,65,335.78817573189735,783.7635644913912,85,698.7635644913912
115.3675,768.5,70.0,0.7425,178.5,44.625,44.625,0.0,0.0,-295.5,-45.3675,3.0,0.0,4.666666667,0.0,59.0,0.0,328.0,0.0,40.0,0.0,261.6666667,0.0,0.666666667,0.666666667,0.136666667,24.33333333,0.0,525.4933333,0.0,61.16,15.66666667,10.09333333,0.666666667,0.186666667,246.3333333,0.0,515.03,0.0,44.33333333,0.0,71.63,0.0,7.666666667,328.0,261.6666667,0.0,0.666666667,35,1010124,1,1,U,C,N,7575,17888.0,3159.64,2968.95,17885.0,7572,89.97,541.97,229.45,867,322,130,938.0,351.0,131.0,R,OHIO AREA,Y,N,29.98999023,2.0,1.0,,0.0,0.0,,,,U,,M,,,,,0.0,N,U,U,U,U,Y,N,802.0,730+,1,0.14992527615334633,0.6285211267605634,0.0,23.333333345,10.82394366197183,4037.8625,0.43569419579456037,0,1,1,1,1,1,0,1,1,1,1,1,0.643295,142.4934339489937,45,97.4934339489937,400.76281736373903,65,335.76281736373903,783.7138867194654,85,698.7138867194654
104.9425,556.75,30.0,0.7425,212.0,74.2,74.2,0.0,0.0,50.25,9.9275,5.333333333,0.0,6.0,0.0,35.66666667,0.0,132.6666667,0.0,41.33333333,0.0,86.66666667,0.0,0.0,0.0,0.0,10.0,0.0,210.8,0.0,226.01,22.0,30.55333333,0.666666667,3.183333333,76.66666667,0.0,299.4966667,0.0,50.33333333,0.0,137.3133333,0.0,11.33333333,132.6666667,86.66666667,0.0,1.333333333,25,1032100,1,1,U,BA,N,1885,4674.0,830.69,800.69,4616.0,1855,47.1,271.53,109.12,540,163,102,421.0,150.0,73.0,S,OHIO AREA,N,N,29.98999023,1.0,1.0,,0.0,0.0,O,6.0,S,M,2.0,M,5.0,1.0,I,A,0.0,N,U,U,U,U,Y,Y,735.0,730+,0,0.18815329448677723,2.393548387096774,0.0,0.0,17.95967741935484,2623.5625,0.2946768060836502,0,1,0,0,0,0,0,0,0,0,0,1,0.70716214,142.48582309126854,45,97.48582309126854,400.74138057172297,65,335.74138057172297,783.672027001977,85,698.672027001977
133.5875,986.25,59.99,0.0,209.0,83.5975,83.5,0.0975,0.0,450.75,72.8025,9.333333333,0.0,0.333333333,0.0,36.0,0.0,166.3333333,0.333333333,78.66666667,0.0,124.0,0.333333333,0.0,0.0,0.0,32.0,0.0,393.2666667,0.05,403.0,28.33333333,36.41666667,8.333333333,19.91666667,107.0,0.333333333,447.62,0.05,84.33333333,0.0,348.6466667,0.0,9.666666667,166.6666667,124.3333333,0.0,2.333333333,15,1050176,1,1,U,CA,N,1679,6629.0,1172.53,1102.55,6620.0,1675,78.75,472.86,119.64,836,177,109,570.0,136.0,85.0,,SOUTHWEST AREA,Y,N,99.98999023,2.0,2.0,WCMB,0.0,0.0,,,,U,,,,,,,0.0,N,U,U,U,U,U,N,137.0,<180,1,0.1353127374018739,1.3706755205771437,0.0,0.0,16.1706837186424,2003.8125,0.42182069680989026,1,0,1,1,1,1,1,1,1,1,1,1,0.5551981,142.40164854288102,45,97.40164854288102,400.50464448928835,65,335.50464448928835,783.2090669858457,85,698.2090669858457
133.1925,927.0,59.99,5.94,244.75,73.56,72.975,0.585,8.2025,253.0,45.1275,6.0,0.0,6.333333333,0.0,42.66666667,0.0,309.3333333,0.666666667,70.0,0.0,257.0,0.666666667,1.333333333,3.333333333,2.293333333,31.33333333,0.0,507.59,1.9,123.0333333,69.0,68.18,18.33333333,24.65,277.0,0.333333333,548.4166667,1.64,47.33333333,0.333333333,82.20666667,0.26,12.33333333,310.0,257.6666667,0.0,4.666666667,17,1048470,1,1,U,EA,N,4322,10142.0,1350.33,1320.35,10142.0,4322,82.52,633.88,270.13,843,336,118,672.0,281.0,93.0,T,HOUSTON AREA,Y,N,199.9899902,2.0,2.0,WCMB,0.0,0.0,O,1.0,M,S,2.0,M,4.0,2.0,C,N,0.0,N,U,U,U,U,U,Y,114.0,<180,1,0.14352640086206897,1.20609936055091,0.008838900862068967,22.666666660999997,15.199212985735366,2264.2725,0.28253115303536325,0,0,0,0,0,0,0,0,0,0,0,1,0.55674636,142.376527415514,45,97.376527415514,400.43397938668727,65,335.43397938668727,783.070900785327,85,698.070900785327
161.5725,879.25,49.99,1.7325,374.5,112.35,112.35,0.0,0.0,115.75,34.5075,7.333333333,0.0,10.66666667,0.0,23.33333333,0.0,171.6666667,0.0,46.33333333,0.0,134.3333333,0.0,0.0,0.0,0.0,19.0,0.0,479.4933333,0.0,205.7633333,69.66666667,146.9533333,18.66666667,127.2233333,90.33333333,0.0,320.25,0.0,80.33333333,0.0,365.0066667,0.0,18.0,171.6666667,134.3333333,0.0,1.333333333,12,1063792,5,2,N,B,N,1450,6302.0,984.26,900.94,5987.0,1426,90.09,598.7,142.6,841,175,150,695.0,150.0,116.0,C,ATLANTIC SOUTH AREA,Y,N,149.9899902,2.0,1.0,WCMB,0.0,0.0,O,4.0,S,M,4.0,M,9.0,,,A,1.0,U,U,U,U,U,U,Y,20.0,<180,1,0.18355296790684464,2.2033732104334183,0.0,0.0,17.24357717199451,1938.87,0.3121709317987021,0,0,0,0,0,0,0,0,1,1,0,1,0.45890635,142.36157388067247,45,97.36157388067247,400.39193616986273,65,335.39193616986273,782.9886563436985,85,697.9886563436985
116.6066667,1282.666667,49.99333333,0.33,259.3333333,64.83333333,64.83333333,0.0,0.0,,,9.333333333,0.0,0.0,0.0,38.66666667,0.0,329.3333333,0.0,105.3333333,0.0,284.0,0.0,0.333333333,6.333333333,6.043333333,52.33333333,0.0,548.3833333,0.0,198.1166667,6.333333333,3.75,0.0,0.0,329.0,0.0,654.2966667,0.0,39.33333333,0.0,92.20333333,0.0,9.333333333,329.3333333,284.0,0.0,0.0,13,1056830,1,1,U,AA,N,4953,12937.0,1297.55,1192.57,12886.0,4930,99.38,1073.83,410.83,1283,469,117,1054.0,403.0,97.0,S,CALIFORNIA NORTH AREA,Y,N,199.9899902,1.0,1.0,WCMB,0.0,0.0,O,12.0,S,M,4.0,M,6.0,,C,A,1.0,R,U,U,U,Y,Y,Y,399.0,365-730,0,0.09083874318596762,1.2714080272108386,0.0,4.333333329,25.153614859795635,1515.8866671,0.3839152766856882,0,0,0,0,0,0,0,0,1,0,0,1,0.63566357,142.31541104760998,45,97.31541104760998,400.26212832289775,65,335.26212832289775,782.7347607618549,85,697.7347607618549
122.3275,1106.5,69.99,0.0,168.25,67.3,67.3,0.0,1.5525,-114.5,-68.3375,8.333333333,0.0,14.66666667,0.0,195.3333333,0.0,580.6666667,0.0,119.0,0.0,364.6666667,0.0,20.33333333,31.66666667,17.99,67.66666667,1.0,620.7066667,0.0,226.7933333,52.0,44.04333333,4.0,3.126666667,237.3333333,0.0,456.8733333,0.0,244.0,0.0,390.62,0.0,23.0,580.6666667,364.6666667,0.666666667,14.33333333,11,1088835,1,1,U,CA,Y,3834,8271.0,965.41,879.13,8227.0,3808,87.91,822.7,380.8,1145,452,145,900.0,386.0,98.0,T,CENTRAL/SOUTH TEXAS AREA,N,N,129.9899902,2.0,2.0,WCMB,0.0,0.0,,,,U,,,,,,,0.0,H,U,U,U,U,U,N,74.0,<180,1,0.11045372460496614,0.9480208480067616,0.0014018058690744922,223.66666662999998,15.586702352444007,1345.6025,0.04488057557054002,0,0,1,1,1,1,1,1,1,1,1,0,0.60581774,142.28768448400498,45,97.28768448400498,400.1841053199768,65,335.1841053199768,782.5822646620273,85,697.5822646620273
99.365,998.25,59.99,1.7325,81.25,24.375,24.375,0.0,2.82,-49.25,38.475,20.66666667,0.0,6.0,0.0,65.33333333,0.0,457.6666667,0.0,87.0,0.0,371.3333333,0.0,0.0,0.0,0.0,38.0,0.0,486.0933333,0.0,140.4566667,30.66666667,17.2,10.33333333,15.07666667,284.6666667,0.0,376.85,0.0,168.0,0.0,249.7,0.0,26.66666667,457.6666667,371.3333333,0.0,6.666666667,11,1058986,2,2,U,AA,N,3700,8253.0,738.83,658.85,8187.0,3666,65.89,818.7,366.6,1015,469,87,808.0,361.0,69.0,S,SOUTHWEST AREA,Y,N,129.9899902,1.0,1.0,WCMB,0.0,0.0,,,,U,,,,,,,0.0,R,U,U,U,U,U,N,325.0,180-365,0,0.09943957968476357,0.3996556812592228,0.00282211658744058,0.0,16.367437284800786,1093.0149999999999,0.714461430328589,0,0,1,1,1,1,1,1,1,1,1,0,0.7446085,142.05701320171357,45,97.05701320171357,399.5353318619728,65,334.5353318619728,781.3135726094247,85,696.3135726094247
213.785,1102.0,51.21,2.7225,327.25,114.2375,114.2375,0.0,15.615,-150.0,-27.235,4.333333333,0.0,8.666666667,0.0,49.0,0.0,314.0,0.0,92.33333333,0.0,252.3333333,0.0,0.0,0.0,0.0,32.0,0.0,535.2633333,0.0,352.7533333,75.66666667,79.69333333,19.66666667,74.15666667,232.0,0.0,585.6233333,0.0,112.3333333,0.0,302.3966667,0.0,13.0,314.0,252.3333333,0.0,6.666666667,15,1058823,1,1,Y,AA,N,3786,10466.0,2102.11,2072.12,10466.0,3786,148.01,747.57,270.43,1152,358,223,932.0,330.0,170.0,C,MIDWEST AREA,N,N,,3.0,3.0,WC,0.0,0.0,,,,U,,,,,,,0.0,U,U,U,U,U,U,N,15.0,<180,1,0.19382139619220307,2.1880386899061484,0.01415684496826836,0.0,21.107067611568663,3206.775,0.313672479310293,0,0,1,1,1,1,1,1,1,1,1,1,0.34587803,141.97159665346146,45,96.97159665346146,399.29510921657084,65,334.29510921657084,780.8437815940381,85,695.8437815940381
110.3675,428.5,29.99,1.98,221.25,77.4375,77.4375,0.0,0.585,-157.5,-41.1775,2.0,0.0,4.666666667,0.0,28.0,0.0,193.0,0.0,87.66666667,0.0,159.0,0.0,2.333333333,9.333333333,7.853333333,52.0,0.0,141.92,0.0,138.5666667,33.33333333,28.96,2.333333333,5.213333333,122.6666667,0.0,115.6033333,0.0,123.3333333,0.0,164.8833333,0.0,6.666666667,193.0,159.0,0.0,1.0,27,1014407,1,1,U,A,N,4079,6779.0,1780.51,1745.68,6764.0,4073,67.14,260.15,156.65,481,298,124,475.0,277.0,127.0,U,DALLAS AREA,Y,N,29.98999023,1.0,1.0,WC,0.0,0.0,O,3.0,S,A,3.0,M,5.0,2.0,I,A,0.0,H,U,U,U,U,U,Y,821.0,730+,0,0.2569674039580908,2.4987899322362055,0.0013620488940628637,62.999999991,13.827040980961602,2979.9225,0.1714641399918181,0,0,0,0,0,0,0,0,0,0,0,1,0.66961974,141.89617257642746,45,96.89617257642746,399.08300510644915,65,334.08300510644915,780.4289491703511,85,695.4289491703511
108.13,1088.25,77.6975,3.96,123.5,37.4725,37.375,0.0975,0.0,-45.25,-29.14,26.33333333,0.0,3.0,0.0,66.33333333,0.0,382.3333333,0.333333333,132.3333333,0.0,289.6666667,0.333333333,0.0,0.0,0.0,74.0,0.666666667,581.12,0.01,212.1433333,11.33333333,9.496666667,1.0,1.196666667,235.3333333,0.0,514.02,0.0,168.6666667,0.333333333,279.2433333,0.01,29.33333333,382.6666667,290.0,0.0,6.333333333,11,1090778,3,1,U,EA,N,4177,10295.0,1183.13,1127.29,10099.0,4104,112.73,1009.9,410.4,1103,412,118,1029.0,415.0,118.0,T,SOUTHWEST AREA,Y,N,149.9899902,2.0,2.0,WCMB,0.0,0.0,,,,U,,,,,,,0.0,I,U,U,U,U,U,N,223.0,180-365,1,0.09927014000459031,0.47615870898059015,0.0,0.0,13.828266463356522,1189.4299999999998,0.6774339330291814,0,0,1,1,1,1,1,1,1,1,1,1,0.6833971,141.8798097858429,45,96.8798097858429,399.0369585776329,65,334.0369585776329,780.338953822136,85,695.338953822136
87.7675,805.5,84.99,1.98,0.0,0.0,0.0,0.0,10.105,-191.5,-11.3975,11.0,0.0,58.33333333,0.0,22.0,0.0,231.0,0.0,56.33333333,0.0,143.0,0.0,8.666666667,12.33333333,5.946666667,24.66666667,0.333333333,226.45,0.0,130.3966667,79.33333333,74.55666667,18.0,32.91666667,128.6666667,0.0,254.0533333,0.0,66.66666667,0.0,102.7933333,0.0,69.33333333,231.0,143.0,0.0,1.0,12,1052445,2,1,U,BA,N,3822,11437.0,1296.73,1145.87,10316.0,3496,114.59,1031.6,349.6,869,304,91,1000.0,350.0,117.0,R,ATLANTIC SOUTH AREA,Y,N,199.9899902,2.0,1.0,WCMB,0.0,0.0,,,,U,,,,,,,0.0,O,U,U,U,U,U,N,350.0,180-365,1,0.10882517048977061,0.0,0.012529448233106014,104.00000000399999,9.367368298639377,1053.21,0.10344827585850179,0,0,1,1,1,1,1,1,1,1,1,0,0.84137434,141.78301189279557,45,96.78301189279557,398.76476803064344,65,333.76476803064344,779.8065654103757,85,694.8065654103757
117.4875,1086.75,64.99,0.2475,151.75,60.7,60.7,0.0,0.0,66.25,27.3025,7.0,0.0,5.333333333,0.0,136.3333333,0.0,406.3333333,0.0,245.3333333,0.0,260.0,0.0,6.666666667,9.666666667,5.873333333,116.6666667,0.0,332.2266667,0.0,369.5266667,32.66666667,27.31,22.66666667,23.81,355.3333333,0.0,480.26,0.0,147.6666667,0.0,221.4933333,0.0,12.33333333,406.3333333,260.0,0.0,6.0,22,1035040,3,1,U,BA,N,7203,14245.0,1737.95,1683.11,14202.0,7188,80.15,676.29,342.29,1065,508,108,993.0,487.0,121.0,S,ATLANTIC SOUTH AREA,N,N,129.9899902,2.0,2.0,WCMB,0.0,0.0,R,0.0,S,B,1.0,M,3.0,,C,A,0.0,H,U,U,U,U,U,Y,161.0,<180,1,0.10800965295334405,0.9198363388392182,0.0,146.666666674,16.468404303682377,2584.725,0.11646184707790282,0,0,0,0,0,0,0,0,1,0,0,0,0.6285089,141.77652936458588,45,96.77652936458588,398.746530854702,65,333.746530854702,779.7709115052223,85,694.7709115052223
109.875,1145.5,48.525,0.99,175.25,63.65,63.65,0.0,11.5475,-240.5,31.265,0.0,0.0,0.0,0.0,0.0,0.0,0.0,0.0,0.0,0.0,0.0,0.0,0.0,0.0,0.0,0.0,0.0,0.0,0.0,0.0,0.0,0.0,0.0,0.0,0.0,0.0,0.0,0.0,0.0,0.0,0.0,0.0,0.0,0.0,0.0,0.0,0.0,23,1030034,1,1,U,AA,N,5195,29715.0,2810.38,2776.02,29661.0,5179,126.18,1348.23,235.41,1226,297,100,1491.0,287.0,121.0,U,DC/MARYLAND/VIRGINIA AREA,Y,R,99.98999023,3.0,2.0,WCMB,0.0,0.0,O,,M,S,1.0,M,6.0,,C,,0.0,O,U,U,U,U,U,Y,354.0,180-365,1,0.0958351504579154,1.2852094901564866,0.010071958133449629,0.0,23.12973245835437,2527.125,0.43759664236801415,0,0,0,1,0,0,0,0,1,0,1,1,0.67193574,141.75157148838045,45,96.75157148838045,398.6763013601303,65,333.6763013601303,779.6336431860924,85,694.6336431860924
112.7,1215.25,84.99,1.98,141.5,35.375,35.375,0.0,0.355,651.75,106.76,2.0,0.0,2.333333333,0.0,23.33333333,0.0,178.0,0.0,144.3333333,0.0,152.3333333,0.0,0.666666667,6.666666667,6.286666667,52.33333333,0.0,222.4966667,0.0,334.5066667,65.0,42.39666667,36.66666667,93.2,256.6666667,0.0,472.7733333,0.0,38.0,0.0,84.23,0.0,4.333333333,178.0,152.3333333,0.0,6.666666667,22,1041378,2,2,U,EM,N,7289,17533.0,1522.37,1405.93,17533.0,7289,70.3,876.65,364.45,998,374,77,1096.0,437.0,81.0,S,DALLAS AREA,Y,N,29.98999023,1.0,1.0,WC,1.0,1.0,R,0.0,S,U,4.0,M,5.0,1.0,,A,0.0,N,U,U,U,U,U,Y,641.0,365-730,0,0.09266187050359713,0.41138504477264803,0.0002918807810894142,14.666666674,14.132457262472382,2479.4,0.481219978470587,0,0,0,0,0,0,0,0,0,1,0,1,0.6547291,141.67291405677796,45,96.67291405677796,398.4550741434097,65,333.4550741434097,779.2010273122788,85,694.2010273122788
88.1375,312.5,29.99,4.2075,153.25,53.6375,53.6375,0.0,0.0,93.5,30.4525,6.333333333,0.0,1.0,0.0,13.33333333,0.0,117.6666667,0.0,35.66666667,0.0,98.33333333,0.0,0.0,0.0,0.0,25.33333333,0.0,143.5766667,0.0,26.96333333,7.666666667,6.926666667,0.333333333,0.123333333,98.33333333,0.0,133.45,0.0,24.0,0.0,37.09,0.0,7.333333333,117.6666667,98.33333333,0.0,2.0,29,1009384,1,1,U,A,N,2618,5410.0,1641.67,1566.74,5351.0,2589,55.96,191.11,92.46,281,141,78,278.0,141.0,78.0,T,NEW ENGLAND AREA,N,N,29.98999023,1.0,1.0,WC,0.0,0.0,,,,U,,,,,,,0.0,S,U,U,U,U,U,N,887.0,730+,0,0.28114035087719297,1.7308002581477897,0.0,0.0,10.083898031623105,2555.9875,0.3661930223627071,0,0,1,1,1,1,1,1,1,1,1,0,0.83712393,141.6614532828331,45,96.6614532828331,398.42289514541625,65,333.42289514541625,779.1379930555821,85,694.1379930555821
106.7125,1683.75,10.0,26.73,274.5,68.625,68.625,0.0,1.3575,-664.75,-79.5225,0.0,0.0,0.0,0.0,0.0,0.0,0.0,0.0,0.0,0.0,0.0,0.0,0.0,0.0,0.0,0.0,0.0,0.0,0.0,0.0,0.0,0.0,0.0,0.0,0.0,0.0,0.0,0.0,0.0,0.0,0.0,0.0,0.0,0.0,0.0,0.0,0.0,13,1066378,2,1,Y,BA,N,3849,15758.0,923.04,845.66,15364.0,3770,70.47,1280.33,314.17,1905,526,133,1620.0,421.0,99.0,U,SOUTHWEST AREA,Y,N,149.9899902,1.0,1.0,WCMB,0.0,0.0,,,M,U,2.0,M,6.0,1.0,C,,0.0,N,U,U,U,U,U,Y,391.0,365-730,0,0.06334025819854579,6.238636363636363,0.0008057575307909185,0.0,153.0681818181818,1387.2625,0.1381475667189953,0,0,1,1,0,0,0,0,0,0,1,0,0.69128865,141.63674078702928,45,96.63674078702928,398.3533652663231,65,333.3533652663231,779.002074328661,85,694.002074328661
139.5425,1182.0,79.9175,0.7425,157.0,39.25,39.25,0.0,0.585,102.0,71.7275,7.333333333,0.0,31.33333333,0.0,62.0,0.0,478.3333333,0.333333333,187.6666667,0.0,379.6666667,0.333333333,3.333333333,29.0,27.12333333,108.0,0.333333333,491.6066667,3.673333333,263.8966667,149.3333333,133.7033333,77.33333333,82.13666667,308.3333333,0.333333333,375.2833333,3.673333333,256.3333333,0.0,380.2166667,0.0,38.66666667,478.6666667,380.0,0.0,8.666666667,16,1041337,2,1,N,AA,N,6103,12234.0,1162.98,1110.86,11373.0,5592,100.99,1033.91,508.36,1148,554,116,1047.0,484.0,129.0,S,OHIO AREA,Y,R,129.9899902,4.0,3.0,WCMB,0.0,0.0,O,15.0,S,M,6.0,M,9.0,3.0,,A,1.0,J,U,U,U,U,Y,Y,28.0,<180,1,0.11795646661031275,0.48506194580900297,0.0004945054945054945,53.333333328,14.607470571878764,2232.68,0.2075379752254732,0,0,0,0,0,0,0,0,0,1,0,0,0.528561,141.61290243768693,45,96.61290243768693,398.28631305813786,65,333.28631305813786,778.8709634072782,85,693.8709634072782
115.94,782.75,57.49,0.0,155.5,62.2,62.2,0.0,0.0,897.25,182.85,11.66666667,0.0,0.333333333,0.0,33.33333333,0.0,189.0,0.0,126.6666667,0.0,148.0,0.0,0.0,0.0,0.0,87.33333333,0.0,135.7333333,0.0,173.81,61.0,51.55,20.33333333,33.08,132.3333333,0.0,150.47,0.0,98.0,0.0,159.0733333,0.0,12.0,189.0,148.0,0.0,0.0,16,1065857,1,1,U,BA,N,4029,10158.0,987.11,927.13,10147.0,4022,66.22,724.79,287.29,484,228,55,786.0,327.0,76.0,U,NEW YORK CITY AREA,Y,N,149.9899902,1.0,1.0,WCMB,0.0,0.0,O,3.0,,S,2.0,M,7.0,,G,,0.0,S,U,U,U,U,U,Y,456.0,365-730,0,0.1479298245614035,1.0634296460933492,0.0,0.0,13.382629509317832,1855.04,0.48463004391416026,0,0,0,0,1,0,0,0,1,0,1,0,0.6360418,141.58597098922732,45,96.58597098922732,398.2105503177643,65,333.2105503177643,778.7228404407502,85,693.7228404407502
139.69,2846.75,84.99,2.2275,196.0,49.0,49.0,0.0,9.4725,657.25,63.27,18.33333333,0.0,5.666666667,0.0,64.66666667,0.0,422.6666667,0.0,422.6666667,0.0,344.3333333,0.0,1.0,8.0,7.586666667,266.0,4.666666667,1042.55,0.0,1053.206667,152.6666667,314.9966667,76.66666667,391.53,287.6666667,0.0,852.2233333,0.0,313.6666667,0.0,1243.536667,0.0,24.0,422.6666667,344.3333333,0.0,0.333333333,13,1069335,1,1,N,ZA,Y,7406,26039.0,1403.57,1322.09,25871.0,7348,110.17,2155.92,612.33,2628,622,119,2245.0,597.0,111.0,U,NEW YORK CITY AREA,T,R,99.98999023,2.0,2.0,WCMB,0.0,0.0,,,,U,,,,,,,0.0,N,U,U,U,U,U,N,142.0,<180,1,0.04905276095162848,0.5698337015932086,0.003326310244930208,13.0,33.10559367368299,1815.97,0.389130238030591,0,0,1,1,1,1,1,1,1,1,1,0,0.52789664,141.5844241294861,45,96.58442412948611,398.20620951652523,65,333.20620951652523,778.7143327121736,85,693.7143327121736
252.0425,2680.75,122.49,0.2475,418.0,128.625,128.625,0.0,2.93,-178.75,117.8375,19.33333333,0.0,13.0,0.0,93.0,1.0,719.6666667,1.333333333,323.0,0.0,603.0,0.333333333,16.0,76.33333333,66.23,134.6666667,4.666666667,1295.833333,0.456666667,913.7166667,104.3333333,147.94,52.66666667,113.1466667,550.0,0.0,1467.253333,0.0,360.3333333,0.333333333,742.3033333,0.456666667,32.33333333,721.0,603.3333333,0.0,53.33333333,11,1068581,1,1,U,CA,Y,6627,21163.0,1670.7,1565.33,21047.0,6588,156.53,2104.7,658.8,2740,903,213,2014.0,686.0,155.0,C,DALLAS AREA,T,N,99.98999023,2.0,2.0,WCMB,0.0,0.0,,,M,S,1.0,M,4.0,1.0,C,,0.0,Z,U,U,U,U,U,Y,30.0,<180,1,0.09398433858487927,1.0415823143574379,0.0010925701500885615,176.0,21.70823548465463,2772.4674999999997,0.05542751087881039,0,0,1,1,0,0,0,0,0,0,1,1,0.29256207,141.5771062117815,45,96.57710621178151,398.18560746490954,65,333.18560746490954,778.6740841647984,85,693.6740841647984
200.7925,2165.0,74.95,1.98,478.25,119.5625,119.3125,0.25,0.0,1155.0,118.5875,35.0,0.333333333,1.0,0.0,77.0,0.0,548.6666667,7.0,473.0,0.666666667,452.6666667,6.666666667,3.0,31.66666667,30.58,301.0,1.333333333,623.9466667,41.88,758.5866667,123.0,132.7966667,24.0,53.71333333,359.3333333,0.333333333,693.94,1.31,357.3333333,6.333333333,688.5966667,40.57,36.33333333,555.6666667,459.3333333,0.0,0.0,36,1004187,1,1,U,B,N,18701,43612.0,4277.28,4104.78,43018.0,18370,152.03,1593.26,680.37,1780,839,162,1954.0,893.0,186.0,,PHILADELPHIA AREA,Y,N,499.9899902,6.0,4.0,WCMB,0.0,0.0,O,11.0,S,M,5.0,M,2.0,,,A,0.0,S,U,U,U,U,U,Y,35.0,<180,1,0.09270198522622344,1.5742264647794602,0.0,108.0,28.505595786701775,7228.53,0.1793970887832531,1,0,0,0,0,0,0,0,1,1,0,0,0.3672156,141.56955470061303,45,96.56955470061303,398.1643785795569,65,333.1643785795569,778.6325508533718,85,693.6325508533718
126.59,930.25,56.0825,5.6925,211.25,63.375,63.375,0.0,1.44,274.75,-8.09,6.0,0.0,0.0,0.0,17.33333333,0.0,179.0,0.0,61.33333333,0.0,157.6666667,0.0,0.666666667,1.333333333,0.713333333,20.0,0.0,331.7533333,0.0,208.0433333,30.0,75.32333333,22.0,60.86,119.0,0.0,269.0133333,0.0,93.33333333,0.0,270.7833333,0.0,6.0,179.0,157.6666667,0.0,2.0,23,1036129,1,1,Y,CA,N,3910,9343.0,1590.73,1532.92,9253.0,3860,69.68,420.59,175.45,839,277,129,756.0,265.0,106.0,U,CALIFORNIA NORTH AREA,Y,N,79.98999023,1.0,1.0,WCMB,0.0,0.0,,,,U,,,,,,,0.0,H,U,U,U,U,U,N,697.0,365-730,0,0.13593557046979865,1.1102351859151227,0.0015463087248322148,15.333333341,16.296588271361625,2911.57,0.3601135556700446,0,0,1,1,1,1,1,1,1,1,1,0,0.5822477,141.51692757225038,45,96.51692757225038,398.0163512516022,65,333.0163512516022,778.3431016473771,85,693.3431016473771
92.95,338.75,75.0,8.91,0.75,0.2925,0.0,0.2925,0.0,-268.75,-16.96,6.666666667,0.666666667,2.666666667,0.0,19.33333333,0.0,126.0,1.0,41.66666667,0.0,99.0,0.333333333,0.0,0.0,0.0,25.0,0.666666667,161.91,0.033333333,69.17666667,23.66666667,22.29333333,0.333333333,0.016666667,88.33333333,0.333333333,133.6233333,0.033333333,42.66666667,0.0,97.46333333,0.0,10.0,127.0,99.33333333,0.0,0.333333333,25,1019395,1,1,U,AA,N,5401,15688.0,2593.21,2532.78,15667.0,5390,110.12,681.17,234.35,428,156,99,419.0,143.0,91.0,C,CALIFORNIA NORTH AREA,Y,R,99.98999023,3.0,3.0,WCMB,0.0,0.0,O,3.0,M,M,2.0,M,9.0,,I,B,0.0,S,U,U,U,U,U,N,113.0,<180,1,0.2735835172921266,0.0038486842105263154,0.0,0.0,4.457236842105263,2323.75,0.9961660713700561,0,0,0,0,0,0,0,0,1,0,0,0,0.79287124,141.49897772312167,45,96.49897772312167,397.9658554553986,65,332.9658554553986,778.2443774771691,85,693.2443774771691
89.2375,71.0,104.99,0.2475,0.0,0.0,0.0,0.0,0.0,-31.0,-0.2475,4.333333333,0.0,1.333333333,0.0,14.33333333,0.0,56.0,0.333333333,5.333333333,0.0,36.33333333,0.333333333,0.0,0.0,0.0,3.333333333,0.333333333,51.23,0.26,2.32,12.0,6.816666667,0.0,0.0,24.33333333,0.333333333,40.69333333,0.26,15.0,0.0,12.85666667,0.0,5.666666667,56.33333333,36.66666667,0.0,0.0,12,1088008,4,2,Y,BA,N,1116,2849.0,1100.76,963.96,1953.0,795,96.4,195.3,79.5,81,42,89,125.0,51.0,89.0,U,NEW YORK CITY AREA,Y,N,79.98999023,1.0,1.0,WCMB,0.0,0.0,,,M,U,1.0,M,6.0,2.0,,,0.0,I,U,U,U,U,U,Y,343.0,180-365,0,1.2394097222222222,0.0,0.0,0.0,0.6698745164638173,1070.85,1.0,0,0,1,1,0,0,0,0,0,1,1,1,0.82507724,141.3654264473915,45,96.36542644739151,397.5902884781361,65,332.5902884781361,777.5098454606533,85,692.5098454606533
129.945,1110.5,58.045,2.97,164.0,65.5975,65.5,0.0975,0.0,184.5,35.995,20.66666667,0.333333333,5.333333333,0.0,99.0,0.0,508.0,0.333333333,194.3333333,0.0,385.6666667,0.0,22.0,39.0,23.94666667,155.0,1.0,474.2333333,0.0,136.21,242.0,243.5966667,40.0,70.81,315.3333333,0.0,423.0033333,0.0,200.0,0.0,187.44,0.0,26.33333333,508.3333333,385.6666667,0.0,0.666666667,21,1037980,2,2,U,BA,N,8238,16184.0,1705.86,1634.47,16163.0,8225,81.72,808.15,411.25,1049,551,118,1024.0,542.0,108.0,U,NEW YORK CITY AREA,N,R,79.98999023,3.0,3.0,WCMB,0.0,0.0,,4.0,M,S,3.0,M,1.0,,C,N,0.0,Z,U,U,U,U,U,Y,134.0,<180,1,0.11690958164642375,1.110974680328563,0.0,462.0,18.807689050724022,2728.845,0.041474889060203385,0,0,1,0,0,0,0,0,1,0,0,0,0.56655115,141.35134887599946,45,96.35134887599946,397.550676459074,65,332.550676459074,777.432418817997,85,692.432418817997
107.0425,939.0,59.99,0.2475,186.0,55.8,55.8,0.0,0.2925,-33.0,-14.6325,10.0,0.0,5.666666667,0.0,24.33333333,0.0,175.6666667,0.0,218.6666667,0.0,142.3333333,0.0,1.333333333,8.666666667,7.9,84.0,0.0,246.2733333,0.0,491.32,33.33333333,33.82666667,4.666666667,11.93333333,248.0,0.0,559.7766667,0.0,106.3333333,0.0,177.8166667,0.0,15.66666667,175.6666667,142.3333333,0.0,5.0,16,1061511,2,1,U,BA,N,2933,8594.0,1107.44,1057.45,8582.0,2930,70.5,572.13,195.33,950,340,112,793.0,268.0,96.0,T,NORTH FLORIDA AREA,Y,N,149.9899902,1.0,1.0,WCMB,0.0,0.0,,,,U,,,,,,,0.0,N,U,U,U,U,U,N,481.0,365-730,0,0.113875,0.9149040826364977,0.0003111702127659574,21.333333328,15.395966551893753,1712.68,0.30785927013406084,0,0,1,1,1,1,1,1,1,1,1,0,0.6876574,141.32845848584176,45,96.32845848584176,397.48629906177524,65,332.48629906177524,777.3065216721296,85,692.3065216721296
119.39,245.75,41.3325,7.92,0.5,0.195,0.0,0.195,0.0,-128.75,-145.15,4.666666667,0.0,1.0,0.0,39.66666667,0.0,177.0,0.666666667,42.33333333,0.0,132.6666667,0.666666667,8.333333333,15.33333333,11.05,30.0,0.666666667,152.2066667,0.36,40.23,24.33333333,17.71333333,8.666666667,7.9,78.0,0.666666667,92.94333333,0.36,90.0,0.0,99.49333333,0.0,5.666666667,177.6666667,133.3333333,0.0,0.0,13,1059336,2,1,U,DA,Y,1486,3701.0,896.62,863.37,3701.0,1486,78.49,336.45,135.09,289,153,168,222.0,104.0,97.0,C,NEW ENGLAND AREA,Y,N,149.9899902,4.0,3.0,WCMB,0.0,0.0,,,,U,,,,,,,0.0,N,U,U,U,U,U,N,26.0,<180,1,0.4838500506585613,0.004606389889564755,0.0,108.33333332900001,5.8052323864643,1552.07,0.10709000375626289,0,0,1,1,1,1,1,1,1,1,1,0,0.61651915,141.323945646286,45,96.323945646286,397.47359001398087,65,332.47359001398087,777.2817010545731,85,692.2817010545731
181.315,1284.0,87.99,1.7325,0.0,0.0,0.0,0.0,93.455,-482.0,-61.805,13.33333333,0.0,3.666666667,0.0,96.66666667,0.0,337.6666667,0.0,120.3333333,0.0,231.0,0.0,0.0,0.0,0.0,47.66666667,0.0,430.1833333,0.0,396.52,43.33333333,25.92333333,0.333333333,0.24,198.6666667,0.0,451.2433333,0.0,139.6666667,0.0,375.45,0.0,17.0,337.6666667,231.0,0.0,3.666666667,10,1071529,1,1,Y,AA,N,3681,9823.0,1593.07,1515.08,9823.0,3681,168.34,1091.44,409.0,1445,457,202,1198.0,424.0,180.0,C,SOUTHWEST AREA,Y,N,199.9899902,3.0,2.0,WCMB,1.0,0.0,O,4.0,M,U,4.0,M,3.0,3.0,C,C,0.0,H,U,U,U,U,U,Y,75.0,<180,1,0.1411011673151751,0.0,0.07272762645914396,0.0,14.428587481739521,1813.15,1.0,0,0,0,0,0,0,0,0,0,0,0,1,0.40593144,141.31479548311233,45,96.31479548311233,397.44786769986155,65,332.44786769986155,777.2313751571179,85,692.2313751571179
86.4675,895.0,49.99,2.2275,126.5,44.25,44.1875,0.0625,0.0,202.0,24.5225,10.33333333,0.0,2.0,0.0,37.0,0.0,167.6666667,0.666666667,46.33333333,0.0,119.3333333,0.666666667,2.666666667,9.0,7.443333333,29.33333333,1.0,586.6033333,0.046666667,142.06,10.66666667,15.36,0.333333333,0.366666667,69.33333333,0.333333333,203.8066667,0.023333333,79.33333333,0.333333333,524.8566667,0.023333333,12.33333333,168.3333333,120.0,0.0,0.333333333,11,1079483,1,1,U,BA,N,1611,9428.0,749.71,683.11,9378.0,1589,68.31,937.8,158.9,828,129,78,938.0,149.0,63.0,,NORTHWEST/ROCKY MOUNTAIN AREA,Y,N,149.9899902,1.0,1.0,WCMB,0.0,0.0,,,,U,,,,,,,0.0,N,U,U,U,U,U,N,319.0,180-365,0,0.09650390625000001,0.8678172190625613,0.0,29.333333337,17.55246126691508,951.1425,0.22053226455907254,1,0,1,1,1,1,1,1,1,1,1,0,0.849962,141.10865727710726,45,96.10865727710726,396.8681088995934,65,331.8681088995934,776.0976150240899,85,691.0976150240899
143.76,2057.25,69.99,2.7225,224.5,89.7975,89.7,0.0975,0.0,37.75,-60.38,20.0,0.0,16.66666667,0.0,119.3333333,0.0,460.0,0.0,79.33333333,0.0,309.0,0.0,26.33333333,62.66666667,48.00666667,25.33333333,0.666666667,1141.87,0.0,425.1966667,25.0,20.20333333,0.333333333,1.206666667,160.0,0.0,372.6633333,0.0,223.3333333,0.0,1194.41,0.0,36.66666667,460.0,309.0,0.0,2.666666667,22,1025488,1,1,U,EA,N,4050,19445.0,1871.28,1693.18,18142.0,3865,130.24,1395.54,297.31,2045,363,164,1746.0,331.0,139.0,S,NORTH FLORIDA AREA,Y,N,59.98999023,2.0,2.0,WCMB,0.0,0.0,,1.0,S,U,1.0,M,3.0,,B,A,0.0,U,U,U,U,U,U,N,333.0,180-365,1,0.06984574274262115,1.264931680518383,0.0,579.33333326,28.97943372305959,3162.72,0.03496715621147654,0,0,1,0,0,0,0,0,1,0,0,0,0.51117927,141.0952927093506,45,96.09529270935059,396.8305193138122,65,331.8305193138122,776.0241099014283,85,691.0241099014283
123.2,564.75,30.0,0.495,189.5,75.8,75.8,0.0,0.2925,122.25,33.6,4.0,0.0,2.0,0.0,74.0,0.0,142.0,0.0,46.66666667,0.0,63.66666667,0.0,0.0,0.0,0.0,22.66666667,0.0,147.05,0.0,139.69,11.33333333,10.73333333,1.333333333,1.01,51.66666667,0.0,85.98,0.0,52.33333333,0.0,200.76,0.0,6.0,142.0,63.66666667,0.0,1.333333333,35,1007202,1,1,Y,B,N,3192,8471.0,1932.27,1863.68,8273.0,3158,58.24,258.53,98.69,524,215,112,480.0,194.0,103.0,U,DC/MARYLAND/VIRGINIA AREA,Y,N,149.9899902,3.0,2.0,WCMB,0.0,0.0,,,M,S,1.0,M,3.0,1.0,C,,0.0,H,U,U,U,U,U,Y,490.0,365-730,1,0.21776403004860806,2.4451612903225803,0.0005170128148475475,0.0,18.217741935483872,4312.0,0.29026217228464424,0,0,1,1,0,0,0,0,0,0,1,1,0.5964028,141.07551193237305,45,96.07551193237305,396.77488098144534,65,331.77488098144534,775.9153156280519,85,690.9153156280519
79.2375,6.25,84.99,0.2475,0.0,0.0,0.0,0.0,0.0,-6.25,-0.2475,0.0,0.0,0.666666667,0.0,0.0,0.0,5.333333333,0.0,0.666666667,0.0,4.666666667,0.0,0.0,0.0,0.0,0.666666667,0.0,5.266666667,0.0,0.333333333,0.0,0.0,0.0,0.0,5.333333333,0.0,5.6,0.0,0.0,0.0,0.0,0.0,0.666666667,5.333333333,4.666666667,0.0,0.0,12,1087715,2,2,U,BA,N,3519,11444.0,1313.8,1152.58,10077.0,3095,115.26,1007.7,309.5,8,5,79,583.0,170.0,108.0,R,TENNESSEE AREA,Y,N,149.9899902,4.0,3.0,WCMB,0.0,0.0,O,5.0,S,M,4.0,M,6.0,2.0,,A,0.0,F,U,U,U,U,U,Y,173.0,<180,1,10.929310344827586,0.0,0.0,0.0,0.07268287010117457,950.8499999999999,1.0,0,0,0,0,0,0,0,0,0,1,0,1,0.92706305,141.03966083049775,45,96.03966083049775,396.67407442331313,65,331.67407442331313,775.7181345677377,85,690.7181345677377
87.2025,580.25,30.0,0.99,150.25,52.5875,52.5875,0.0,0.0,116.75,11.5975,12.0,0.0,2.0,0.0,41.0,0.0,208.0,0.0,51.0,0.0,156.0,0.0,0.0,0.0,0.0,28.0,0.0,242.07,0.0,82.59,18.0,19.28333333,0.333333333,0.083333333,132.6666667,0.0,244.26,0.0,71.33333333,0.0,80.4,0.0,14.0,208.0,156.0,0.0,3.333333333,18,1041652,1,1,Y,BA,N,2805,6081.0,921.5,855.05,6032.0,2781,53.44,377.0,173.81,541,258,83,453.0,222.0,66.0,S,SOUTH FLORIDA AREA,N,R,29.98999023,1.0,1.0,WC,0.0,0.0,O,5.0,S,U,4.0,M,6.0,2.0,C,A,0.0,H,U,U,U,U,U,Y,532.0,365-730,0,0.1500258064516129,1.6963709677419354,0.0,0.0,18.717741935483872,1569.645,0.3708688500074772,0,0,0,0,0,0,0,0,0,0,0,1,0.8421219,140.9954656777382,45,95.9954656777382,396.54976281166074,65,331.54976281166074,775.4750612275601,85,690.4750612275601
171.455,945.25,11.6225,0.0,409.5,163.8,163.8,0.0,0.0,-945.25,-171.455,31.33333333,0.0,7.0,0.0,62.0,0.0,238.0,0.0,136.0,0.0,140.3333333,0.0,4.333333333,10.33333333,7.83,93.33333333,0.333333333,222.6266667,0.0,224.4733333,0.333333333,0.01,0.0,0.0,109.3333333,0.0,238.0633333,0.0,103.0,0.0,209.0366667,0.0,38.33333333,238.0,140.3333333,0.0,1.0,8,1092085,1,1,U,BA,N,3330,12033.0,2389.63,2319.02,11937.0,3315,331.29,1705.29,473.57,1260,413,229,1588.0,472.0,299.0,,LOS ANGELES AREA,N,N,129.9899902,1.0,1.0,WCMB,0.0,0.0,O,5.0,,U,2.0,M,7.0,1.0,C,,0.0,H,U,U,U,U,U,Y,242.0,180-365,0,0.18119418758256275,12.976827094474153,0.0,34.666666664,74.88611606258665,1371.64,0.05461448598230266,1,0,0,0,1,0,0,0,0,0,1,0,0.4282284,140.97005782461167,45,95.97005782461167,396.47828252196314,65,331.47828252196314,775.3353180353643,85,690.3353180353643
175.8625,2094.5,89.975,8.415,172.0,68.795,67.6,1.195,0.0,347.5,49.9875,31.33333333,0.0,12.33333333,0.0,270.0,0.0,719.3333333,18.66666667,233.0,0.0,414.3333333,18.66666667,29.33333333,325.0,309.1133333,126.3333333,1.0,1288.55,23.85,678.08,120.6666667,171.5666667,44.0,129.2733333,304.0,4.666666667,987.8133333,4.51,262.6666667,14.0,978.8166667,19.34,43.66666667,738.0,433.0,0.0,0.0,29,1009439,2,2,U,EA,N,14823,39380.0,3885.01,3671.57,38509.0,14540,135.98,1426.26,538.52,1979,587,159,1695.0,648.0,135.0,C,NEW YORK CITY AREA,Y,R,79.98999023,7.0,5.0,WCMB,1.0,0.0,O,7.0,M,S,1.0,M,4.0,2.0,C,J,0.0,N,U,U,U,U,U,Y,9.0,<180,1,0.0839238845144357,0.7561967573509206,0.0,850.66666657,23.0228084638637,5100.012500000001,0.03216516934126514,0,0,0,0,0,0,0,0,0,0,0,0,0.41732466,140.91218955993654,45,95.91218955993654,396.3155331373215,65,331.3155331373215,775.017042579651,85,690.017042579651
105.365,236.75,34.9125,0.2475,0.0,0.0,0.0,0.0,0.0,686.25,-38.705,2.666666667,0.0,0.333333333,0.0,7.666666667,0.0,42.33333333,0.0,50.33333333,0.0,32.66666667,0.0,1.0,1.333333333,0.65,39.0,0.0,73.73666667,0.0,45.64,16.33333333,24.83333333,4.666666667,12.83666667,21.66666667,0.0,53.57333333,0.0,25.0,0.0,65.80333333,0.0,3.0,42.33333333,32.66666667,0.0,0.666666667,25,1023959,1,1,Y,AA,N,6213,18173.0,2329.23,2222.6,17633.0,6043,96.63,766.65,262.74,8,4,118,490.0,152.0,89.0,U,LOS ANGELES AREA,Y,N,149.9899902,1.0,1.0,WCMB,0.0,0.0,,,,U,,,,,,,0.0,N,U,U,U,U,U,N,735.0,730+,0,0.4431756046267087,0.0,0.0,25.0,6.592412112774103,2634.125,0.5,0,0,1,1,1,1,1,1,1,1,1,0,0.69631714,140.86551774406433,45,95.86551774406433,396.1842812156677,65,331.1842812156677,774.7603475923538,85,689.7603475923538
157.4825,3083.5,84.99,0.7425,327.0,81.75,81.75,0.0,0.0,-1072.5,-82.4925,17.0,0.0,22.66666667,0.0,101.0,0.0,768.3333333,0.0,147.0,0.0,631.0,0.0,12.66666667,27.33333333,21.02666667,60.66666667,0.0,1490.946667,0.0,523.35,198.0,106.7933333,32.0,72.79,390.0,0.0,625.9566667,0.0,384.6666667,0.0,1388.35,0.0,39.66666667,768.3333333,631.0,0.0,22.33333333,16,1054945,1,1,U,AA,N,10065,32180.0,2099.86,1917.79,32145.0,10055,136.99,2296.07,718.21,3441,974,185,2797.0,810.0,137.0,T,NORTH FLORIDA AREA,Y,N,149.9899902,4.0,3.0,WCMB,1.0,0.0,O,3.0,S,U,2.0,M,2.0,3.0,C,A,0.0,S,U,U,U,U,U,Y,8.0,<180,1,0.051056086886043114,0.9506919409233633,0.0,202.66666672,35.858820793115484,2519.72,0.06841181273699565,0,0,0,0,0,0,0,0,0,0,0,0,0.46577936,140.83604153490066,45,95.83604153490066,396.1013574302196,65,331.1013574302196,774.5982284419537,85,689.5982284419537
